0,-1.24E-06
7.81E-05,-4.79E-06
0.00015625,-8.34E-06
0.00023437,-1.19E-05
0.0003125,-1.54E-05
0.00039063,-1.89E-05
0.00046875,-2.24E-05
0.00054688,-2.60E-05
0.000625,-2.94E-05
0.00070312,-3.29E-05
0.00078125,-3.64E-05
0.00085938,-3.99E-05
0.0009375,-4.33E-05
0.0010156,-4.67E-05
0.0010938,-5.01E-05
0.0011719,-5.35E-05
0.00125,-5.69E-05
0.0013281,-6.02E-05
0.0014062,-6.35E-05
0.0014844,-6.68E-05
0.0015625,-7.01E-05
0.0016406,-7.33E-05
0.0017188,-7.66E-05
0.0017969,-7.97E-05
0.001875,-8.29E-05
0.0019531,-8.61E-05
0.0020313,-8.92E-05
0.0021094,-9.22E-05
0.0021875,-9.53E-05
0.0022656,-9.83E-05
0.0023437,-0.00010127
0.0024219,-0.00010423
0.0025,-0.00010714
0.0025781,-0.00011002
0.0026563,-0.00011287
0.0027344,-0.00011567
0.0028125,-0.00011846
0.0028906,-0.00012117
0.0029688,-0.00012386
0.0030469,-0.00012652
0.003125,-0.00012914
0.0032031,-0.00013171
0.0032812,-0.00013425
0.0033594,-0.00013674
0.0034375,-0.0001392
0.0035156,-0.00014162
0.0035938,-0.00014399
0.0036719,-0.00014632
0.00375,-0.00014862
0.0038281,-0.00015086
0.0039062,-0.00015307
0.0039844,-0.00015523
0.0040625,-0.00015734
0.0041406,-0.00015942
0.0042188,-0.00016146
0.0042969,-0.00016344
0.004375,-0.00016538
0.0044531,-0.00016728
0.0045312,-0.00016913
0.0046094,-0.00017095
0.0046875,-0.00017272
0.0047656,-0.00017447
0.0048437,-0.00017613
0.0049219,-0.00017777
0.005,-0.00017937
0.0050781,-0.00018093
0.0051563,-0.00018243
0.0052344,-0.00018389
0.0053125,-0.0001853
0.0053906,-0.00018669
0.0054687,-0.00018802
0.0055469,-0.00018931
0.005625,-0.00019054
0.0057031,-0.00019176
0.0057812,-0.00019291
0.0058594,-0.00019404
0.0059375,-0.00019511
0.0060156,-0.00019614
0.0060938,-0.00019713
0.0061719,-0.00019809
0.00625,-0.00019898
0.0063281,-0.00019985
0.0064062,-0.00020067
0.0064844,-0.00020146
0.0065625,-0.0002022
0.0066406,-0.0002029
0.0067187,-0.00020358
0.0067969,-0.00020418
0.006875,-0.00020474
0.0069531,-0.00020528
0.0070313,-0.00020578
0.0071094,-0.00020622
0.0071875,-0.00020664
0.0072656,-0.000207
0.0073437,-0.00020733
0.0074219,-0.00020763
0.0075,-0.00020788
0.0075781,-0.00020808
0.0076562,-0.00020826
0.0077344,-0.00020839
0.0078125,-0.00020849
0.0078906,-0.00020854
0.0079688,-0.00020854
0.0080469,-0.00020852
0.008125,-0.00020846
0.0082031,-0.00020833
0.0082813,-0.00020819
0.0083594,-0.00020799
0.0084375,-0.00020776
0.0085156,-0.00020749
0.0085938,-0.00020718
0.0086719,-0.00020685
0.00875,-0.00020644
0.0088281,-0.00020601
0.0089062,-0.00020554
0.0089844,-0.00020504
0.0090625,-0.00020448
0.0091406,-0.00020389
0.0092187,-0.00020325
0.0092969,-0.00020259
0.009375,-0.00020188
0.0094531,-0.00020113
0.0095312,-0.00020033
0.0096094,-0.00019951
0.0096875,-0.00019863
0.0097656,-0.00019773
0.0098438,-0.00019678
0.0099219,-0.00019578
0.01,-0.00019476
0.010078,-0.00019371
0.010156,-0.00019258
0.010234,-0.00019143
0.010313,-0.00019024
0.010391,-0.00018902
0.010469,-0.00018776
0.010547,-0.00018645
0.010625,-0.00018512
0.010703,-0.00018373
0.010781,-0.00018231
0.010859,-0.00018086
0.010937,-0.00017937
0.011016,-0.00017783
0.011094,-0.00017626
0.011172,-0.00017464
0.01125,-0.00017301
0.011328,-0.00017133
0.011406,-0.00016962
0.011484,-0.00016786
0.011562,-0.00016609
0.011641,-0.00016427
0.011719,-0.00016242
0.011797,-0.00016053
0.011875,-0.00015861
0.011953,-0.00015666
0.012031,-0.00015469
0.012109,-0.00015265
0.012188,-0.0001506
0.012266,-0.00014852
0.012344,-0.00014641
0.012422,-0.00014427
0.0125,-0.0001421
0.012578,-0.00013991
0.012656,-0.00013768
0.012734,-0.00013542
0.012812,-0.00013314
0.012891,-0.00013084
0.012969,-0.0001285
0.013047,-0.00012615
0.013125,-0.00012376
0.013203,-0.00012136
0.013281,-0.00011894
0.013359,-0.00011649
0.013437,-0.00011401
0.013516,-0.00011153
0.013594,-0.00010902
0.013672,-0.00010649
0.01375,-0.00010394
0.013828,-0.00010137
0.013906,-9.88E-05
0.013984,-9.62E-05
0.014063,-9.36E-05
0.014141,-9.10E-05
0.014219,-8.83E-05
0.014297,-8.57E-05
0.014375,-8.30E-05
0.014453,-8.03E-05
0.014531,-7.76E-05
0.014609,-7.49E-05
0.014687,-7.22E-05
0.014766,-6.95E-05
0.014844,-6.68E-05
0.014922,-6.40E-05
0.015,-6.13E-05
0.015078,-5.85E-05
0.015156,-5.58E-05
0.015234,-5.30E-05
0.015312,-5.03E-05
0.015391,-4.75E-05
0.015469,-4.47E-05
0.015547,-4.20E-05
0.015625,-3.92E-05
0.015703,-3.64E-05
0.015781,-3.36E-05
0.015859,-3.09E-05
0.015938,-2.81E-05
0.016016,-2.53E-05
0.016094,-2.26E-05
0.016172,-1.98E-05
0.01625,-1.71E-05
0.016328,-1.43E-05
0.016406,-1.16E-05
0.016484,-8.81E-06
0.016563,-6.08E-06
0.016641,-3.35E-06
0.016719,-6.25E-07
0.016797,2.09E-06
0.016875,4.80E-06
0.016953,7.50E-06
0.017031,1.02E-05
0.017109,1.29E-05
0.017188,1.55E-05
0.017266,1.82E-05
0.017344,2.09E-05
0.017422,2.35E-05
0.0175,2.61E-05
0.017578,2.87E-05
0.017656,3.13E-05
0.017734,3.39E-05
0.017812,3.65E-05
0.017891,3.91E-05
0.017969,4.16E-05
0.018047,4.42E-05
0.018125,4.67E-05
0.018203,4.92E-05
0.018281,5.17E-05
0.018359,5.42E-05
0.018437,5.66E-05
0.018516,5.91E-05
0.018594,6.15E-05
0.018672,6.39E-05
0.01875,6.63E-05
0.018828,6.86E-05
0.018906,7.10E-05
0.018984,7.33E-05
0.019062,7.57E-05
0.019141,7.80E-05
0.019219,8.02E-05
0.019297,8.25E-05
0.019375,8.47E-05
0.019453,8.69E-05
0.019531,8.91E-05
0.019609,9.13E-05
0.019688,9.35E-05
0.019766,9.56E-05
0.019844,9.77E-05
0.019922,9.98E-05
0.02,0.00010185
0.020078,0.00010389
0.020156,0.0001059
0.020234,0.0001079
0.020313,0.00010986
0.020391,0.00011182
0.020469,0.00011372
0.020547,0.00011561
0.020625,0.00011747
0.020703,0.00011931
0.020781,0.00012112
0.020859,0.0001229
0.020938,0.00012465
0.021016,0.00012638
0.021094,0.00012809
0.021172,0.00012976
0.02125,0.00013139
0.021328,0.00013302
0.021406,0.0001346
0.021484,0.00013616
0.021562,0.00013768
0.021641,0.00013917
0.021719,0.00014064
0.021797,0.00014207
0.021875,0.00014346
0.021953,0.00014484
0.022031,0.00014617
0.022109,0.00014747
0.022187,0.00014874
0.022266,0.00014998
0.022344,0.0001512
0.022422,0.00015235
0.0225,0.00015348
0.022578,0.00015459
0.022656,0.00015566
0.022734,0.00015668
0.022812,0.00015768
0.022891,0.00015864
0.022969,0.00015957
0.023047,0.00016046
0.023125,0.00016131
0.023203,0.00016213
0.023281,0.00016292
0.023359,0.00016366
0.023438,0.00016438
0.023516,0.00016505
0.023594,0.00016568
0.023672,0.00016628
0.02375,0.00016685
0.023828,0.00016736
0.023906,0.00016785
0.023984,0.0001683
0.024063,0.00016871
0.024141,0.00016909
0.024219,0.00016943
0.024297,0.00016975
0.024375,0.00017
0.024453,0.00017022
0.024531,0.00017041
0.024609,0.00017056
0.024688,0.00017067
0.024766,0.00017075
0.024844,0.00017077
0.024922,0.00017078
0.025,0.00017075
0.025078,0.00017067
0.025156,0.00017055
0.025234,0.00017041
0.025313,0.00017022
0.025391,0.00017
0.025469,0.00016974
0.025547,0.00016944
0.025625,0.00016911
0.025703,0.00016876
0.025781,0.00016833
0.025859,0.0001679
0.025937,0.00016741
0.026016,0.0001669
0.026094,0.00016636
0.026172,0.00016578
0.02625,0.00016518
0.026328,0.00016452
0.026406,0.00016383
0.026484,0.00016311
0.026562,0.00016236
0.026641,0.00016157
0.026719,0.00016076
0.026797,0.0001599
0.026875,0.00015902
0.026953,0.00015811
0.027031,0.00015716
0.027109,0.00015618
0.027187,0.00015518
0.027266,0.00015414
0.027344,0.00015307
0.027422,0.00015197
0.0275,0.00015084
0.027578,0.00014969
0.027656,0.00014851
0.027734,0.00014728
0.027813,0.00014604
0.027891,0.00014477
0.027969,0.00014347
0.028047,0.00014215
0.028125,0.0001408
0.028203,0.00013943
0.028281,0.00013802
0.028359,0.00013659
0.028438,0.00013514
0.028516,0.00013367
0.028594,0.00013216
0.028672,0.00013064
0.02875,0.00012908
0.028828,0.00012752
0.028906,0.00012593
0.028984,0.00012431
0.029063,0.00012267
0.029141,0.00012101
0.029219,0.00011933
0.029297,0.00011764
0.029375,0.00011592
0.029453,0.00011417
0.029531,0.00011242
0.029609,0.00011065
0.029687,0.00010884
0.029766,0.00010703
0.029844,0.0001052
0.029922,0.00010335
0.03,0.00010149
0.030078,9.96E-05
0.030156,9.77E-05
0.030234,9.58E-05
0.030312,9.39E-05
0.030391,9.19E-05
0.030469,9.00E-05
0.030547,8.80E-05
0.030625,8.60E-05
0.030703,8.40E-05
0.030781,8.20E-05
0.030859,8.00E-05
0.030937,7.79E-05
0.031016,7.59E-05
0.031094,7.38E-05
0.031172,7.18E-05
0.03125,6.97E-05
0.031328,6.76E-05
0.031406,6.55E-05
0.031484,6.34E-05
0.031563,6.13E-05
0.031641,5.92E-05
0.031719,5.70E-05
0.031797,5.49E-05
0.031875,5.28E-05
0.031953,5.06E-05
0.032031,4.85E-05
0.032109,4.63E-05
0.032188,4.41E-05
0.032266,4.20E-05
0.032344,3.98E-05
0.032422,3.76E-05
0.0325,3.54E-05
0.032578,3.32E-05
0.032656,3.11E-05
0.032734,2.89E-05
0.032813,2.67E-05
0.032891,2.45E-05
0.032969,2.23E-05
0.033047,2.01E-05
0.033125,1.79E-05
0.033203,1.57E-05
0.033281,1.35E-05
0.033359,1.13E-05
0.033438,9.16E-06
0.033516,6.99E-06
0.033594,4.80E-06
0.033672,2.62E-06
0.03375,4.47E-07
0.033828,-1.72E-06
0.033906,-3.88E-06
0.033984,-6.04E-06
0.034063,-8.20E-06
0.034141,-1.03E-05
0.034219,-1.25E-05
0.034297,-1.46E-05
0.034375,-1.67E-05
0.034453,-1.89E-05
0.034531,-2.10E-05
0.034609,-2.31E-05
0.034688,-2.52E-05
0.034766,-2.72E-05
0.034844,-2.93E-05
0.034922,-3.14E-05
0.035,-3.34E-05
0.035078,-3.55E-05
0.035156,-3.75E-05
0.035234,-3.95E-05
0.035312,-4.15E-05
0.035391,-4.35E-05
0.035469,-4.55E-05
0.035547,-4.74E-05
0.035625,-4.94E-05
0.035703,-5.13E-05
0.035781,-5.32E-05
0.035859,-5.51E-05
0.035937,-5.70E-05
0.036016,-5.89E-05
0.036094,-6.07E-05
0.036172,-6.26E-05
0.03625,-6.44E-05
0.036328,-6.62E-05
0.036406,-6.79E-05
0.036484,-6.97E-05
0.036562,-7.14E-05
0.036641,-7.31E-05
0.036719,-7.48E-05
0.036797,-7.65E-05
0.036875,-7.82E-05
0.036953,-7.98E-05
0.037031,-8.14E-05
0.037109,-8.30E-05
0.037187,-8.46E-05
0.037266,-8.61E-05
0.037344,-8.76E-05
0.037422,-8.91E-05
0.0375,-9.06E-05
0.037578,-9.21E-05
0.037656,-9.35E-05
0.037734,-9.49E-05
0.037812,-9.63E-05
0.037891,-9.76E-05
0.037969,-9.90E-05
0.038047,-0.00010025
0.038125,-0.00010152
0.038203,-0.00010277
0.038281,-0.00010399
0.038359,-0.00010518
0.038437,-0.00010635
0.038516,-0.00010748
0.038594,-0.0001086
0.038672,-0.00010968
0.03875,-0.00011074
0.038828,-0.00011177
0.038906,-0.00011277
0.038984,-0.00011375
0.039062,-0.0001147
0.039141,-0.00011561
0.039219,-0.0001165
0.039297,-0.00011736
0.039375,-0.0001182
0.039453,-0.00011899
0.039531,-0.00011977
0.039609,-0.00012051
0.039688,-0.00012122
0.039766,-0.00012191
0.039844,-0.00012257
0.039922,-0.00012321
0.04,-0.0001238
0.040078,-0.00012436
0.040156,-0.00012491
0.040234,-0.00012542
0.040313,-0.00012589
0.040391,-0.00012635
0.040469,-0.00012676
0.040547,-0.00012716
0.040625,-0.00012752
0.040703,-0.00012785
0.040781,-0.00012815
0.040859,-0.00012844
0.040938,-0.00012868
0.041016,-0.0001289
0.041094,-0.00012909
0.041172,-0.00012924
0.04125,-0.00012937
0.041328,-0.00012947
0.041406,-0.00012953
0.041484,-0.00012957
0.041563,-0.00012958
0.041641,-0.00012956
0.041719,-0.00012952
0.041797,-0.00012944
0.041875,-0.00012934
0.041953,-0.0001292
0.042031,-0.00012904
0.042109,-0.00012885
0.042188,-0.00012863
0.042266,-0.00012838
0.042344,-0.0001281
0.042422,-0.00012779
0.0425,-0.00012746
0.042578,-0.00012711
0.042656,-0.00012671
0.042734,-0.00012629
0.042813,-0.00012586
0.042891,-0.00012538
0.042969,-0.00012489
0.043047,-0.00012437
0.043125,-0.00012381
0.043203,-0.00012323
0.043281,-0.00012264
0.043359,-0.00012199
0.043437,-0.00012133
0.043516,-0.00012064
0.043594,-0.00011993
0.043672,-0.0001192
0.04375,-0.00011844
0.043828,-0.00011766
0.043906,-0.00011684
0.043984,-0.00011599
0.044062,-0.00011513
0.044141,-0.00011425
0.044219,-0.00011333
0.044297,-0.00011239
0.044375,-0.00011143
0.044453,-0.00011044
0.044531,-0.00010944
0.044609,-0.0001084
0.044687,-0.00010734
0.044766,-0.00010627
0.044844,-0.00010517
0.044922,-0.00010405
0.045,-0.0001029
0.045078,-0.00010173
0.045156,-0.00010054
0.045234,-9.93E-05
0.045312,-9.81E-05
0.045391,-9.68E-05
0.045469,-9.56E-05
0.045547,-9.43E-05
0.045625,-9.30E-05
0.045703,-9.16E-05
0.045781,-9.03E-05
0.045859,-8.89E-05
0.045937,-8.75E-05
0.046016,-8.61E-05
0.046094,-8.47E-05
0.046172,-8.32E-05
0.04625,-8.17E-05
0.046328,-8.02E-05
0.046406,-7.87E-05
0.046484,-7.72E-05
0.046562,-7.57E-05
0.046641,-7.41E-05
0.046719,-7.26E-05
0.046797,-7.10E-05
0.046875,-6.94E-05
0.046953,-6.78E-05
0.047031,-6.62E-05
0.047109,-6.45E-05
0.047188,-6.29E-05
0.047266,-6.12E-05
0.047344,-5.95E-05
0.047422,-5.78E-05
0.0475,-5.61E-05
0.047578,-5.44E-05
0.047656,-5.27E-05
0.047734,-5.09E-05
0.047813,-4.92E-05
0.047891,-4.74E-05
0.047969,-4.57E-05
0.048047,-4.39E-05
0.048125,-4.21E-05
0.048203,-4.03E-05
0.048281,-3.85E-05
0.048359,-3.67E-05
0.048438,-3.49E-05
0.048516,-3.30E-05
0.048594,-3.12E-05
0.048672,-2.94E-05
0.04875,-2.75E-05
0.048828,-2.57E-05
0.048906,-2.38E-05
0.048984,-2.19E-05
0.049063,-2.01E-05
0.049141,-1.82E-05
0.049219,-1.63E-05
0.049297,-1.44E-05
0.049375,-1.26E-05
0.049453,-1.07E-05
0.049531,-8.81E-06
0.049609,-6.93E-06
0.049688,-5.04E-06
0.049766,-3.16E-06
0.049844,-1.27E-06
0.049922,6.11E-07
0.05,2.49E-06
0.050078,4.38E-06
0.050156,6.26E-06
0.050234,8.14E-06
0.050313,1.00E-05
0.050391,1.19E-05
0.050469,1.38E-05
0.050547,1.56E-05
0.050625,1.75E-05
0.050703,1.93E-05
0.050781,2.12E-05
0.050859,2.30E-05
0.050937,2.49E-05
0.051016,2.67E-05
0.051094,2.85E-05
0.051172,3.04E-05
0.05125,3.22E-05
0.051328,3.40E-05
0.051406,3.58E-05
0.051484,3.76E-05
0.051562,3.94E-05
0.051641,4.12E-05
0.051719,4.29E-05
0.051797,4.47E-05
0.051875,4.64E-05
0.051953,4.81E-05
0.052031,4.99E-05
0.052109,5.16E-05
0.052187,5.33E-05
0.052266,5.50E-05
0.052344,5.67E-05
0.052422,5.83E-05
0.0525,6.00E-05
0.052578,6.16E-05
0.052656,6.32E-05
0.052734,6.49E-05
0.052812,6.65E-05
0.052891,6.80E-05
0.052969,6.96E-05
0.053047,7.12E-05
0.053125,7.27E-05
0.053203,7.42E-05
0.053281,7.58E-05
0.053359,7.72E-05
0.053437,7.87E-05
0.053516,8.02E-05
0.053594,8.16E-05
0.053672,8.31E-05
0.05375,8.45E-05
0.053828,8.59E-05
0.053906,8.72E-05
0.053984,8.86E-05
0.054062,8.99E-05
0.054141,9.13E-05
0.054219,9.26E-05
0.054297,9.39E-05
0.054375,9.51E-05
0.054453,9.64E-05
0.054531,9.76E-05
0.054609,9.88E-05
0.054688,1.00E-04
0.054766,0.00010116
0.054844,0.0001023
0.054922,0.00010343
0.055,0.00010455
0.055078,0.00010562
0.055156,0.00010669
0.055234,0.00010773
0.055313,0.00010876
0.055391,0.00010976
0.055469,0.00011074
0.055547,0.00011171
0.055625,0.00011264
0.055703,0.00011355
0.055781,0.00011444
0.055859,0.00011531
0.055938,0.00011616
0.056016,0.00011698
0.056094,0.00011778
0.056172,0.00011856
0.05625,0.00011932
0.056328,0.00012005
0.056406,0.00012076
0.056484,0.00012145
0.056563,0.00012211
0.056641,0.00012276
0.056719,0.00012337
0.056797,0.00012396
0.056875,0.00012453
0.056953,0.00012508
0.057031,0.0001256
0.057109,0.0001261
0.057188,0.00012657
0.057266,0.00012701
0.057344,0.00012744
0.057422,0.00012784
0.0575,0.00012823
0.057578,0.00012858
0.057656,0.0001289
0.057734,0.00012921
0.057813,0.00012949
0.057891,0.00012974
0.057969,0.00012997
0.058047,0.00013017
0.058125,0.00013036
0.058203,0.00013052
0.058281,0.00013065
0.058359,0.00013076
0.058438,0.00013085
0.058516,0.00013091
0.058594,0.00013095
0.058672,0.00013096
0.05875,0.00013095
0.058828,0.00013091
0.058906,0.00013086
0.058984,0.00013077
0.059062,0.00013066
0.059141,0.00013052
0.059219,0.00013037
0.059297,0.00013019
0.059375,0.00012999
0.059453,0.00012977
0.059531,0.00012952
0.059609,0.00012924
0.059687,0.00012895
0.059766,0.00012863
0.059844,0.00012828
0.059922,0.00012792
0.06,0.00012753
0.060078,0.00012712
0.060156,0.00012669
0.060234,0.00012623
0.060312,0.00012575
0.060391,0.00012526
0.060469,0.00012474
0.060547,0.0001242
0.060625,0.00012364
0.060703,0.00012305
0.060781,0.00012244
0.060859,0.00012182
0.060937,0.00012116
0.061016,0.0001205
0.061094,0.0001198
0.061172,0.00011909
0.06125,0.00011837
0.061328,0.00011761
0.061406,0.00011685
0.061484,0.00011606
0.061562,0.00011525
0.061641,0.00011442
0.061719,0.00011358
0.061797,0.00011271
0.061875,0.00011183
0.061953,0.00011092
0.062031,0.00011001
0.062109,0.00010907
0.062187,0.00010812
0.062266,0.00010714
0.062344,0.00010616
0.062422,0.00010516
0.0625,0.00010414
0.062578,0.0001031
0.062656,0.00010205
0.062734,0.00010098
0.062812,9.99E-05
0.062891,9.88E-05
0.062969,9.77E-05
0.063047,9.66E-05
0.063125,9.54E-05
0.063203,9.43E-05
0.063281,9.31E-05
0.063359,9.19E-05
0.063437,9.07E-05
0.063516,8.95E-05
0.063594,8.83E-05
0.063672,8.71E-05
0.06375,8.58E-05
0.063828,8.46E-05
0.063906,8.33E-05
0.063984,8.20E-05
0.064062,8.07E-05
0.064141,7.94E-05
0.064219,7.81E-05
0.064297,7.68E-05
0.064375,7.55E-05
0.064453,7.41E-05
0.064531,7.28E-05
0.064609,7.14E-05
0.064687,7.01E-05
0.064766,6.87E-05
0.064844,6.73E-05
0.064922,6.59E-05
0.065,6.45E-05
0.065078,6.31E-05
0.065156,6.17E-05
0.065234,6.03E-05
0.065312,5.89E-05
0.065391,5.75E-05
0.065469,5.61E-05
0.065547,5.46E-05
0.065625,5.32E-05
0.065703,5.18E-05
0.065781,5.03E-05
0.065859,4.89E-05
0.065937,4.74E-05
0.066016,4.60E-05
0.066094,4.45E-05
0.066172,4.31E-05
0.06625,4.16E-05
0.066328,4.01E-05
0.066406,3.87E-05
0.066484,3.72E-05
0.066562,3.57E-05
0.066641,3.43E-05
0.066719,3.28E-05
0.066797,3.14E-05
0.066875,2.99E-05
0.066953,2.84E-05
0.067031,2.70E-05
0.067109,2.55E-05
0.067187,2.40E-05
0.067266,2.26E-05
0.067344,2.11E-05
0.067422,1.97E-05
0.0675,1.82E-05
0.067578,1.68E-05
0.067656,1.53E-05
0.067734,1.39E-05
0.067812,1.25E-05
0.067891,1.10E-05
0.067969,9.62E-06
0.068047,8.19E-06
0.068125,6.78E-06
0.068203,5.37E-06
0.068281,3.97E-06
0.068359,2.57E-06
0.068437,1.18E-06
0.068516,-2.10E-07
0.068594,-1.59E-06
0.068672,-2.95E-06
0.06875,-4.32E-06
0.068828,-5.68E-06
0.068906,-7.02E-06
0.068984,-8.36E-06
0.069062,-9.70E-06
0.069141,-1.10E-05
0.069219,-1.23E-05
0.069297,-1.36E-05
0.069375,-1.49E-05
0.069453,-1.62E-05
0.069531,-1.75E-05
0.069609,-1.88E-05
0.069687,-2.00E-05
0.069766,-2.13E-05
0.069844,-2.25E-05
0.069922,-2.37E-05
0.07,-2.49E-05
0.070078,-2.61E-05
0.070156,-2.73E-05
0.070234,-2.85E-05
0.070312,-2.96E-05
0.070391,-3.08E-05
0.070469,-3.19E-05
0.070547,-3.30E-05
0.070625,-3.41E-05
0.070703,-3.52E-05
0.070781,-3.63E-05
0.070859,-3.74E-05
0.070938,-3.85E-05
0.071016,-3.95E-05
0.071094,-4.05E-05
0.071172,-4.15E-05
0.07125,-4.25E-05
0.071328,-4.35E-05
0.071406,-4.45E-05
0.071484,-4.54E-05
0.071563,-4.64E-05
0.071641,-4.73E-05
0.071719,-4.82E-05
0.071797,-4.91E-05
0.071875,-5.00E-05
0.071953,-5.08E-05
0.072031,-5.17E-05
0.072109,-5.25E-05
0.072188,-5.33E-05
0.072266,-5.41E-05
0.072344,-5.49E-05
0.072422,-5.56E-05
0.0725,-5.64E-05
0.072578,-5.71E-05
0.072656,-5.78E-05
0.072734,-5.85E-05
0.072813,-5.92E-05
0.072891,-5.98E-05
0.072969,-6.04E-05
0.073047,-6.11E-05
0.073125,-6.17E-05
0.073203,-6.22E-05
0.073281,-6.28E-05
0.073359,-6.34E-05
0.073438,-6.39E-05
0.073516,-6.44E-05
0.073594,-6.49E-05
0.073672,-6.54E-05
0.07375,-6.58E-05
0.073828,-6.62E-05
0.073906,-6.67E-05
0.073984,-6.71E-05
0.074063,-6.74E-05
0.074141,-6.78E-05
0.074219,-6.81E-05
0.074297,-6.85E-05
0.074375,-6.88E-05
0.074453,-6.90E-05
0.074531,-6.93E-05
0.074609,-6.96E-05
0.074688,-6.98E-05
0.074766,-7.00E-05
0.074844,-7.02E-05
0.074922,-7.04E-05
0.075,-7.05E-05
0.075078,-7.07E-05
0.075156,-7.08E-05
0.075234,-7.09E-05
0.075313,-7.09E-05
0.075391,-7.10E-05
0.075469,-7.10E-05
0.075547,-7.11E-05
0.075625,-7.11E-05
0.075703,-7.10E-05
0.075781,-7.10E-05
0.075859,-7.10E-05
0.075938,-7.09E-05
0.076016,-7.08E-05
0.076094,-7.07E-05
0.076172,-7.06E-05
0.07625,-7.04E-05
0.076328,-7.03E-05
0.076406,-7.01E-05
0.076484,-6.99E-05
0.076563,-6.97E-05
0.076641,-6.94E-05
0.076719,-6.92E-05
0.076797,-6.89E-05
0.076875,-6.86E-05
0.076953,-6.83E-05
0.077031,-6.80E-05
0.077109,-6.77E-05
0.077188,-6.73E-05
0.077266,-6.70E-05
0.077344,-6.66E-05
0.077422,-6.62E-05
0.0775,-6.57E-05
0.077578,-6.53E-05
0.077656,-6.49E-05
0.077734,-6.44E-05
0.077813,-6.39E-05
0.077891,-6.34E-05
0.077969,-6.29E-05
0.078047,-6.24E-05
0.078125,-6.18E-05
0.078203,-6.12E-05
0.078281,-6.07E-05
0.078359,-6.01E-05
0.078437,-5.95E-05
0.078516,-5.88E-05
0.078594,-5.82E-05
0.078672,-5.76E-05
0.07875,-5.69E-05
0.078828,-5.62E-05
0.078906,-5.55E-05
0.078984,-5.48E-05
0.079062,-5.41E-05
0.079141,-5.34E-05
0.079219,-5.26E-05
0.079297,-5.19E-05
0.079375,-5.11E-05
0.079453,-5.03E-05
0.079531,-4.95E-05
0.079609,-4.87E-05
0.079687,-4.79E-05
0.079766,-4.71E-05
0.079844,-4.62E-05
0.079922,-4.54E-05
0.08,-4.45E-05
0.080078,-4.36E-05
0.080156,-4.27E-05
0.080234,-4.19E-05
0.080312,-4.09E-05
0.080391,-4.00E-05
0.080469,-3.91E-05
0.080547,-3.82E-05
0.080625,-3.72E-05
0.080703,-3.63E-05
0.080781,-3.53E-05
0.080859,-3.43E-05
0.080937,-3.33E-05
0.081016,-3.24E-05
0.081094,-3.14E-05
0.081172,-3.04E-05
0.08125,-2.93E-05
0.081328,-2.83E-05
0.081406,-2.73E-05
0.081484,-2.63E-05
0.081562,-2.52E-05
0.081641,-2.42E-05
0.081719,-2.31E-05
0.081797,-2.21E-05
0.081875,-2.10E-05
0.081953,-1.99E-05
0.082031,-1.89E-05
0.082109,-1.78E-05
0.082187,-1.67E-05
0.082266,-1.56E-05
0.082344,-1.45E-05
0.082422,-1.34E-05
0.0825,-1.23E-05
0.082578,-1.12E-05
0.082656,-1.01E-05
0.082734,-8.98E-06
0.082812,-7.87E-06
0.082891,-6.75E-06
0.082969,-5.63E-06
0.083047,-4.51E-06
0.083125,-3.39E-06
0.083203,-2.27E-06
0.083281,-1.15E-06
0.083359,-1.87E-08
0.083437,1.11E-06
0.083516,2.24E-06
0.083594,3.36E-06
0.083672,4.49E-06
0.08375,5.62E-06
0.083828,6.74E-06
0.083906,7.87E-06
0.083984,8.99E-06
0.084062,1.01E-05
0.084141,1.12E-05
0.084219,1.24E-05
0.084297,1.35E-05
0.084375,1.46E-05
0.084453,1.57E-05
0.084531,1.68E-05
0.084609,1.79E-05
0.084687,1.90E-05
0.084766,2.01E-05
0.084844,2.12E-05
0.084922,2.23E-05
0.085,2.34E-05
0.085078,2.45E-05
0.085156,2.56E-05
0.085234,2.67E-05
0.085312,2.77E-05
0.085391,2.88E-05
0.085469,2.98E-05
0.085547,3.09E-05
0.085625,3.20E-05
0.085703,3.30E-05
0.085781,3.40E-05
0.085859,3.51E-05
0.085938,3.61E-05
0.086016,3.71E-05
0.086094,3.81E-05
0.086172,3.91E-05
0.08625,4.01E-05
0.086328,4.11E-05
0.086406,4.21E-05
0.086484,4.30E-05
0.086563,4.40E-05
0.086641,4.49E-05
0.086719,4.59E-05
0.086797,4.68E-05
0.086875,4.77E-05
0.086953,4.87E-05
0.087031,4.96E-05
0.087109,5.05E-05
0.087188,5.14E-05
0.087266,5.22E-05
0.087344,5.31E-05
0.087422,5.40E-05
0.0875,5.48E-05
0.087578,5.56E-05
0.087656,5.65E-05
0.087734,5.73E-05
0.087813,5.81E-05
0.087891,5.89E-05
0.087969,5.96E-05
0.088047,6.04E-05
0.088125,6.12E-05
0.088203,6.19E-05
0.088281,6.26E-05
0.088359,6.34E-05
0.088438,6.41E-05
0.088516,6.48E-05
0.088594,6.54E-05
0.088672,6.61E-05
0.08875,6.68E-05
0.088828,6.74E-05
0.088906,6.80E-05
0.088984,6.87E-05
0.089063,6.93E-05
0.089141,6.98E-05
0.089219,7.04E-05
0.089297,7.10E-05
0.089375,7.15E-05
0.089453,7.21E-05
0.089531,7.26E-05
0.089609,7.31E-05
0.089688,7.36E-05
0.089766,7.41E-05
0.089844,7.45E-05
0.089922,7.50E-05
0.09,7.54E-05
0.090078,7.58E-05
0.090156,7.63E-05
0.090234,7.66E-05
0.090313,7.70E-05
0.090391,7.74E-05
0.090469,7.77E-05
0.090547,7.81E-05
0.090625,7.84E-05
0.090703,7.87E-05
0.090781,7.90E-05
0.090859,7.92E-05
0.090938,7.95E-05
0.091016,7.98E-05
0.091094,8.00E-05
0.091172,8.02E-05
0.09125,8.04E-05
0.091328,8.06E-05
0.091406,8.07E-05
0.091484,8.09E-05
0.091563,8.10E-05
0.091641,8.11E-05
0.091719,8.13E-05
0.091797,8.13E-05
0.091875,8.14E-05
0.091953,8.15E-05
0.092031,8.15E-05
0.092109,8.16E-05
0.092188,8.16E-05
0.092266,8.16E-05
0.092344,8.15E-05
0.092422,8.15E-05
0.0925,8.15E-05
0.092578,8.14E-05
0.092656,8.13E-05
0.092734,8.12E-05
0.092813,8.11E-05
0.092891,8.10E-05
0.092969,8.09E-05
0.093047,8.07E-05
0.093125,8.06E-05
0.093203,8.04E-05
0.093281,8.02E-05
0.093359,8.00E-05
0.093438,7.97E-05
0.093516,7.95E-05
0.093594,7.92E-05
0.093672,7.90E-05
0.09375,7.87E-05
0.093828,7.84E-05
0.093906,7.81E-05
0.093984,7.78E-05
0.094062,7.74E-05
0.094141,7.71E-05
0.094219,7.67E-05
0.094297,7.63E-05
0.094375,7.59E-05
0.094453,7.55E-05
0.094531,7.51E-05
0.094609,7.47E-05
0.094687,7.42E-05
0.094766,7.37E-05
0.094844,7.33E-05
0.094922,7.28E-05
0.095,7.23E-05
0.095078,7.18E-05
0.095156,7.12E-05
0.095234,7.07E-05
0.095312,7.02E-05
0.095391,6.96E-05
0.095469,6.90E-05
0.095547,6.84E-05
0.095625,6.78E-05
0.095703,6.72E-05
0.095781,6.66E-05
0.095859,6.60E-05
0.095937,6.53E-05
0.096016,6.47E-05
0.096094,6.40E-05
0.096172,6.34E-05
0.09625,6.27E-05
0.096328,6.20E-05
0.096406,6.13E-05
0.096484,6.06E-05
0.096562,5.98E-05
0.096641,5.91E-05
0.096719,5.84E-05
0.096797,5.76E-05
0.096875,5.69E-05
0.096953,5.61E-05
0.097031,5.53E-05
0.097109,5.45E-05
0.097187,5.37E-05
0.097266,5.29E-05
0.097344,5.21E-05
0.097422,5.13E-05
0.0975,5.05E-05
0.097578,4.96E-05
0.097656,4.88E-05
0.097734,4.80E-05
0.097812,4.71E-05
0.097891,4.62E-05
0.097969,4.54E-05
0.098047,4.45E-05
0.098125,4.36E-05
0.098203,4.27E-05
0.098281,4.19E-05
0.098359,4.10E-05
0.098437,4.01E-05
0.098516,3.92E-05
0.098594,3.83E-05
0.098672,3.73E-05
0.09875,3.64E-05
0.098828,3.55E-05
0.098906,3.46E-05
0.098984,3.36E-05
0.099062,3.27E-05
0.099141,3.18E-05
0.099219,3.08E-05
0.099297,2.99E-05
0.099375,2.89E-05
0.099453,2.80E-05
0.099531,2.70E-05
0.099609,2.61E-05
0.099687,2.51E-05
0.099766,2.42E-05
0.099844,2.32E-05
0.099922,2.23E-05
0.1,2.13E-05
0.10008,2.04E-05
0.10016,1.94E-05
0.10023,1.84E-05
0.10031,1.75E-05
0.10039,1.65E-05
0.10047,1.55E-05
0.10055,1.46E-05
0.10063,1.36E-05
0.1007,1.27E-05
0.10078,1.17E-05
0.10086,1.08E-05
0.10094,9.80E-06
0.10102,8.84E-06
0.10109,7.89E-06
0.10117,6.94E-06
0.10125,5.99E-06
0.10133,5.04E-06
0.10141,4.10E-06
0.10148,3.16E-06
0.10156,2.22E-06
0.10164,1.29E-06
0.10172,3.55E-07
0.1018,-5.73E-07
0.10187,-1.49E-06
0.10195,-2.42E-06
0.10203,-3.33E-06
0.10211,-4.25E-06
0.10219,-5.15E-06
0.10227,-6.06E-06
0.10234,-6.96E-06
0.10242,-7.85E-06
0.1025,-8.74E-06
0.10258,-9.62E-06
0.10266,-1.05E-05
0.10273,-1.14E-05
0.10281,-1.22E-05
0.10289,-1.31E-05
0.10297,-1.40E-05
0.10305,-1.48E-05
0.10312,-1.56E-05
0.1032,-1.65E-05
0.10328,-1.73E-05
0.10336,-1.81E-05
0.10344,-1.89E-05
0.10352,-1.97E-05
0.10359,-2.05E-05
0.10367,-2.13E-05
0.10375,-2.21E-05
0.10383,-2.29E-05
0.10391,-2.37E-05
0.10398,-2.44E-05
0.10406,-2.52E-05
0.10414,-2.59E-05
0.10422,-2.66E-05
0.1043,-2.74E-05
0.10437,-2.81E-05
0.10445,-2.88E-05
0.10453,-2.95E-05
0.10461,-3.02E-05
0.10469,-3.09E-05
0.10477,-3.15E-05
0.10484,-3.22E-05
0.10492,-3.28E-05
0.105,-3.35E-05
0.10508,-3.41E-05
0.10516,-3.47E-05
0.10523,-3.53E-05
0.10531,-3.59E-05
0.10539,-3.65E-05
0.10547,-3.71E-05
0.10555,-3.77E-05
0.10562,-3.82E-05
0.1057,-3.88E-05
0.10578,-3.93E-05
0.10586,-3.98E-05
0.10594,-4.03E-05
0.10602,-4.08E-05
0.10609,-4.13E-05
0.10617,-4.18E-05
0.10625,-4.22E-05
0.10633,-4.27E-05
0.10641,-4.31E-05
0.10648,-4.36E-05
0.10656,-4.40E-05
0.10664,-4.44E-05
0.10672,-4.48E-05
0.1068,-4.52E-05
0.10687,-4.55E-05
0.10695,-4.59E-05
0.10703,-4.62E-05
0.10711,-4.66E-05
0.10719,-4.69E-05
0.10727,-4.72E-05
0.10734,-4.75E-05
0.10742,-4.78E-05
0.1075,-4.80E-05
0.10758,-4.83E-05
0.10766,-4.85E-05
0.10773,-4.88E-05
0.10781,-4.90E-05
0.10789,-4.92E-05
0.10797,-4.94E-05
0.10805,-4.96E-05
0.10812,-4.97E-05
0.1082,-4.99E-05
0.10828,-5.00E-05
0.10836,-5.02E-05
0.10844,-5.03E-05
0.10852,-5.04E-05
0.10859,-5.05E-05
0.10867,-5.06E-05
0.10875,-5.06E-05
0.10883,-5.07E-05
0.10891,-5.07E-05
0.10898,-5.07E-05
0.10906,-5.08E-05
0.10914,-5.07E-05
0.10922,-5.07E-05
0.1093,-5.07E-05
0.10938,-5.07E-05
0.10945,-5.06E-05
0.10953,-5.06E-05
0.10961,-5.05E-05
0.10969,-5.04E-05
0.10977,-5.03E-05
0.10984,-5.02E-05
0.10992,-5.01E-05
0.11,-4.99E-05
0.11008,-4.98E-05
0.11016,-4.96E-05
0.11023,-4.95E-05
0.11031,-4.93E-05
0.11039,-4.91E-05
0.11047,-4.89E-05
0.11055,-4.86E-05
0.11063,-4.84E-05
0.1107,-4.82E-05
0.11078,-4.79E-05
0.11086,-4.76E-05
0.11094,-4.74E-05
0.11102,-4.71E-05
0.11109,-4.68E-05
0.11117,-4.65E-05
0.11125,-4.61E-05
0.11133,-4.58E-05
0.11141,-4.55E-05
0.11148,-4.51E-05
0.11156,-4.47E-05
0.11164,-4.44E-05
0.11172,-4.40E-05
0.1118,-4.36E-05
0.11188,-4.32E-05
0.11195,-4.27E-05
0.11203,-4.23E-05
0.11211,-4.19E-05
0.11219,-4.14E-05
0.11227,-4.10E-05
0.11234,-4.05E-05
0.11242,-4.00E-05
0.1125,-3.95E-05
0.11258,-3.90E-05
0.11266,-3.85E-05
0.11273,-3.80E-05
0.11281,-3.75E-05
0.11289,-3.69E-05
0.11297,-3.64E-05
0.11305,-3.58E-05
0.11313,-3.53E-05
0.1132,-3.47E-05
0.11328,-3.41E-05
0.11336,-3.35E-05
0.11344,-3.29E-05
0.11352,-3.23E-05
0.11359,-3.17E-05
0.11367,-3.11E-05
0.11375,-3.05E-05
0.11383,-2.99E-05
0.11391,-2.92E-05
0.11398,-2.86E-05
0.11406,-2.79E-05
0.11414,-2.73E-05
0.11422,-2.66E-05
0.1143,-2.59E-05
0.11438,-2.52E-05
0.11445,-2.45E-05
0.11453,-2.39E-05
0.11461,-2.32E-05
0.11469,-2.25E-05
0.11477,-2.17E-05
0.11484,-2.10E-05
0.11492,-2.03E-05
0.115,-1.96E-05
0.11508,-1.89E-05
0.11516,-1.81E-05
0.11523,-1.74E-05
0.11531,-1.66E-05
0.11539,-1.59E-05
0.11547,-1.51E-05
0.11555,-1.44E-05
0.11563,-1.36E-05
0.1157,-1.29E-05
0.11578,-1.21E-05
0.11586,-1.13E-05
0.11594,-1.05E-05
0.11602,-9.77E-06
0.11609,-8.99E-06
0.11617,-8.21E-06
0.11625,-7.42E-06
0.11633,-6.63E-06
0.11641,-5.84E-06
0.11648,-5.05E-06
0.11656,-4.26E-06
0.11664,-3.47E-06
0.11672,-2.67E-06
0.1168,-1.88E-06
0.11688,-1.08E-06
0.11695,-2.78E-07
0.11703,5.22E-07
0.11711,1.32E-06
0.11719,2.12E-06
0.11727,2.93E-06
0.11734,3.73E-06
0.11742,4.53E-06
0.1175,5.33E-06
0.11758,6.13E-06
0.11766,6.93E-06
0.11773,7.73E-06
0.11781,8.53E-06
0.11789,9.33E-06
0.11797,1.01E-05
0.11805,1.09E-05
0.11812,1.17E-05
0.1182,1.25E-05
0.11828,1.33E-05
0.11836,1.41E-05
0.11844,1.49E-05
0.11852,1.56E-05
0.11859,1.64E-05
0.11867,1.72E-05
0.11875,1.80E-05
0.11883,1.87E-05
0.11891,1.95E-05
0.11898,2.03E-05
0.11906,2.10E-05
0.11914,2.18E-05
0.11922,2.26E-05
0.1193,2.33E-05
0.11937,2.41E-05
0.11945,2.48E-05
0.11953,2.55E-05
0.11961,2.63E-05
0.11969,2.70E-05
0.11977,2.77E-05
0.11984,2.84E-05
0.11992,2.92E-05
0.12,2.99E-05
0.12008,3.06E-05
0.12016,3.13E-05
0.12023,3.20E-05
0.12031,3.26E-05
0.12039,3.33E-05
0.12047,3.40E-05
0.12055,3.47E-05
0.12062,3.53E-05
0.1207,3.60E-05
0.12078,3.66E-05
0.12086,3.73E-05
0.12094,3.79E-05
0.12102,3.85E-05
0.12109,3.92E-05
0.12117,3.98E-05
0.12125,4.04E-05
0.12133,4.10E-05
0.12141,4.16E-05
0.12148,4.22E-05
0.12156,4.28E-05
0.12164,4.33E-05
0.12172,4.39E-05
0.1218,4.45E-05
0.12187,4.50E-05
0.12195,4.55E-05
0.12203,4.61E-05
0.12211,4.66E-05
0.12219,4.71E-05
0.12227,4.76E-05
0.12234,4.81E-05
0.12242,4.86E-05
0.1225,4.91E-05
0.12258,4.96E-05
0.12266,5.00E-05
0.12273,5.05E-05
0.12281,5.09E-05
0.12289,5.14E-05
0.12297,5.18E-05
0.12305,5.22E-05
0.12312,5.26E-05
0.1232,5.30E-05
0.12328,5.34E-05
0.12336,5.38E-05
0.12344,5.42E-05
0.12352,5.45E-05
0.12359,5.49E-05
0.12367,5.52E-05
0.12375,5.56E-05
0.12383,5.59E-05
0.12391,5.62E-05
0.12398,5.65E-05
0.12406,5.68E-05
0.12414,5.71E-05
0.12422,5.74E-05
0.1243,5.76E-05
0.12437,5.79E-05
0.12445,5.81E-05
0.12453,5.84E-05
0.12461,5.86E-05
0.12469,5.88E-05
0.12477,5.90E-05
0.12484,5.92E-05
0.12492,5.94E-05
0.125,5.96E-05
0.12508,5.97E-05
0.12516,5.99E-05
0.12523,6.00E-05
0.12531,6.02E-05
0.12539,6.03E-05
0.12547,6.04E-05
0.12555,6.05E-05
0.12562,6.06E-05
0.1257,6.07E-05
0.12578,6.07E-05
0.12586,6.08E-05
0.12594,6.09E-05
0.12602,6.09E-05
0.12609,6.09E-05
0.12617,6.10E-05
0.12625,6.10E-05
0.12633,6.10E-05
0.12641,6.10E-05
0.12648,6.09E-05
0.12656,6.09E-05
0.12664,6.09E-05
0.12672,6.08E-05
0.1268,6.08E-05
0.12687,6.07E-05
0.12695,6.06E-05
0.12703,6.05E-05
0.12711,6.04E-05
0.12719,6.03E-05
0.12727,6.02E-05
0.12734,6.01E-05
0.12742,6.00E-05
0.1275,5.98E-05
0.12758,5.97E-05
0.12766,5.95E-05
0.12773,5.93E-05
0.12781,5.91E-05
0.12789,5.90E-05
0.12797,5.88E-05
0.12805,5.85E-05
0.12812,5.83E-05
0.1282,5.81E-05
0.12828,5.79E-05
0.12836,5.76E-05
0.12844,5.74E-05
0.12852,5.71E-05
0.12859,5.68E-05
0.12867,5.65E-05
0.12875,5.63E-05
0.12883,5.60E-05
0.12891,5.57E-05
0.12898,5.54E-05
0.12906,5.50E-05
0.12914,5.47E-05
0.12922,5.44E-05
0.1293,5.40E-05
0.12937,5.37E-05
0.12945,5.33E-05
0.12953,5.29E-05
0.12961,5.26E-05
0.12969,5.22E-05
0.12977,5.18E-05
0.12984,5.14E-05
0.12992,5.10E-05
0.13,5.06E-05
0.13008,5.02E-05
0.13016,4.98E-05
0.13023,4.93E-05
0.13031,4.89E-05
0.13039,4.85E-05
0.13047,4.80E-05
0.13055,4.76E-05
0.13062,4.71E-05
0.1307,4.66E-05
0.13078,4.62E-05
0.13086,4.57E-05
0.13094,4.52E-05
0.13102,4.47E-05
0.13109,4.42E-05
0.13117,4.37E-05
0.13125,4.32E-05
0.13133,4.27E-05
0.13141,4.22E-05
0.13148,4.17E-05
0.13156,4.12E-05
0.13164,4.06E-05
0.13172,4.01E-05
0.1318,3.96E-05
0.13187,3.91E-05
0.13195,3.85E-05
0.13203,3.80E-05
0.13211,3.74E-05
0.13219,3.69E-05
0.13227,3.63E-05
0.13234,3.58E-05
0.13242,3.52E-05
0.1325,3.46E-05
0.13258,3.41E-05
0.13266,3.35E-05
0.13273,3.29E-05
0.13281,3.24E-05
0.13289,3.18E-05
0.13297,3.12E-05
0.13305,3.06E-05
0.13312,3.00E-05
0.1332,2.95E-05
0.13328,2.89E-05
0.13336,2.83E-05
0.13344,2.77E-05
0.13352,2.71E-05
0.13359,2.65E-05
0.13367,2.59E-05
0.13375,2.53E-05
0.13383,2.47E-05
0.13391,2.42E-05
0.13398,2.36E-05
0.13406,2.30E-05
0.13414,2.24E-05
0.13422,2.18E-05
0.1343,2.12E-05
0.13437,2.06E-05
0.13445,2.00E-05
0.13453,1.94E-05
0.13461,1.88E-05
0.13469,1.82E-05
0.13477,1.76E-05
0.13484,1.70E-05
0.13492,1.65E-05
0.135,1.59E-05
0.13508,1.53E-05
0.13516,1.47E-05
0.13523,1.41E-05
0.13531,1.35E-05
0.13539,1.30E-05
0.13547,1.24E-05
0.13555,1.18E-05
0.13562,1.12E-05
0.1357,1.07E-05
0.13578,1.01E-05
0.13586,9.53E-06
0.13594,8.97E-06
0.13602,8.41E-06
0.13609,7.86E-06
0.13617,7.30E-06
0.13625,6.75E-06
0.13633,6.21E-06
0.13641,5.66E-06
0.13648,5.12E-06
0.13656,4.59E-06
0.13664,4.05E-06
0.13672,3.52E-06
0.1368,3.00E-06
0.13687,2.48E-06
0.13695,1.96E-06
0.13703,1.45E-06
0.13711,9.39E-07
0.13719,4.34E-07
0.13727,-6.51E-08
0.13734,-5.59E-07
0.13742,-1.05E-06
0.1375,-1.53E-06
0.13758,-2.02E-06
0.13766,-2.49E-06
0.13773,-2.96E-06
0.13781,-3.42E-06
0.13789,-3.88E-06
0.13797,-4.34E-06
0.13805,-4.78E-06
0.13812,-5.23E-06
0.1382,-5.66E-06
0.13828,-6.09E-06
0.13836,-6.52E-06
0.13844,-6.94E-06
0.13852,-7.35E-06
0.13859,-7.76E-06
0.13867,-8.16E-06
0.13875,-8.56E-06
0.13883,-8.94E-06
0.13891,-9.33E-06
0.13898,-9.70E-06
0.13906,-1.01E-05
0.13914,-1.04E-05
0.13922,-1.08E-05
0.1393,-1.11E-05
0.13937,-1.15E-05
0.13945,-1.18E-05
0.13953,-1.21E-05
0.13961,-1.25E-05
0.13969,-1.28E-05
0.13977,-1.31E-05
0.13984,-1.34E-05
0.13992,-1.37E-05
0.14,-1.40E-05
0.14008,-1.42E-05
0.14016,-1.45E-05
0.14023,-1.48E-05
0.14031,-1.50E-05
0.14039,-1.53E-05
0.14047,-1.55E-05
0.14055,-1.57E-05
0.14062,-1.60E-05
0.1407,-1.62E-05
0.14078,-1.64E-05
0.14086,-1.66E-05
0.14094,-1.68E-05
0.14102,-1.70E-05
0.14109,-1.72E-05
0.14117,-1.73E-05
0.14125,-1.75E-05
0.14133,-1.76E-05
0.14141,-1.78E-05
0.14148,-1.79E-05
0.14156,-1.81E-05
0.14164,-1.82E-05
0.14172,-1.83E-05
0.1418,-1.84E-05
0.14188,-1.85E-05
0.14195,-1.86E-05
0.14203,-1.87E-05
0.14211,-1.88E-05
0.14219,-1.88E-05
0.14227,-1.89E-05
0.14234,-1.89E-05
0.14242,-1.90E-05
0.1425,-1.90E-05
0.14258,-1.90E-05
0.14266,-1.91E-05
0.14273,-1.91E-05
0.14281,-1.91E-05
0.14289,-1.91E-05
0.14297,-1.91E-05
0.14305,-1.91E-05
0.14313,-1.90E-05
0.1432,-1.90E-05
0.14328,-1.90E-05
0.14336,-1.89E-05
0.14344,-1.88E-05
0.14352,-1.88E-05
0.14359,-1.87E-05
0.14367,-1.86E-05
0.14375,-1.85E-05
0.14383,-1.84E-05
0.14391,-1.83E-05
0.14398,-1.82E-05
0.14406,-1.81E-05
0.14414,-1.80E-05
0.14422,-1.79E-05
0.1443,-1.77E-05
0.14438,-1.76E-05
0.14445,-1.74E-05
0.14453,-1.73E-05
0.14461,-1.71E-05
0.14469,-1.69E-05
0.14477,-1.67E-05
0.14484,-1.66E-05
0.14492,-1.64E-05
0.145,-1.62E-05
0.14508,-1.60E-05
0.14516,-1.57E-05
0.14523,-1.55E-05
0.14531,-1.53E-05
0.14539,-1.51E-05
0.14547,-1.48E-05
0.14555,-1.46E-05
0.14563,-1.43E-05
0.1457,-1.40E-05
0.14578,-1.38E-05
0.14586,-1.35E-05
0.14594,-1.32E-05
0.14602,-1.29E-05
0.14609,-1.27E-05
0.14617,-1.24E-05
0.14625,-1.21E-05
0.14633,-1.17E-05
0.14641,-1.14E-05
0.14648,-1.11E-05
0.14656,-1.08E-05
0.14664,-1.05E-05
0.14672,-1.01E-05
0.1468,-9.78E-06
0.14688,-9.44E-06
0.14695,-9.09E-06
0.14703,-8.73E-06
0.14711,-8.37E-06
0.14719,-8.00E-06
0.14727,-7.63E-06
0.14734,-7.26E-06
0.14742,-6.88E-06
0.1475,-6.50E-06
0.14758,-6.11E-06
0.14766,-5.72E-06
0.14773,-5.32E-06
0.14781,-4.92E-06
0.14789,-4.52E-06
0.14797,-4.11E-06
0.14805,-3.70E-06
0.14813,-3.28E-06
0.1482,-2.86E-06
0.14828,-2.44E-06
0.14836,-2.01E-06
0.14844,-1.58E-06
0.14852,-1.15E-06
0.14859,-7.14E-07
0.14867,-2.76E-07
0.14875,1.65E-07
0.14883,6.11E-07
0.14891,1.06E-06
0.14898,1.51E-06
0.14906,1.96E-06
0.14914,2.42E-06
0.14922,2.87E-06
0.1493,3.33E-06
0.14938,3.79E-06
0.14945,4.25E-06
0.14953,4.72E-06
0.14961,5.18E-06
0.14969,5.65E-06
0.14977,6.12E-06
0.14984,6.59E-06
0.14992,7.07E-06
0.15,7.54E-06
0.15008,8.01E-06
0.15016,8.49E-06
0.15023,8.97E-06
0.15031,9.44E-06
0.15039,9.92E-06
0.15047,1.04E-05
0.15055,1.09E-05
0.15063,1.14E-05
0.1507,1.18E-05
0.15078,1.23E-05
0.15086,1.28E-05
0.15094,1.33E-05
0.15102,1.37E-05
0.15109,1.42E-05
0.15117,1.47E-05
0.15125,1.52E-05
0.15133,1.57E-05
0.15141,1.61E-05
0.15148,1.66E-05
0.15156,1.71E-05
0.15164,1.76E-05
0.15172,1.80E-05
0.1518,1.85E-05
0.15188,1.90E-05
0.15195,1.94E-05
0.15203,1.99E-05
0.15211,2.04E-05
0.15219,2.08E-05
0.15227,2.13E-05
0.15234,2.17E-05
0.15242,2.22E-05
0.1525,2.26E-05
0.15258,2.31E-05
0.15266,2.36E-05
0.15273,2.40E-05
0.15281,2.44E-05
0.15289,2.49E-05
0.15297,2.53E-05
0.15305,2.58E-05
0.15313,2.62E-05
0.1532,2.66E-05
0.15328,2.70E-05
0.15336,2.75E-05
0.15344,2.79E-05
0.15352,2.83E-05
0.15359,2.87E-05
0.15367,2.91E-05
0.15375,2.95E-05
0.15383,2.99E-05
0.15391,3.03E-05
0.15398,3.07E-05
0.15406,3.11E-05
0.15414,3.15E-05
0.15422,3.19E-05
0.1543,3.23E-05
0.15438,3.26E-05
0.15445,3.30E-05
0.15453,3.34E-05
0.15461,3.37E-05
0.15469,3.41E-05
0.15477,3.44E-05
0.15484,3.48E-05
0.15492,3.51E-05
0.155,3.55E-05
0.15508,3.58E-05
0.15516,3.61E-05
0.15523,3.64E-05
0.15531,3.68E-05
0.15539,3.71E-05
0.15547,3.74E-05
0.15555,3.77E-05
0.15563,3.80E-05
0.1557,3.83E-05
0.15578,3.85E-05
0.15586,3.88E-05
0.15594,3.91E-05
0.15602,3.94E-05
0.15609,3.96E-05
0.15617,3.99E-05
0.15625,4.01E-05
0.15633,4.04E-05
0.15641,4.06E-05
0.15648,4.08E-05
0.15656,4.11E-05
0.15664,4.13E-05
0.15672,4.15E-05
0.1568,4.17E-05
0.15687,4.19E-05
0.15695,4.21E-05
0.15703,4.23E-05
0.15711,4.25E-05
0.15719,4.27E-05
0.15727,4.28E-05
0.15734,4.30E-05
0.15742,4.32E-05
0.1575,4.33E-05
0.15758,4.35E-05
0.15766,4.36E-05
0.15773,4.37E-05
0.15781,4.39E-05
0.15789,4.40E-05
0.15797,4.41E-05
0.15805,4.42E-05
0.15812,4.43E-05
0.1582,4.44E-05
0.15828,4.45E-05
0.15836,4.46E-05
0.15844,4.46E-05
0.15852,4.47E-05
0.15859,4.48E-05
0.15867,4.48E-05
0.15875,4.49E-05
0.15883,4.49E-05
0.15891,4.50E-05
0.15898,4.50E-05
0.15906,4.50E-05
0.15914,4.50E-05
0.15922,4.50E-05
0.1593,4.50E-05
0.15937,4.50E-05
0.15945,4.50E-05
0.15953,4.50E-05
0.15961,4.50E-05
0.15969,4.49E-05
0.15977,4.49E-05
0.15984,4.49E-05
0.15992,4.48E-05
0.16,4.48E-05
0.16008,4.47E-05
0.16016,4.46E-05
0.16023,4.45E-05
0.16031,4.45E-05
0.16039,4.44E-05
0.16047,4.43E-05
0.16055,4.42E-05
0.16062,4.41E-05
0.1607,4.39E-05
0.16078,4.38E-05
0.16086,4.37E-05
0.16094,4.36E-05
0.16102,4.34E-05
0.16109,4.33E-05
0.16117,4.31E-05
0.16125,4.30E-05
0.16133,4.28E-05
0.16141,4.26E-05
0.16148,4.25E-05
0.16156,4.23E-05
0.16164,4.21E-05
0.16172,4.19E-05
0.1618,4.17E-05
0.16187,4.15E-05
0.16195,4.13E-05
0.16203,4.11E-05
0.16211,4.08E-05
0.16219,4.06E-05
0.16227,4.04E-05
0.16234,4.01E-05
0.16242,3.99E-05
0.1625,3.96E-05
0.16258,3.94E-05
0.16266,3.91E-05
0.16273,3.88E-05
0.16281,3.86E-05
0.16289,3.83E-05
0.16297,3.80E-05
0.16305,3.77E-05
0.16312,3.74E-05
0.1632,3.72E-05
0.16328,3.69E-05
0.16336,3.65E-05
0.16344,3.62E-05
0.16352,3.59E-05
0.16359,3.56E-05
0.16367,3.53E-05
0.16375,3.50E-05
0.16383,3.46E-05
0.16391,3.43E-05
0.16398,3.40E-05
0.16406,3.36E-05
0.16414,3.33E-05
0.16422,3.29E-05
0.1643,3.26E-05
0.16437,3.22E-05
0.16445,3.18E-05
0.16453,3.15E-05
0.16461,3.11E-05
0.16469,3.07E-05
0.16477,3.04E-05
0.16484,3.00E-05
0.16492,2.96E-05
0.165,2.92E-05
0.16508,2.88E-05
0.16516,2.85E-05
0.16523,2.81E-05
0.16531,2.77E-05
0.16539,2.73E-05
0.16547,2.69E-05
0.16555,2.65E-05
0.16562,2.61E-05
0.1657,2.57E-05
0.16578,2.52E-05
0.16586,2.48E-05
0.16594,2.44E-05
0.16602,2.40E-05
0.16609,2.36E-05
0.16617,2.32E-05
0.16625,2.28E-05
0.16633,2.23E-05
0.16641,2.19E-05
0.16648,2.15E-05
0.16656,2.11E-05
0.16664,2.06E-05
0.16672,2.02E-05
0.1668,1.98E-05
0.16687,1.94E-05
0.16695,1.89E-05
0.16703,1.85E-05
0.16711,1.81E-05
0.16719,1.76E-05
0.16727,1.72E-05
0.16734,1.68E-05
0.16742,1.63E-05
0.1675,1.59E-05
0.16758,1.55E-05
0.16766,1.50E-05
0.16773,1.46E-05
0.16781,1.42E-05
0.16789,1.37E-05
0.16797,1.33E-05
0.16805,1.29E-05
0.16812,1.24E-05
0.1682,1.20E-05
0.16828,1.16E-05
0.16836,1.11E-05
0.16844,1.07E-05
0.16852,1.03E-05
0.16859,9.85E-06
0.16867,9.42E-06
0.16875,8.99E-06
0.16883,8.57E-06
0.16891,8.14E-06
0.16898,7.72E-06
0.16906,7.30E-06
0.16914,6.88E-06
0.16922,6.46E-06
0.1693,6.04E-06
0.16937,5.63E-06
0.16945,5.22E-06
0.16953,4.80E-06
0.16961,4.39E-06
0.16969,3.99E-06
0.16977,3.58E-06
0.16984,3.18E-06
0.16992,2.78E-06
0.17,2.38E-06
0.17008,1.98E-06
0.17016,1.59E-06
0.17023,1.20E-06
0.17031,8.09E-07
0.17039,4.23E-07
0.17047,4.01E-08
0.17055,-3.40E-07
0.17062,-7.17E-07
0.1707,-1.09E-06
0.17078,-1.46E-06
0.17086,-1.83E-06
0.17094,-2.19E-06
0.17102,-2.56E-06
0.17109,-2.91E-06
0.17117,-3.27E-06
0.17125,-3.62E-06
0.17133,-3.96E-06
0.17141,-4.31E-06
0.17148,-4.65E-06
0.17156,-4.99E-06
0.17164,-5.32E-06
0.17172,-5.65E-06
0.1718,-5.97E-06
0.17188,-6.29E-06
0.17195,-6.61E-06
0.17203,-6.92E-06
0.17211,-7.23E-06
0.17219,-7.53E-06
0.17227,-7.83E-06
0.17234,-8.13E-06
0.17242,-8.42E-06
0.1725,-8.70E-06
0.17258,-8.99E-06
0.17266,-9.26E-06
0.17273,-9.54E-06
0.17281,-9.80E-06
0.17289,-1.01E-05
0.17297,-1.03E-05
0.17305,-1.06E-05
0.17313,-1.08E-05
0.1732,-1.11E-05
0.17328,-1.13E-05
0.17336,-1.15E-05
0.17344,-1.18E-05
0.17352,-1.20E-05
0.17359,-1.22E-05
0.17367,-1.24E-05
0.17375,-1.26E-05
0.17383,-1.29E-05
0.17391,-1.31E-05
0.17398,-1.32E-05
0.17406,-1.34E-05
0.17414,-1.36E-05
0.17422,-1.38E-05
0.1743,-1.40E-05
0.17438,-1.41E-05
0.17445,-1.43E-05
0.17453,-1.45E-05
0.17461,-1.46E-05
0.17469,-1.48E-05
0.17477,-1.49E-05
0.17484,-1.50E-05
0.17492,-1.52E-05
0.175,-1.53E-05
0.17508,-1.54E-05
0.17516,-1.55E-05
0.17523,-1.56E-05
0.17531,-1.57E-05
0.17539,-1.58E-05
0.17547,-1.59E-05
0.17555,-1.60E-05
0.17563,-1.61E-05
0.1757,-1.62E-05
0.17578,-1.63E-05
0.17586,-1.63E-05
0.17594,-1.64E-05
0.17602,-1.64E-05
0.17609,-1.65E-05
0.17617,-1.65E-05
0.17625,-1.66E-05
0.17633,-1.66E-05
0.17641,-1.66E-05
0.17648,-1.67E-05
0.17656,-1.67E-05
0.17664,-1.67E-05
0.17672,-1.67E-05
0.1768,-1.67E-05
0.17688,-1.67E-05
0.17695,-1.67E-05
0.17703,-1.67E-05
0.17711,-1.67E-05
0.17719,-1.66E-05
0.17727,-1.66E-05
0.17734,-1.66E-05
0.17742,-1.65E-05
0.1775,-1.65E-05
0.17758,-1.64E-05
0.17766,-1.64E-05
0.17773,-1.63E-05
0.17781,-1.62E-05
0.17789,-1.62E-05
0.17797,-1.61E-05
0.17805,-1.60E-05
0.17813,-1.59E-05
0.1782,-1.58E-05
0.17828,-1.58E-05
0.17836,-1.57E-05
0.17844,-1.56E-05
0.17852,-1.54E-05
0.17859,-1.53E-05
0.17867,-1.52E-05
0.17875,-1.51E-05
0.17883,-1.50E-05
0.17891,-1.48E-05
0.17898,-1.47E-05
0.17906,-1.46E-05
0.17914,-1.44E-05
0.17922,-1.43E-05
0.1793,-1.41E-05
0.17938,-1.39E-05
0.17945,-1.38E-05
0.17953,-1.36E-05
0.17961,-1.34E-05
0.17969,-1.33E-05
0.17977,-1.31E-05
0.17984,-1.29E-05
0.17992,-1.27E-05
0.18,-1.25E-05
0.18008,-1.23E-05
0.18016,-1.21E-05
0.18023,-1.19E-05
0.18031,-1.17E-05
0.18039,-1.15E-05
0.18047,-1.13E-05
0.18055,-1.11E-05
0.18063,-1.09E-05
0.1807,-1.06E-05
0.18078,-1.04E-05
0.18086,-1.02E-05
0.18094,-9.95E-06
0.18102,-9.71E-06
0.18109,-9.47E-06
0.18117,-9.23E-06
0.18125,-8.98E-06
0.18133,-8.73E-06
0.18141,-8.48E-06
0.18148,-8.22E-06
0.18156,-7.96E-06
0.18164,-7.70E-06
0.18172,-7.44E-06
0.1818,-7.17E-06
0.18188,-6.90E-06
0.18195,-6.63E-06
0.18203,-6.36E-06
0.18211,-6.08E-06
0.18219,-5.80E-06
0.18227,-5.52E-06
0.18234,-5.24E-06
0.18242,-4.95E-06
0.1825,-4.66E-06
0.18258,-4.38E-06
0.18266,-4.08E-06
0.18273,-3.79E-06
0.18281,-3.50E-06
0.18289,-3.20E-06
0.18297,-2.90E-06
0.18305,-2.60E-06
0.18313,-2.30E-06
0.1832,-2.00E-06
0.18328,-1.70E-06
0.18336,-1.39E-06
0.18344,-1.09E-06
0.18352,-7.78E-07
0.18359,-4.70E-07
0.18367,-1.60E-07
0.18375,1.50E-07
0.18383,4.61E-07
0.18391,7.72E-07
0.18398,1.09E-06
0.18406,1.40E-06
0.18414,1.71E-06
0.18422,2.03E-06
0.1843,2.34E-06
0.18438,2.65E-06
0.18445,2.97E-06
0.18453,3.29E-06
0.18461,3.60E-06
0.18469,3.92E-06
0.18477,4.23E-06
0.18484,4.54E-06
0.18492,4.86E-06
0.185,5.17E-06
0.18508,5.49E-06
0.18516,5.80E-06
0.18523,6.11E-06
0.18531,6.42E-06
0.18539,6.74E-06
0.18547,7.05E-06
0.18555,7.36E-06
0.18563,7.67E-06
0.1857,7.98E-06
0.18578,8.29E-06
0.18586,8.59E-06
0.18594,8.90E-06
0.18602,9.21E-06
0.18609,9.51E-06
0.18617,9.81E-06
0.18625,1.01E-05
0.18633,1.04E-05
0.18641,1.07E-05
0.18648,1.10E-05
0.18656,1.13E-05
0.18664,1.16E-05
0.18672,1.19E-05
0.1868,1.22E-05
0.18688,1.25E-05
0.18695,1.28E-05
0.18703,1.30E-05
0.18711,1.33E-05
0.18719,1.36E-05
0.18727,1.39E-05
0.18734,1.42E-05
0.18742,1.44E-05
0.1875,1.47E-05
0.18758,1.50E-05
0.18766,1.52E-05
0.18773,1.55E-05
0.18781,1.58E-05
0.18789,1.60E-05
0.18797,1.63E-05
0.18805,1.65E-05
0.18812,1.68E-05
0.1882,1.70E-05
0.18828,1.73E-05
0.18836,1.75E-05
0.18844,1.78E-05
0.18852,1.80E-05
0.18859,1.83E-05
0.18867,1.85E-05
0.18875,1.87E-05
0.18883,1.89E-05
0.18891,1.92E-05
0.18898,1.94E-05
0.18906,1.96E-05
0.18914,1.98E-05
0.18922,2.00E-05
0.1893,2.02E-05
0.18937,2.05E-05
0.18945,2.07E-05
0.18953,2.09E-05
0.18961,2.10E-05
0.18969,2.12E-05
0.18977,2.14E-05
0.18984,2.16E-05
0.18992,2.18E-05
0.19,2.20E-05
0.19008,2.21E-05
0.19016,2.23E-05
0.19023,2.25E-05
0.19031,2.27E-05
0.19039,2.28E-05
0.19047,2.30E-05
0.19055,2.31E-05
0.19062,2.33E-05
0.1907,2.34E-05
0.19078,2.36E-05
0.19086,2.37E-05
0.19094,2.38E-05
0.19102,2.40E-05
0.19109,2.41E-05
0.19117,2.42E-05
0.19125,2.43E-05
0.19133,2.44E-05
0.19141,2.46E-05
0.19148,2.47E-05
0.19156,2.48E-05
0.19164,2.49E-05
0.19172,2.50E-05
0.1918,2.50E-05
0.19187,2.51E-05
0.19195,2.52E-05
0.19203,2.53E-05
0.19211,2.54E-05
0.19219,2.54E-05
0.19227,2.55E-05
0.19234,2.56E-05
0.19242,2.56E-05
0.1925,2.57E-05
0.19258,2.57E-05
0.19266,2.58E-05
0.19273,2.58E-05
0.19281,2.59E-05
0.19289,2.59E-05
0.19297,2.59E-05
0.19305,2.60E-05
0.19312,2.60E-05
0.1932,2.60E-05
0.19328,2.60E-05
0.19336,2.60E-05
0.19344,2.60E-05
0.19352,2.60E-05
0.19359,2.60E-05
0.19367,2.60E-05
0.19375,2.60E-05
0.19383,2.60E-05
0.19391,2.60E-05
0.19398,2.59E-05
0.19406,2.59E-05
0.19414,2.59E-05
0.19422,2.59E-05
0.1943,2.58E-05
0.19437,2.58E-05
0.19445,2.57E-05
0.19453,2.57E-05
0.19461,2.56E-05
0.19469,2.56E-05
0.19477,2.55E-05
0.19484,2.54E-05
0.19492,2.54E-05
0.195,2.53E-05
0.19508,2.52E-05
0.19516,2.52E-05
0.19523,2.51E-05
0.19531,2.50E-05
0.19539,2.49E-05
0.19547,2.48E-05
0.19555,2.47E-05
0.19562,2.46E-05
0.1957,2.45E-05
0.19578,2.44E-05
0.19586,2.43E-05
0.19594,2.42E-05
0.19602,2.40E-05
0.19609,2.39E-05
0.19617,2.38E-05
0.19625,2.37E-05
0.19633,2.35E-05
0.19641,2.34E-05
0.19648,2.33E-05
0.19656,2.31E-05
0.19664,2.30E-05
0.19672,2.28E-05
0.1968,2.27E-05
0.19687,2.25E-05
0.19695,2.24E-05
0.19703,2.22E-05
0.19711,2.21E-05
0.19719,2.19E-05
0.19727,2.17E-05
0.19734,2.16E-05
0.19742,2.14E-05
0.1975,2.12E-05
0.19758,2.11E-05
0.19766,2.09E-05
0.19773,2.07E-05
0.19781,2.05E-05
0.19789,2.03E-05
0.19797,2.01E-05
0.19805,2.00E-05
0.19812,1.98E-05
0.1982,1.96E-05
0.19828,1.94E-05
0.19836,1.92E-05
0.19844,1.90E-05
0.19852,1.88E-05
0.19859,1.86E-05
0.19867,1.84E-05
0.19875,1.82E-05
0.19883,1.80E-05
0.19891,1.78E-05
0.19898,1.75E-05
0.19906,1.73E-05
0.19914,1.71E-05
0.19922,1.69E-05
0.1993,1.67E-05
0.19937,1.65E-05
0.19945,1.62E-05
0.19953,1.60E-05
0.19961,1.58E-05
0.19969,1.56E-05
0.19977,1.54E-05
0.19984,1.51E-05
0.19992,1.49E-05
0.2,1.47E-05
0.20008,1.45E-05
0.20016,1.42E-05
0.20023,1.40E-05
0.20031,1.38E-05
0.20039,1.35E-05
0.20047,1.33E-05
0.20055,1.31E-05
0.20062,1.28E-05
0.2007,1.26E-05
0.20078,1.24E-05
0.20086,1.21E-05
0.20094,1.19E-05
0.20102,1.17E-05
0.20109,1.14E-05
0.20117,1.12E-05
0.20125,1.10E-05
0.20133,1.07E-05
0.20141,1.05E-05
0.20148,1.03E-05
0.20156,1.00E-05
0.20164,9.81E-06
0.20172,9.58E-06
0.2018,9.35E-06
0.20187,9.11E-06
0.20195,8.88E-06
0.20203,8.65E-06
0.20211,8.42E-06
0.20219,8.19E-06
0.20227,7.96E-06
0.20234,7.73E-06
0.20242,7.50E-06
0.2025,7.27E-06
0.20258,7.05E-06
0.20266,6.82E-06
0.20273,6.59E-06
0.20281,6.37E-06
0.20289,6.15E-06
0.20297,5.92E-06
0.20305,5.70E-06
0.20312,5.48E-06
0.2032,5.26E-06
0.20328,5.05E-06
0.20336,4.83E-06
0.20344,4.62E-06
0.20352,4.40E-06
0.20359,4.19E-06
0.20367,3.98E-06
0.20375,3.77E-06
0.20383,3.57E-06
0.20391,3.36E-06
0.20398,3.16E-06
0.20406,2.96E-06
0.20414,2.75E-06
0.20422,2.56E-06
0.2043,2.36E-06
0.20438,2.16E-06
0.20445,1.97E-06
0.20453,1.78E-06
0.20461,1.59E-06
0.20469,1.40E-06
0.20477,1.22E-06
0.20484,1.04E-06
0.20492,8.56E-07
0.205,6.78E-07
0.20508,5.03E-07
0.20516,3.30E-07
0.20523,1.59E-07
0.20531,-1.02E-08
0.20539,-1.76E-07
0.20547,-3.40E-07
0.20555,-5.01E-07
0.20563,-6.60E-07
0.2057,-8.17E-07
0.20578,-9.70E-07
0.20586,-1.12E-06
0.20594,-1.27E-06
0.20602,-1.41E-06
0.20609,-1.56E-06
0.20617,-1.70E-06
0.20625,-1.83E-06
0.20633,-1.97E-06
0.20641,-2.10E-06
0.20648,-2.23E-06
0.20656,-2.36E-06
0.20664,-2.48E-06
0.20672,-2.60E-06
0.2068,-2.71E-06
0.20688,-2.83E-06
0.20695,-2.94E-06
0.20703,-3.05E-06
0.20711,-3.15E-06
0.20719,-3.25E-06
0.20727,-3.35E-06
0.20734,-3.45E-06
0.20742,-3.54E-06
0.2075,-3.63E-06
0.20758,-3.72E-06
0.20766,-3.80E-06
0.20773,-3.88E-06
0.20781,-3.96E-06
0.20789,-4.03E-06
0.20797,-4.10E-06
0.20805,-4.17E-06
0.20813,-4.23E-06
0.2082,-4.29E-06
0.20828,-4.35E-06
0.20836,-4.40E-06
0.20844,-4.45E-06
0.20852,-4.50E-06
0.20859,-4.54E-06
0.20867,-4.59E-06
0.20875,-4.62E-06
0.20883,-4.66E-06
0.20891,-4.69E-06
0.20898,-4.72E-06
0.20906,-4.74E-06
0.20914,-4.76E-06
0.20922,-4.78E-06
0.2093,-4.80E-06
0.20938,-4.81E-06
0.20945,-4.82E-06
0.20953,-4.82E-06
0.20961,-4.82E-06
0.20969,-4.82E-06
0.20977,-4.82E-06
0.20984,-4.81E-06
0.20992,-4.80E-06
0.21,-4.79E-06
0.21008,-4.77E-06
0.21016,-4.75E-06
0.21023,-4.73E-06
0.21031,-4.70E-06
0.21039,-4.67E-06
0.21047,-4.64E-06
0.21055,-4.60E-06
0.21063,-4.56E-06
0.2107,-4.52E-06
0.21078,-4.48E-06
0.21086,-4.43E-06
0.21094,-4.37E-06
0.21102,-4.32E-06
0.21109,-4.26E-06
0.21117,-4.20E-06
0.21125,-4.14E-06
0.21133,-4.07E-06
0.21141,-4.00E-06
0.21148,-3.93E-06
0.21156,-3.85E-06
0.21164,-3.77E-06
0.21172,-3.69E-06
0.2118,-3.61E-06
0.21188,-3.52E-06
0.21195,-3.43E-06
0.21203,-3.34E-06
0.21211,-3.24E-06
0.21219,-3.14E-06
0.21227,-3.04E-06
0.21234,-2.93E-06
0.21242,-2.83E-06
0.2125,-2.72E-06
0.21258,-2.61E-06
0.21266,-2.49E-06
0.21273,-2.38E-06
0.21281,-2.26E-06
0.21289,-2.13E-06
0.21297,-2.01E-06
0.21305,-1.88E-06
0.21313,-1.75E-06
0.2132,-1.62E-06
0.21328,-1.48E-06
0.21336,-1.35E-06
0.21344,-1.21E-06
0.21352,-1.06E-06
0.21359,-9.19E-07
0.21367,-7.73E-07
0.21375,-6.23E-07
0.21383,-4.73E-07
0.21391,-3.20E-07
0.21398,-1.66E-07
0.21406,-1.03E-08
0.21414,1.48E-07
0.21422,3.07E-07
0.2143,4.69E-07
0.21438,6.33E-07
0.21445,7.98E-07
0.21453,9.67E-07
0.21461,1.14E-06
0.21469,1.31E-06
0.21477,1.48E-06
0.21484,1.66E-06
0.21492,1.84E-06
0.215,2.01E-06
0.21508,2.19E-06
0.21516,2.38E-06
0.21523,2.56E-06
0.21531,2.74E-06
0.21539,2.93E-06
0.21547,3.12E-06
0.21555,3.31E-06
0.21563,3.50E-06
0.2157,3.69E-06
0.21578,3.88E-06
0.21586,4.08E-06
0.21594,4.27E-06
0.21602,4.47E-06
0.21609,4.67E-06
0.21617,4.87E-06
0.21625,5.07E-06
0.21633,5.27E-06
0.21641,5.47E-06
0.21648,5.67E-06
0.21656,5.87E-06
0.21664,6.08E-06
0.21672,6.28E-06
0.2168,6.49E-06
0.21688,6.69E-06
0.21695,6.90E-06
0.21703,7.11E-06
0.21711,7.31E-06
0.21719,7.52E-06
0.21727,7.73E-06
0.21734,7.94E-06
0.21742,8.15E-06
0.2175,8.35E-06
0.21758,8.56E-06
0.21766,8.77E-06
0.21773,8.98E-06
0.21781,9.19E-06
0.21789,9.40E-06
0.21797,9.61E-06
0.21805,9.82E-06
0.21813,1.00E-05
0.2182,1.02E-05
0.21828,1.04E-05
0.21836,1.07E-05
0.21844,1.09E-05
0.21852,1.11E-05
0.21859,1.13E-05
0.21867,1.15E-05
0.21875,1.17E-05
0.21883,1.19E-05
0.21891,1.21E-05
0.21898,1.23E-05
0.21906,1.25E-05
0.21914,1.27E-05
0.21922,1.29E-05
0.2193,1.31E-05
0.21937,1.33E-05
0.21945,1.35E-05
0.21953,1.37E-05
0.21961,1.39E-05
0.21969,1.41E-05
0.21977,1.43E-05
0.21984,1.45E-05
0.21992,1.47E-05
0.22,1.49E-05
0.22008,1.51E-05
0.22016,1.53E-05
0.22023,1.55E-05
0.22031,1.57E-05
0.22039,1.59E-05
0.22047,1.61E-05
0.22055,1.63E-05
0.22062,1.64E-05
0.2207,1.66E-05
0.22078,1.68E-05
0.22086,1.70E-05
0.22094,1.72E-05
0.22102,1.73E-05
0.22109,1.75E-05
0.22117,1.77E-05
0.22125,1.79E-05
0.22133,1.80E-05
0.22141,1.82E-05
0.22148,1.84E-05
0.22156,1.85E-05
0.22164,1.87E-05
0.22172,1.89E-05
0.2218,1.90E-05
0.22187,1.92E-05
0.22195,1.93E-05
0.22203,1.95E-05
0.22211,1.96E-05
0.22219,1.98E-05
0.22227,1.99E-05
0.22234,2.01E-05
0.22242,2.02E-05
0.2225,2.04E-05
0.22258,2.05E-05
0.22266,2.07E-05
0.22273,2.08E-05
0.22281,2.09E-05
0.22289,2.10E-05
0.22297,2.12E-05
0.22305,2.13E-05
0.22312,2.14E-05
0.2232,2.16E-05
0.22328,2.17E-05
0.22336,2.18E-05
0.22344,2.19E-05
0.22352,2.20E-05
0.22359,2.21E-05
0.22367,2.22E-05
0.22375,2.23E-05
0.22383,2.24E-05
0.22391,2.25E-05
0.22398,2.26E-05
0.22406,2.27E-05
0.22414,2.28E-05
0.22422,2.29E-05
0.2243,2.30E-05
0.22437,2.31E-05
0.22445,2.32E-05
0.22453,2.32E-05
0.22461,2.33E-05
0.22469,2.34E-05
0.22477,2.35E-05
0.22484,2.35E-05
0.22492,2.36E-05
0.225,2.37E-05
0.22508,2.37E-05
0.22516,2.38E-05
0.22523,2.38E-05
0.22531,2.39E-05
0.22539,2.39E-05
0.22547,2.40E-05
0.22555,2.40E-05
0.22562,2.41E-05
0.2257,2.41E-05
0.22578,2.41E-05
0.22586,2.42E-05
0.22594,2.42E-05
0.22602,2.42E-05
0.22609,2.42E-05
0.22617,2.43E-05
0.22625,2.43E-05
0.22633,2.43E-05
0.22641,2.43E-05
0.22648,2.43E-05
0.22656,2.43E-05
0.22664,2.43E-05
0.22672,2.43E-05
0.2268,2.43E-05
0.22687,2.43E-05
0.22695,2.43E-05
0.22703,2.43E-05
0.22711,2.43E-05
0.22719,2.43E-05
0.22727,2.43E-05
0.22734,2.42E-05
0.22742,2.42E-05
0.2275,2.42E-05
0.22758,2.42E-05
0.22766,2.41E-05
0.22773,2.41E-05
0.22781,2.41E-05
0.22789,2.40E-05
0.22797,2.40E-05
0.22805,2.39E-05
0.22812,2.39E-05
0.2282,2.38E-05
0.22828,2.38E-05
0.22836,2.37E-05
0.22844,2.37E-05
0.22852,2.36E-05
0.22859,2.35E-05
0.22867,2.35E-05
0.22875,2.34E-05
0.22883,2.33E-05
0.22891,2.32E-05
0.22898,2.32E-05
0.22906,2.31E-05
0.22914,2.30E-05
0.22922,2.29E-05
0.2293,2.28E-05
0.22937,2.27E-05
0.22945,2.27E-05
0.22953,2.26E-05
0.22961,2.25E-05
0.22969,2.24E-05
0.22977,2.23E-05
0.22984,2.22E-05
0.22992,2.21E-05
0.23,2.19E-05
0.23008,2.18E-05
0.23016,2.17E-05
0.23023,2.16E-05
0.23031,2.15E-05
0.23039,2.14E-05
0.23047,2.13E-05
0.23055,2.11E-05
0.23062,2.10E-05
0.2307,2.09E-05
0.23078,2.08E-05
0.23086,2.06E-05
0.23094,2.05E-05
0.23102,2.04E-05
0.23109,2.02E-05
0.23117,2.01E-05
0.23125,2.00E-05
0.23133,1.98E-05
0.23141,1.97E-05
0.23148,1.95E-05
0.23156,1.94E-05
0.23164,1.92E-05
0.23172,1.91E-05
0.2318,1.89E-05
0.23187,1.88E-05
0.23195,1.86E-05
0.23203,1.85E-05
0.23211,1.83E-05
0.23219,1.82E-05
0.23227,1.80E-05
0.23234,1.79E-05
0.23242,1.77E-05
0.2325,1.75E-05
0.23258,1.74E-05
0.23266,1.72E-05
0.23273,1.70E-05
0.23281,1.69E-05
0.23289,1.67E-05
0.23297,1.65E-05
0.23305,1.64E-05
0.23312,1.62E-05
0.2332,1.60E-05
0.23328,1.59E-05
0.23336,1.57E-05
0.23344,1.55E-05
0.23352,1.53E-05
0.23359,1.52E-05
0.23367,1.50E-05
0.23375,1.48E-05
0.23383,1.46E-05
0.23391,1.44E-05
0.23398,1.43E-05
0.23406,1.41E-05
0.23414,1.39E-05
0.23422,1.37E-05
0.2343,1.35E-05
0.23438,1.34E-05
0.23445,1.32E-05
0.23453,1.30E-05
0.23461,1.28E-05
0.23469,1.26E-05
0.23477,1.25E-05
0.23484,1.23E-05
0.23492,1.21E-05
0.235,1.19E-05
0.23508,1.17E-05
0.23516,1.15E-05
0.23523,1.14E-05
0.23531,1.12E-05
0.23539,1.10E-05
0.23547,1.08E-05
0.23555,1.06E-05
0.23563,1.04E-05
0.2357,1.02E-05
0.23578,1.01E-05
0.23586,9.88E-06
0.23594,9.70E-06
0.23602,9.51E-06
0.23609,9.33E-06
0.23617,9.15E-06
0.23625,8.97E-06
0.23633,8.78E-06
0.23641,8.60E-06
0.23648,8.42E-06
0.23656,8.24E-06
0.23664,8.06E-06
0.23672,7.88E-06
0.2368,7.70E-06
0.23688,7.52E-06
0.23695,7.34E-06
0.23703,7.17E-06
0.23711,6.99E-06
0.23719,6.81E-06
0.23727,6.64E-06
0.23734,6.46E-06
0.23742,6.29E-06
0.2375,6.12E-06
0.23758,5.95E-06
0.23766,5.78E-06
0.23773,5.61E-06
0.23781,5.44E-06
0.23789,5.28E-06
0.23797,5.11E-06
0.23805,4.95E-06
0.23813,4.79E-06
0.2382,4.63E-06
0.23828,4.47E-06
0.23836,4.31E-06
0.23844,4.15E-06
0.23852,3.99E-06
0.23859,3.84E-06
0.23867,3.69E-06
0.23875,3.53E-06
0.23883,3.38E-06
0.23891,3.23E-06
0.23898,3.09E-06
0.23906,2.94E-06
0.23914,2.79E-06
0.23922,2.65E-06
0.2393,2.51E-06
0.23938,2.37E-06
0.23945,2.23E-06
0.23953,2.09E-06
0.23961,1.95E-06
0.23969,1.82E-06
0.23977,1.69E-06
0.23984,1.56E-06
0.23992,1.43E-06
0.24,1.30E-06
0.24008,1.18E-06
0.24016,1.06E-06
0.24023,9.35E-07
0.24031,8.15E-07
0.24039,6.97E-07
0.24047,5.81E-07
0.24055,4.67E-07
0.24063,3.54E-07
0.2407,2.43E-07
0.24078,1.33E-07
0.24086,2.56E-08
0.24094,-7.91E-08
0.24102,-1.82E-07
0.24109,-2.83E-07
0.24117,-3.81E-07
0.24125,-4.78E-07
0.24133,-5.73E-07
0.24141,-6.66E-07
0.24148,-7.58E-07
0.24156,-8.47E-07
0.24164,-9.34E-07
0.24172,-1.02E-06
0.2418,-1.10E-06
0.24188,-1.18E-06
0.24195,-1.26E-06
0.24203,-1.34E-06
0.24211,-1.41E-06
0.24219,-1.49E-06
0.24227,-1.56E-06
0.24234,-1.63E-06
0.24242,-1.69E-06
0.2425,-1.76E-06
0.24258,-1.82E-06
0.24266,-1.88E-06
0.24273,-1.94E-06
0.24281,-2.00E-06
0.24289,-2.05E-06
0.24297,-2.11E-06
0.24305,-2.16E-06
0.24313,-2.21E-06
0.2432,-2.25E-06
0.24328,-2.30E-06
0.24336,-2.34E-06
0.24344,-2.38E-06
0.24352,-2.42E-06
0.24359,-2.45E-06
0.24367,-2.49E-06
0.24375,-2.52E-06
0.24383,-2.55E-06
0.24391,-2.58E-06
0.24398,-2.61E-06
0.24406,-2.63E-06
0.24414,-2.65E-06
0.24422,-2.67E-06
0.2443,-2.69E-06
0.24438,-2.71E-06
0.24445,-2.72E-06
0.24453,-2.74E-06
0.24461,-2.75E-06
0.24469,-2.76E-06
0.24477,-2.76E-06
0.24484,-2.77E-06
0.24492,-2.77E-06
0.245,-2.77E-06
0.24508,-2.77E-06
0.24516,-2.77E-06
0.24523,-2.77E-06
0.24531,-2.76E-06
0.24539,-2.75E-06
0.24547,-2.74E-06
0.24555,-2.73E-06
0.24563,-2.71E-06
0.2457,-2.70E-06
0.24578,-2.68E-06
0.24586,-2.66E-06
0.24594,-2.64E-06
0.24602,-2.62E-06
0.24609,-2.59E-06
0.24617,-2.57E-06
0.24625,-2.54E-06
0.24633,-2.51E-06
0.24641,-2.48E-06
0.24648,-2.45E-06
0.24656,-2.41E-06
0.24664,-2.37E-06
0.24672,-2.34E-06
0.2468,-2.30E-06
0.24688,-2.25E-06
0.24695,-2.21E-06
0.24703,-2.17E-06
0.24711,-2.12E-06
0.24719,-2.07E-06
0.24727,-2.02E-06
0.24734,-1.97E-06
0.24742,-1.92E-06
0.2475,-1.87E-06
0.24758,-1.81E-06
0.24766,-1.75E-06
0.24773,-1.70E-06
0.24781,-1.63E-06
0.24789,-1.57E-06
0.24797,-1.51E-06
0.24805,-1.45E-06
0.24813,-1.38E-06
0.2482,-1.31E-06
0.24828,-1.24E-06
0.24836,-1.17E-06
0.24844,-1.10E-06
0.24852,-1.03E-06
0.24859,-9.59E-07
0.24867,-8.84E-07
0.24875,-8.09E-07
0.24883,-7.32E-07
0.24891,-6.54E-07
0.24898,-5.76E-07
0.24906,-4.96E-07
0.24914,-4.16E-07
0.24922,-3.35E-07
0.2493,-2.52E-07
0.24938,-1.67E-07
0.24945,-8.14E-08
0.24953,5.43E-09
0.24961,9.31E-08
0.24969,1.81E-07
0.24977,2.70E-07
0.24984,3.60E-07
0.24992,4.50E-07
0.25,5.41E-07
0.25008,6.33E-07
0.25016,7.25E-07
0.25023,8.18E-07
0.25031,9.12E-07
0.25039,1.01E-06
0.25047,1.10E-06
0.25055,1.20E-06
0.25062,1.29E-06
0.2507,1.39E-06
0.25078,1.49E-06
0.25086,1.58E-06
0.25094,1.68E-06
0.25102,1.78E-06
0.25109,1.88E-06
0.25117,1.97E-06
0.25125,2.07E-06
0.25133,2.17E-06
0.25141,2.27E-06
0.25148,2.37E-06
0.25156,2.47E-06
0.25164,2.57E-06
0.25172,2.67E-06
0.2518,2.77E-06
0.25188,2.87E-06
0.25195,2.97E-06
0.25203,3.07E-06
0.25211,3.17E-06
0.25219,3.27E-06
0.25227,3.37E-06
0.25234,3.47E-06
0.25242,3.57E-06
0.2525,3.67E-06
0.25258,3.77E-06
0.25266,3.87E-06
0.25273,3.97E-06
0.25281,4.07E-06
0.25289,4.17E-06
0.25297,4.26E-06
0.25305,4.36E-06
0.25312,4.46E-06
0.2532,4.56E-06
0.25328,4.65E-06
0.25336,4.75E-06
0.25344,4.84E-06
0.25352,4.94E-06
0.25359,5.04E-06
0.25367,5.13E-06
0.25375,5.22E-06
0.25383,5.32E-06
0.25391,5.41E-06
0.25398,5.50E-06
0.25406,5.59E-06
0.25414,5.69E-06
0.25422,5.78E-06
0.2543,5.87E-06
0.25438,5.95E-06
0.25445,6.04E-06
0.25453,6.13E-06
0.25461,6.22E-06
0.25469,6.30E-06
0.25477,6.39E-06
0.25484,6.47E-06
0.25492,6.56E-06
0.255,6.64E-06
0.25508,6.72E-06
0.25516,6.80E-06
0.25523,6.88E-06
0.25531,6.96E-06
0.25539,7.04E-06
0.25547,7.12E-06
0.25555,7.20E-06
0.25562,7.27E-06
0.2557,7.35E-06
0.25578,7.42E-06
0.25586,7.49E-06
0.25594,7.56E-06
0.25602,7.63E-06
0.25609,7.70E-06
0.25617,7.77E-06
0.25625,7.84E-06
0.25633,7.90E-06
0.25641,7.97E-06
0.25648,8.03E-06
0.25656,8.09E-06
0.25664,8.15E-06
0.25672,8.21E-06
0.2568,8.27E-06
0.25688,8.33E-06
0.25695,8.38E-06
0.25703,8.44E-06
0.25711,8.49E-06
0.25719,8.55E-06
0.25727,8.60E-06
0.25734,8.65E-06
0.25742,8.70E-06
0.2575,8.75E-06
0.25758,8.79E-06
0.25766,8.84E-06
0.25773,8.88E-06
0.25781,8.92E-06
0.25789,8.96E-06
0.25797,9.00E-06
0.25805,9.03E-06
0.25812,9.07E-06
0.2582,9.11E-06
0.25828,9.14E-06
0.25836,9.17E-06
0.25844,9.20E-06
0.25852,9.23E-06
0.25859,9.26E-06
0.25867,9.28E-06
0.25875,9.31E-06
0.25883,9.33E-06
0.25891,9.35E-06
0.25898,9.37E-06
0.25906,9.39E-06
0.25914,9.41E-06
0.25922,9.42E-06
0.2593,9.44E-06
0.25938,9.45E-06
0.25945,9.46E-06
0.25953,9.47E-06
0.25961,9.47E-06
0.25969,9.48E-06
0.25977,9.49E-06
0.25984,9.49E-06
0.25992,9.49E-06
0.26,9.49E-06
0.26008,9.49E-06
0.26016,9.49E-06
0.26023,9.48E-06
0.26031,9.48E-06
0.26039,9.47E-06
0.26047,9.46E-06
0.26055,9.45E-06
0.26062,9.44E-06
0.2607,9.42E-06
0.26078,9.40E-06
0.26086,9.39E-06
0.26094,9.37E-06
0.26102,9.35E-06
0.26109,9.33E-06
0.26117,9.30E-06
0.26125,9.28E-06
0.26133,9.25E-06
0.26141,9.22E-06
0.26148,9.19E-06
0.26156,9.16E-06
0.26164,9.13E-06
0.26172,9.10E-06
0.2618,9.06E-06
0.26188,9.02E-06
0.26195,8.99E-06
0.26203,8.95E-06
0.26211,8.91E-06
0.26219,8.86E-06
0.26227,8.82E-06
0.26234,8.77E-06
0.26242,8.73E-06
0.2625,8.68E-06
0.26258,8.63E-06
0.26266,8.58E-06
0.26273,8.53E-06
0.26281,8.47E-06
0.26289,8.42E-06
0.26297,8.36E-06
0.26305,8.31E-06
0.26312,8.25E-06
0.2632,8.19E-06
0.26328,8.13E-06
0.26336,8.07E-06
0.26344,8.00E-06
0.26352,7.94E-06
0.26359,7.87E-06
0.26367,7.80E-06
0.26375,7.74E-06
0.26383,7.67E-06
0.26391,7.60E-06
0.26398,7.52E-06
0.26406,7.45E-06
0.26414,7.38E-06
0.26422,7.30E-06
0.2643,7.23E-06
0.26438,7.15E-06
0.26445,7.08E-06
0.26453,7.00E-06
0.26461,6.92E-06
0.26469,6.84E-06
0.26477,6.76E-06
0.26484,6.68E-06
0.26492,6.59E-06
0.265,6.51E-06
0.26508,6.43E-06
0.26516,6.34E-06
0.26523,6.26E-06
0.26531,6.17E-06
0.26539,6.08E-06
0.26547,6.00E-06
0.26555,5.91E-06
0.26562,5.82E-06
0.2657,5.73E-06
0.26578,5.63E-06
0.26586,5.54E-06
0.26594,5.45E-06
0.26602,5.36E-06
0.26609,5.26E-06
0.26617,5.17E-06
0.26625,5.08E-06
0.26633,4.98E-06
0.26641,4.89E-06
0.26648,4.79E-06
0.26656,4.69E-06
0.26664,4.60E-06
0.26672,4.50E-06
0.2668,4.40E-06
0.26687,4.30E-06
0.26695,4.20E-06
0.26703,4.11E-06
0.26711,4.01E-06
0.26719,3.91E-06
0.26727,3.81E-06
0.26734,3.71E-06
0.26742,3.61E-06
0.2675,3.51E-06
0.26758,3.41E-06
0.26766,3.31E-06
0.26773,3.20E-06
0.26781,3.10E-06
0.26789,3.00E-06
0.26797,2.90E-06
0.26805,2.80E-06
0.26813,2.70E-06
0.2682,2.59E-06
0.26828,2.49E-06
0.26836,2.39E-06
0.26844,2.29E-06
0.26852,2.19E-06
0.26859,2.08E-06
0.26867,1.98E-06
0.26875,1.88E-06
0.26883,1.78E-06
0.26891,1.68E-06
0.26898,1.58E-06
0.26906,1.48E-06
0.26914,1.38E-06
0.26922,1.28E-06
0.2693,1.18E-06
0.26937,1.08E-06
0.26945,9.78E-07
0.26953,8.78E-07
0.26961,7.78E-07
0.26969,6.78E-07
0.26977,5.78E-07
0.26984,4.80E-07
0.26992,3.82E-07
0.27,2.83E-07
0.27008,1.86E-07
0.27016,8.90E-08
0.27023,-7.76E-09
0.27031,-1.04E-07
0.27039,-2.00E-07
0.27047,-2.95E-07
0.27055,-3.90E-07
0.27063,-4.83E-07
0.2707,-5.77E-07
0.27078,-6.70E-07
0.27086,-7.62E-07
0.27094,-8.54E-07
0.27102,-9.45E-07
0.27109,-1.04E-06
0.27117,-1.13E-06
0.27125,-1.22E-06
0.27133,-1.30E-06
0.27141,-1.39E-06
0.27148,-1.48E-06
0.27156,-1.56E-06
0.27164,-1.65E-06
0.27172,-1.73E-06
0.2718,-1.82E-06
0.27187,-1.90E-06
0.27195,-1.98E-06
0.27203,-2.06E-06
0.27211,-2.14E-06
0.27219,-2.22E-06
0.27227,-2.30E-06
0.27234,-2.38E-06
0.27242,-2.45E-06
0.2725,-2.53E-06
0.27258,-2.60E-06
0.27266,-2.67E-06
0.27273,-2.74E-06
0.27281,-2.81E-06
0.27289,-2.88E-06
0.27297,-2.95E-06
0.27305,-3.02E-06
0.27313,-3.09E-06
0.2732,-3.15E-06
0.27328,-3.21E-06
0.27336,-3.28E-06
0.27344,-3.34E-06
0.27352,-3.40E-06
0.27359,-3.46E-06
0.27367,-3.52E-06
0.27375,-3.57E-06
0.27383,-3.63E-06
0.27391,-3.68E-06
0.27398,-3.74E-06
0.27406,-3.79E-06
0.27414,-3.84E-06
0.27422,-3.89E-06
0.2743,-3.93E-06
0.27437,-3.98E-06
0.27445,-4.02E-06
0.27453,-4.07E-06
0.27461,-4.11E-06
0.27469,-4.15E-06
0.27477,-4.19E-06
0.27484,-4.23E-06
0.27492,-4.26E-06
0.275,-4.30E-06
0.27508,-4.33E-06
0.27516,-4.37E-06
0.27523,-4.40E-06
0.27531,-4.43E-06
0.27539,-4.46E-06
0.27547,-4.48E-06
0.27555,-4.51E-06
0.27563,-4.54E-06
0.2757,-4.56E-06
0.27578,-4.58E-06
0.27586,-4.60E-06
0.27594,-4.62E-06
0.27602,-4.64E-06
0.27609,-4.65E-06
0.27617,-4.67E-06
0.27625,-4.68E-06
0.27633,-4.69E-06
0.27641,-4.70E-06
0.27648,-4.71E-06
0.27656,-4.72E-06
0.27664,-4.73E-06
0.27672,-4.74E-06
0.2768,-4.74E-06
0.27687,-4.74E-06
0.27695,-4.74E-06
0.27703,-4.74E-06
0.27711,-4.74E-06
0.27719,-4.74E-06
0.27727,-4.74E-06
0.27734,-4.73E-06
0.27742,-4.72E-06
0.2775,-4.71E-06
0.27758,-4.70E-06
0.27766,-4.69E-06
0.27773,-4.68E-06
0.27781,-4.66E-06
0.27789,-4.65E-06
0.27797,-4.63E-06
0.27805,-4.61E-06
0.27813,-4.60E-06
0.2782,-4.58E-06
0.27828,-4.55E-06
0.27836,-4.53E-06
0.27844,-4.51E-06
0.27852,-4.48E-06
0.27859,-4.45E-06
0.27867,-4.43E-06
0.27875,-4.40E-06
0.27883,-4.37E-06
0.27891,-4.34E-06
0.27898,-4.30E-06
0.27906,-4.27E-06
0.27914,-4.23E-06
0.27922,-4.19E-06
0.2793,-4.15E-06
0.27937,-4.11E-06
0.27945,-4.07E-06
0.27953,-4.03E-06
0.27961,-3.99E-06
0.27969,-3.94E-06
0.27977,-3.90E-06
0.27984,-3.85E-06
0.27992,-3.80E-06
0.28,-3.75E-06
0.28008,-3.70E-06
0.28016,-3.65E-06
0.28023,-3.60E-06
0.28031,-3.54E-06
0.28039,-3.49E-06
0.28047,-3.43E-06
0.28055,-3.37E-06
0.28063,-3.31E-06
0.2807,-3.25E-06
0.28078,-3.19E-06
0.28086,-3.13E-06
0.28094,-3.06E-06
0.28102,-3.00E-06
0.28109,-2.93E-06
0.28117,-2.87E-06
0.28125,-2.80E-06
0.28133,-2.73E-06
0.28141,-2.66E-06
0.28148,-2.59E-06
0.28156,-2.52E-06
0.28164,-2.45E-06
0.28172,-2.37E-06
0.2818,-2.30E-06
0.28187,-2.23E-06
0.28195,-2.15E-06
0.28203,-2.07E-06
0.28211,-2.00E-06
0.28219,-1.92E-06
0.28227,-1.84E-06
0.28234,-1.76E-06
0.28242,-1.68E-06
0.2825,-1.60E-06
0.28258,-1.51E-06
0.28266,-1.43E-06
0.28273,-1.34E-06
0.28281,-1.26E-06
0.28289,-1.17E-06
0.28297,-1.09E-06
0.28305,-9.99E-07
0.28313,-9.11E-07
0.2832,-8.22E-07
0.28328,-7.33E-07
0.28336,-6.43E-07
0.28344,-5.53E-07
0.28352,-4.62E-07
0.28359,-3.71E-07
0.28367,-2.79E-07
0.28375,-1.87E-07
0.28383,-9.41E-08
0.28391,-1.13E-09
0.28398,9.24E-08
0.28406,1.86E-07
0.28414,2.80E-07
0.28422,3.75E-07
0.2843,4.70E-07
0.28437,5.65E-07
0.28445,6.60E-07
0.28453,7.56E-07
0.28461,8.51E-07
0.28469,9.48E-07
0.28477,1.04E-06
0.28484,1.14E-06
0.28492,1.24E-06
0.285,1.33E-06
0.28508,1.43E-06
0.28516,1.53E-06
0.28523,1.63E-06
0.28531,1.72E-06
0.28539,1.82E-06
0.28547,1.92E-06
0.28555,2.01E-06
0.28563,2.11E-06
0.2857,2.21E-06
0.28578,2.31E-06
0.28586,2.40E-06
0.28594,2.50E-06
0.28602,2.60E-06
0.28609,2.69E-06
0.28617,2.79E-06
0.28625,2.89E-06
0.28633,2.98E-06
0.28641,3.08E-06
0.28648,3.18E-06
0.28656,3.27E-06
0.28664,3.37E-06
0.28672,3.46E-06
0.2868,3.56E-06
0.28687,3.65E-06
0.28695,3.74E-06
0.28703,3.84E-06
0.28711,3.93E-06
0.28719,4.03E-06
0.28727,4.12E-06
0.28734,4.21E-06
0.28742,4.31E-06
0.2875,4.40E-06
0.28758,4.49E-06
0.28766,4.58E-06
0.28773,4.67E-06
0.28781,4.76E-06
0.28789,4.85E-06
0.28797,4.94E-06
0.28805,5.03E-06
0.28813,5.12E-06
0.2882,5.21E-06
0.28828,5.29E-06
0.28836,5.38E-06
0.28844,5.47E-06
0.28852,5.55E-06
0.28859,5.64E-06
0.28867,5.72E-06
0.28875,5.81E-06
0.28883,5.89E-06
0.28891,5.97E-06
0.28898,6.06E-06
0.28906,6.14E-06
0.28914,6.22E-06
0.28922,6.30E-06
0.2893,6.38E-06
0.28937,6.46E-06
0.28945,6.54E-06
0.28953,6.61E-06
0.28961,6.69E-06
0.28969,6.77E-06
0.28977,6.84E-06
0.28984,6.92E-06
0.28992,6.99E-06
0.29,7.06E-06
0.29008,7.13E-06
0.29016,7.20E-06
0.29023,7.27E-06
0.29031,7.34E-06
0.29039,7.41E-06
0.29047,7.48E-06
0.29055,7.54E-06
0.29063,7.61E-06
0.2907,7.67E-06
0.29078,7.74E-06
0.29086,7.80E-06
0.29094,7.86E-06
0.29102,7.93E-06
0.29109,7.99E-06
0.29117,8.04E-06
0.29125,8.10E-06
0.29133,8.16E-06
0.29141,8.22E-06
0.29148,8.27E-06
0.29156,8.33E-06
0.29164,8.38E-06
0.29172,8.43E-06
0.2918,8.48E-06
0.29187,8.54E-06
0.29195,8.58E-06
0.29203,8.63E-06
0.29211,8.68E-06
0.29219,8.73E-06
0.29227,8.77E-06
0.29234,8.81E-06
0.29242,8.86E-06
0.2925,8.90E-06
0.29258,8.94E-06
0.29266,8.97E-06
0.29273,9.01E-06
0.29281,9.05E-06
0.29289,9.08E-06
0.29297,9.12E-06
0.29305,9.15E-06
0.29313,9.18E-06
0.2932,9.21E-06
0.29328,9.24E-06
0.29336,9.27E-06
0.29344,9.30E-06
0.29352,9.33E-06
0.29359,9.35E-06
0.29367,9.38E-06
0.29375,9.40E-06
0.29383,9.42E-06
0.29391,9.44E-06
0.29398,9.46E-06
0.29406,9.48E-06
0.29414,9.49E-06
0.29422,9.51E-06
0.2943,9.52E-06
0.29437,9.53E-06
0.29445,9.55E-06
0.29453,9.56E-06
0.29461,9.57E-06
0.29469,9.57E-06
0.29477,9.58E-06
0.29484,9.59E-06
0.29492,9.59E-06
0.295,9.59E-06
0.29508,9.60E-06
0.29516,9.60E-06
0.29523,9.60E-06
0.29531,9.60E-06
0.29539,9.59E-06
0.29547,9.59E-06
0.29555,9.58E-06
0.29563,9.58E-06
0.2957,9.57E-06
0.29578,9.57E-06
0.29586,9.56E-06
0.29594,9.55E-06
0.29602,9.54E-06
0.29609,9.52E-06
0.29617,9.51E-06
0.29625,9.49E-06
0.29633,9.48E-06
0.29641,9.46E-06
0.29648,9.44E-06
0.29656,9.42E-06
0.29664,9.40E-06
0.29672,9.38E-06
0.2968,9.36E-06
0.29688,9.33E-06
0.29695,9.31E-06
0.29703,9.29E-06
0.29711,9.26E-06
0.29719,9.23E-06
0.29727,9.20E-06
0.29734,9.18E-06
0.29742,9.15E-06
0.2975,9.12E-06
0.29758,9.08E-06
0.29766,9.05E-06
0.29773,9.02E-06
0.29781,8.98E-06
0.29789,8.95E-06
0.29797,8.91E-06
0.29805,8.88E-06
0.29812,8.84E-06
0.2982,8.80E-06
0.29828,8.76E-06
0.29836,8.72E-06
0.29844,8.68E-06
0.29852,8.64E-06
0.29859,8.60E-06
0.29867,8.55E-06
0.29875,8.51E-06
0.29883,8.47E-06
0.29891,8.42E-06
0.29898,8.38E-06
0.29906,8.33E-06
0.29914,8.28E-06
0.29922,8.23E-06
0.2993,8.19E-06
0.29938,8.14E-06
0.29945,8.09E-06
0.29953,8.04E-06
0.29961,7.98E-06
0.29969,7.93E-06
0.29977,7.88E-06
0.29984,7.83E-06
0.29992,7.78E-06
0.3,7.72E-06
0.30008,7.67E-06
0.30016,7.61E-06
0.30023,7.56E-06
0.30031,7.50E-06
0.30039,7.45E-06
0.30047,7.39E-06
0.30055,7.33E-06
0.30062,7.28E-06
0.3007,7.22E-06
0.30078,7.16E-06
0.30086,7.10E-06
0.30094,7.04E-06
0.30102,6.98E-06
0.30109,6.92E-06
0.30117,6.86E-06
0.30125,6.80E-06
0.30133,6.74E-06
0.30141,6.67E-06
0.30148,6.61E-06
0.30156,6.55E-06
0.30164,6.48E-06
0.30172,6.42E-06
0.3018,6.35E-06
0.30188,6.29E-06
0.30195,6.23E-06
0.30203,6.16E-06
0.30211,6.10E-06
0.30219,6.03E-06
0.30227,5.96E-06
0.30234,5.90E-06
0.30242,5.83E-06
0.3025,5.77E-06
0.30258,5.70E-06
0.30266,5.63E-06
0.30273,5.57E-06
0.30281,5.50E-06
0.30289,5.43E-06
0.30297,5.36E-06
0.30305,5.30E-06
0.30312,5.23E-06
0.3032,5.16E-06
0.30328,5.10E-06
0.30336,5.03E-06
0.30344,4.96E-06
0.30352,4.89E-06
0.30359,4.83E-06
0.30367,4.76E-06
0.30375,4.69E-06
0.30383,4.62E-06
0.30391,4.56E-06
0.30398,4.49E-06
0.30406,4.42E-06
0.30414,4.36E-06
0.30422,4.29E-06
0.3043,4.22E-06
0.30438,4.16E-06
0.30445,4.09E-06
0.30453,4.03E-06
0.30461,3.96E-06
0.30469,3.90E-06
0.30477,3.83E-06
0.30484,3.77E-06
0.30492,3.70E-06
0.305,3.64E-06
0.30508,3.58E-06
0.30516,3.51E-06
0.30523,3.45E-06
0.30531,3.39E-06
0.30539,3.33E-06
0.30547,3.27E-06
0.30555,3.21E-06
0.30562,3.14E-06
0.3057,3.08E-06
0.30578,3.02E-06
0.30586,2.97E-06
0.30594,2.91E-06
0.30602,2.85E-06
0.30609,2.79E-06
0.30617,2.74E-06
0.30625,2.68E-06
0.30633,2.63E-06
0.30641,2.57E-06
0.30648,2.52E-06
0.30656,2.46E-06
0.30664,2.41E-06
0.30672,2.36E-06
0.3068,2.31E-06
0.30688,2.26E-06
0.30695,2.21E-06
0.30703,2.16E-06
0.30711,2.11E-06
0.30719,2.06E-06
0.30727,2.01E-06
0.30734,1.97E-06
0.30742,1.92E-06
0.3075,1.87E-06
0.30758,1.83E-06
0.30766,1.78E-06
0.30773,1.74E-06
0.30781,1.70E-06
0.30789,1.66E-06
0.30797,1.61E-06
0.30805,1.57E-06
0.30812,1.53E-06
0.3082,1.49E-06
0.30828,1.45E-06
0.30836,1.42E-06
0.30844,1.38E-06
0.30852,1.34E-06
0.30859,1.31E-06
0.30867,1.27E-06
0.30875,1.24E-06
0.30883,1.21E-06
0.30891,1.17E-06
0.30898,1.14E-06
0.30906,1.11E-06
0.30914,1.08E-06
0.30922,1.05E-06
0.3093,1.02E-06
0.30938,9.92E-07
0.30945,9.65E-07
0.30953,9.39E-07
0.30961,9.14E-07
0.30969,8.89E-07
0.30977,8.66E-07
0.30984,8.43E-07
0.30992,8.21E-07
0.31,7.99E-07
0.31008,7.78E-07
0.31016,7.59E-07
0.31023,7.39E-07
0.31031,7.20E-07
0.31039,7.03E-07
0.31047,6.86E-07
0.31055,6.70E-07
0.31062,6.54E-07
0.3107,6.39E-07
0.31078,6.25E-07
0.31086,6.12E-07
0.31094,5.99E-07
0.31102,5.87E-07
0.31109,5.76E-07
0.31117,5.66E-07
0.31125,5.57E-07
0.31133,5.48E-07
0.31141,5.40E-07
0.31148,5.33E-07
0.31156,5.26E-07
0.31164,5.20E-07
0.31172,5.15E-07
0.3118,5.10E-07
0.31188,5.07E-07
0.31195,5.04E-07
0.31203,5.01E-07
0.31211,5.01E-07
0.31219,5.02E-07
0.31227,5.04E-07
0.31234,5.06E-07
0.31242,5.09E-07
0.3125,5.12E-07
0.31258,5.16E-07
0.31266,5.21E-07
0.31273,5.27E-07
0.31281,5.33E-07
0.31289,5.40E-07
0.31297,5.48E-07
0.31305,5.56E-07
0.31312,5.65E-07
0.3132,5.74E-07
0.31328,5.84E-07
0.31336,5.96E-07
0.31344,6.08E-07
0.31352,6.20E-07
0.31359,6.33E-07
0.31367,6.47E-07
0.31375,6.62E-07
0.31383,6.77E-07
0.31391,6.93E-07
0.31398,7.10E-07
0.31406,7.27E-07
0.31414,7.45E-07
0.31422,7.64E-07
0.3143,7.83E-07
0.31438,8.03E-07
0.31445,8.24E-07
0.31453,8.45E-07
0.31461,8.67E-07
0.31469,8.89E-07
0.31477,9.12E-07
0.31484,9.36E-07
0.31492,9.60E-07
0.315,9.86E-07
0.31508,1.01E-06
0.31516,1.04E-06
0.31523,1.07E-06
0.31531,1.10E-06
0.31539,1.13E-06
0.31547,1.16E-06
0.31555,1.19E-06
0.31562,1.22E-06
0.3157,1.25E-06
0.31578,1.28E-06
0.31586,1.31E-06
0.31594,1.34E-06
0.31602,1.37E-06
0.31609,1.41E-06
0.31617,1.44E-06
0.31625,1.48E-06
0.31633,1.51E-06
0.31641,1.55E-06
0.31648,1.58E-06
0.31656,1.62E-06
0.31664,1.65E-06
0.31672,1.69E-06
0.3168,1.73E-06
0.31688,1.76E-06
0.31695,1.80E-06
0.31703,1.84E-06
0.31711,1.88E-06
0.31719,1.91E-06
0.31727,1.95E-06
0.31734,1.99E-06
0.31742,2.03E-06
0.3175,2.07E-06
0.31758,2.11E-06
0.31766,2.15E-06
0.31773,2.19E-06
0.31781,2.23E-06
0.31789,2.27E-06
0.31797,2.31E-06
0.31805,2.35E-06
0.31812,2.39E-06
0.3182,2.43E-06
0.31828,2.47E-06
0.31836,2.51E-06
0.31844,2.55E-06
0.31852,2.59E-06
0.31859,2.64E-06
0.31867,2.68E-06
0.31875,2.72E-06
0.31883,2.76E-06
0.31891,2.80E-06
0.31898,2.84E-06
0.31906,2.88E-06
0.31914,2.92E-06
0.31922,2.96E-06
0.3193,3.00E-06
0.31938,3.04E-06
0.31945,3.09E-06
0.31953,3.13E-06
0.31961,3.17E-06
0.31969,3.20E-06
0.31977,3.24E-06
0.31984,3.28E-06
0.31992,3.32E-06
0.32,3.36E-06
0.32008,3.40E-06
0.32016,3.44E-06
0.32023,3.48E-06
0.32031,3.52E-06
0.32039,3.56E-06
0.32047,3.59E-06
0.32055,3.63E-06
0.32062,3.67E-06
0.3207,3.71E-06
0.32078,3.74E-06
0.32086,3.78E-06
0.32094,3.82E-06
0.32102,3.85E-06
0.32109,3.89E-06
0.32117,3.93E-06
0.32125,3.96E-06
0.32133,3.99E-06
0.32141,4.03E-06
0.32148,4.06E-06
0.32156,4.10E-06
0.32164,4.13E-06
0.32172,4.17E-06
0.3218,4.20E-06
0.32188,4.23E-06
0.32195,4.26E-06
0.32203,4.30E-06
0.32211,4.33E-06
0.32219,4.36E-06
0.32227,4.39E-06
0.32234,4.42E-06
0.32242,4.45E-06
0.3225,4.48E-06
0.32258,4.51E-06
0.32266,4.54E-06
0.32273,4.57E-06
0.32281,4.59E-06
0.32289,4.62E-06
0.32297,4.65E-06
0.32305,4.68E-06
0.32312,4.70E-06
0.3232,4.73E-06
0.32328,4.75E-06
0.32336,4.78E-06
0.32344,4.80E-06
0.32352,4.82E-06
0.32359,4.85E-06
0.32367,4.87E-06
0.32375,4.89E-06
0.32383,4.91E-06
0.32391,4.93E-06
0.32398,4.95E-06
0.32406,4.97E-06
0.32414,4.99E-06
0.32422,5.00E-06
0.3243,5.02E-06
0.32438,5.04E-06
0.32445,5.05E-06
0.32453,5.07E-06
0.32461,5.08E-06
0.32469,5.10E-06
0.32477,5.11E-06
0.32484,5.12E-06
0.32492,5.14E-06
0.325,5.15E-06
0.32508,5.16E-06
0.32516,5.17E-06
0.32523,5.18E-06
0.32531,5.18E-06
0.32539,5.19E-06
0.32547,5.20E-06
0.32555,5.21E-06
0.32562,5.21E-06
0.3257,5.22E-06
0.32578,5.22E-06
0.32586,5.23E-06
0.32594,5.23E-06
0.32602,5.23E-06
0.32609,5.23E-06
0.32617,5.23E-06
0.32625,5.24E-06
0.32633,5.23E-06
0.32641,5.23E-06
0.32648,5.23E-06
0.32656,5.23E-06
0.32664,5.22E-06
0.32672,5.22E-06
0.3268,5.22E-06
0.32688,5.21E-06
0.32695,5.20E-06
0.32703,5.20E-06
0.32711,5.19E-06
0.32719,5.18E-06
0.32727,5.17E-06
0.32734,5.15E-06
0.32742,5.14E-06
0.3275,5.13E-06
0.32758,5.11E-06
0.32766,5.10E-06
0.32773,5.08E-06
0.32781,5.07E-06
0.32789,5.05E-06
0.32797,5.03E-06
0.32805,5.02E-06
0.32812,5.00E-06
0.3282,4.98E-06
0.32828,4.96E-06
0.32836,4.93E-06
0.32844,4.91E-06
0.32852,4.89E-06
0.32859,4.87E-06
0.32867,4.84E-06
0.32875,4.82E-06
0.32883,4.79E-06
0.32891,4.76E-06
0.32898,4.74E-06
0.32906,4.71E-06
0.32914,4.68E-06
0.32922,4.65E-06
0.3293,4.62E-06
0.32937,4.59E-06
0.32945,4.56E-06
0.32953,4.52E-06
0.32961,4.49E-06
0.32969,4.46E-06
0.32977,4.42E-06
0.32984,4.39E-06
0.32992,4.35E-06
0.33,4.32E-06
0.33008,4.28E-06
0.33016,4.24E-06
0.33023,4.20E-06
0.33031,4.16E-06
0.33039,4.12E-06
0.33047,4.08E-06
0.33055,4.04E-06
0.33063,4.00E-06
0.3307,3.95E-06
0.33078,3.91E-06
0.33086,3.87E-06
0.33094,3.82E-06
0.33102,3.78E-06
0.33109,3.74E-06
0.33117,3.69E-06
0.33125,3.64E-06
0.33133,3.60E-06
0.33141,3.55E-06
0.33148,3.50E-06
0.33156,3.45E-06
0.33164,3.41E-06
0.33172,3.36E-06
0.3318,3.31E-06
0.33187,3.26E-06
0.33195,3.21E-06
0.33203,3.16E-06
0.33211,3.11E-06
0.33219,3.06E-06
0.33227,3.00E-06
0.33234,2.95E-06
0.33242,2.90E-06
0.3325,2.85E-06
0.33258,2.79E-06
0.33266,2.74E-06
0.33273,2.69E-06
0.33281,2.63E-06
0.33289,2.58E-06
0.33297,2.52E-06
0.33305,2.47E-06
0.33313,2.41E-06
0.3332,2.36E-06
0.33328,2.30E-06
0.33336,2.24E-06
0.33344,2.19E-06
0.33352,2.13E-06
0.33359,2.07E-06
0.33367,2.01E-06
0.33375,1.95E-06
0.33383,1.90E-06
0.33391,1.84E-06
0.33398,1.78E-06
0.33406,1.72E-06
0.33414,1.66E-06
0.33422,1.60E-06
0.3343,1.54E-06
0.33437,1.47E-06
0.33445,1.41E-06
0.33453,1.35E-06
0.33461,1.29E-06
0.33469,1.23E-06
0.33477,1.17E-06
0.33484,1.11E-06
0.33492,1.04E-06
0.335,9.82E-07
0.33508,9.20E-07
0.33516,8.57E-07
0.33523,7.95E-07
0.33531,7.33E-07
0.33539,6.71E-07
0.33547,6.09E-07
0.33555,5.46E-07
0.33563,4.83E-07
0.3357,4.20E-07
0.33578,3.57E-07
0.33586,2.94E-07
0.33594,2.32E-07
0.33602,1.69E-07
0.33609,1.06E-07
0.33617,4.36E-08
0.33625,-1.88E-08
0.33633,-8.14E-08
0.33641,-1.44E-07
0.33648,-2.06E-07
0.33656,-2.68E-07
0.33664,-3.31E-07
0.33672,-3.93E-07
0.3368,-4.56E-07
0.33687,-5.17E-07
0.33695,-5.79E-07
0.33703,-6.41E-07
0.33711,-7.03E-07
0.33719,-7.64E-07
0.33727,-8.26E-07
0.33734,-8.88E-07
0.33742,-9.49E-07
0.3375,-1.01E-06
0.33758,-1.07E-06
0.33766,-1.13E-06
0.33773,-1.19E-06
0.33781,-1.25E-06
0.33789,-1.31E-06
0.33797,-1.37E-06
0.33805,-1.42E-06
0.33813,-1.48E-06
0.3382,-1.54E-06
0.33828,-1.60E-06
0.33836,-1.66E-06
0.33844,-1.71E-06
0.33852,-1.77E-06
0.33859,-1.83E-06
0.33867,-1.88E-06
0.33875,-1.94E-06
0.33883,-1.99E-06
0.33891,-2.05E-06
0.33898,-2.10E-06
0.33906,-2.15E-06
0.33914,-2.21E-06
0.33922,-2.26E-06
0.3393,-2.31E-06
0.33937,-2.36E-06
0.33945,-2.41E-06
0.33953,-2.46E-06
0.33961,-2.51E-06
0.33969,-2.56E-06
0.33977,-2.61E-06
0.33984,-2.65E-06
0.33992,-2.70E-06
0.34,-2.75E-06
0.34008,-2.79E-06
0.34016,-2.84E-06
0.34023,-2.88E-06
0.34031,-2.93E-06
0.34039,-2.97E-06
0.34047,-3.01E-06
0.34055,-3.06E-06
0.34063,-3.10E-06
0.3407,-3.14E-06
0.34078,-3.18E-06
0.34086,-3.22E-06
0.34094,-3.26E-06
0.34102,-3.30E-06
0.34109,-3.34E-06
0.34117,-3.37E-06
0.34125,-3.41E-06
0.34133,-3.45E-06
0.34141,-3.48E-06
0.34148,-3.52E-06
0.34156,-3.55E-06
0.34164,-3.59E-06
0.34172,-3.62E-06
0.3418,-3.65E-06
0.34187,-3.68E-06
0.34195,-3.72E-06
0.34203,-3.75E-06
0.34211,-3.78E-06
0.34219,-3.81E-06
0.34227,-3.83E-06
0.34234,-3.86E-06
0.34242,-3.89E-06
0.3425,-3.92E-06
0.34258,-3.94E-06
0.34266,-3.97E-06
0.34273,-3.99E-06
0.34281,-4.01E-06
0.34289,-4.04E-06
0.34297,-4.06E-06
0.34305,-4.08E-06
0.34313,-4.10E-06
0.3432,-4.12E-06
0.34328,-4.14E-06
0.34336,-4.16E-06
0.34344,-4.18E-06
0.34352,-4.19E-06
0.34359,-4.21E-06
0.34367,-4.23E-06
0.34375,-4.24E-06
0.34383,-4.26E-06
0.34391,-4.27E-06
0.34398,-4.29E-06
0.34406,-4.30E-06
0.34414,-4.31E-06
0.34422,-4.32E-06
0.3443,-4.33E-06
0.34437,-4.34E-06
0.34445,-4.36E-06
0.34453,-4.36E-06
0.34461,-4.37E-06
0.34469,-4.38E-06
0.34477,-4.39E-06
0.34484,-4.39E-06
0.34492,-4.40E-06
0.345,-4.41E-06
0.34508,-4.41E-06
0.34516,-4.41E-06
0.34523,-4.42E-06
0.34531,-4.42E-06
0.34539,-4.42E-06
0.34547,-4.42E-06
0.34555,-4.42E-06
0.34563,-4.43E-06
0.3457,-4.42E-06
0.34578,-4.42E-06
0.34586,-4.42E-06
0.34594,-4.42E-06
0.34602,-4.41E-06
0.34609,-4.41E-06
0.34617,-4.40E-06
0.34625,-4.39E-06
0.34633,-4.39E-06
0.34641,-4.38E-06
0.34648,-4.37E-06
0.34656,-4.36E-06
0.34664,-4.35E-06
0.34672,-4.34E-06
0.3468,-4.33E-06
0.34687,-4.32E-06
0.34695,-4.31E-06
0.34703,-4.30E-06
0.34711,-4.29E-06
0.34719,-4.27E-06
0.34727,-4.26E-06
0.34734,-4.24E-06
0.34742,-4.23E-06
0.3475,-4.21E-06
0.34758,-4.19E-06
0.34766,-4.18E-06
0.34773,-4.16E-06
0.34781,-4.14E-06
0.34789,-4.12E-06
0.34797,-4.10E-06
0.34805,-4.08E-06
0.34813,-4.06E-06
0.3482,-4.04E-06
0.34828,-4.02E-06
0.34836,-4.00E-06
0.34844,-3.97E-06
0.34852,-3.95E-06
0.34859,-3.93E-06
0.34867,-3.90E-06
0.34875,-3.88E-06
0.34883,-3.85E-06
0.34891,-3.82E-06
0.34898,-3.80E-06
0.34906,-3.77E-06
0.34914,-3.74E-06
0.34922,-3.71E-06
0.3493,-3.69E-06
0.34937,-3.66E-06
0.34945,-3.63E-06
0.34953,-3.59E-06
0.34961,-3.56E-06
0.34969,-3.53E-06
0.34977,-3.50E-06
0.34984,-3.47E-06
0.34992,-3.43E-06
0.35,-3.40E-06
0.35008,-3.36E-06
0.35016,-3.33E-06
0.35023,-3.30E-06
0.35031,-3.26E-06
0.35039,-3.23E-06
0.35047,-3.19E-06
0.35055,-3.15E-06
0.35063,-3.12E-06
0.3507,-3.08E-06
0.35078,-3.04E-06
0.35086,-3.01E-06
0.35094,-2.97E-06
0.35102,-2.93E-06
0.35109,-2.89E-06
0.35117,-2.86E-06
0.35125,-2.82E-06
0.35133,-2.78E-06
0.35141,-2.74E-06
0.35148,-2.70E-06
0.35156,-2.66E-06
0.35164,-2.63E-06
0.35172,-2.59E-06
0.3518,-2.55E-06
0.35187,-2.51E-06
0.35195,-2.47E-06
0.35203,-2.43E-06
0.35211,-2.39E-06
0.35219,-2.35E-06
0.35227,-2.31E-06
0.35234,-2.27E-06
0.35242,-2.23E-06
0.3525,-2.19E-06
0.35258,-2.15E-06
0.35266,-2.10E-06
0.35273,-2.06E-06
0.35281,-2.02E-06
0.35289,-1.98E-06
0.35297,-1.94E-06
0.35305,-1.90E-06
0.35313,-1.86E-06
0.3532,-1.82E-06
0.35328,-1.78E-06
0.35336,-1.74E-06
0.35344,-1.70E-06
0.35352,-1.66E-06
0.35359,-1.62E-06
0.35367,-1.58E-06
0.35375,-1.54E-06
0.35383,-1.50E-06
0.35391,-1.46E-06
0.35398,-1.42E-06
0.35406,-1.38E-06
0.35414,-1.33E-06
0.35422,-1.29E-06
0.3543,-1.25E-06
0.35437,-1.21E-06
0.35445,-1.18E-06
0.35453,-1.13E-06
0.35461,-1.10E-06
0.35469,-1.06E-06
0.35477,-1.02E-06
0.35484,-9.76E-07
0.35492,-9.36E-07
0.355,-8.97E-07
0.35508,-8.58E-07
0.35516,-8.20E-07
0.35523,-7.81E-07
0.35531,-7.43E-07
0.35539,-7.04E-07
0.35547,-6.66E-07
0.35555,-6.28E-07
0.35563,-5.90E-07
0.3557,-5.52E-07
0.35578,-5.14E-07
0.35586,-4.76E-07
0.35594,-4.40E-07
0.35602,-4.03E-07
0.35609,-3.66E-07
0.35617,-3.30E-07
0.35625,-2.93E-07
0.35633,-2.57E-07
0.35641,-2.21E-07
0.35648,-1.85E-07
0.35656,-1.50E-07
0.35664,-1.15E-07
0.35672,-7.97E-08
0.3568,-4.49E-08
0.35687,-9.53E-09
0.35695,2.55E-08
0.35703,5.95E-08
0.35711,9.35E-08
0.35719,1.27E-07
0.35727,1.60E-07
0.35734,1.93E-07
0.35742,2.26E-07
0.3575,2.58E-07
0.35758,2.90E-07
0.35766,3.22E-07
0.35773,3.53E-07
0.35781,3.83E-07
0.35789,4.14E-07
0.35797,4.45E-07
0.35805,4.75E-07
0.35813,5.04E-07
0.3582,5.34E-07
0.35828,5.63E-07
0.35836,5.91E-07
0.35844,6.19E-07
0.35852,6.48E-07
0.35859,6.75E-07
0.35867,7.02E-07
0.35875,7.30E-07
0.35883,7.56E-07
0.35891,7.82E-07
0.35898,8.08E-07
0.35906,8.33E-07
0.35914,8.56E-07
0.35922,8.79E-07
0.3593,9.01E-07
0.35938,9.23E-07
0.35945,9.45E-07
0.35953,9.66E-07
0.35961,9.87E-07
0.35969,1.01E-06
0.35977,1.03E-06
0.35984,1.05E-06
0.35992,1.07E-06
0.36,1.08E-06
0.36008,1.10E-06
0.36016,1.12E-06
0.36023,1.14E-06
0.36031,1.15E-06
0.36039,1.17E-06
0.36047,1.19E-06
0.36055,1.20E-06
0.36062,1.21E-06
0.3607,1.23E-06
0.36078,1.24E-06
0.36086,1.26E-06
0.36094,1.27E-06
0.36102,1.28E-06
0.36109,1.29E-06
0.36117,1.30E-06
0.36125,1.31E-06
0.36133,1.32E-06
0.36141,1.33E-06
0.36148,1.34E-06
0.36156,1.35E-06
0.36164,1.36E-06
0.36172,1.37E-06
0.3618,1.38E-06
0.36188,1.38E-06
0.36195,1.39E-06
0.36203,1.39E-06
0.36211,1.40E-06
0.36219,1.40E-06
0.36227,1.41E-06
0.36234,1.41E-06
0.36242,1.42E-06
0.3625,1.42E-06
0.36258,1.42E-06
0.36266,1.42E-06
0.36273,1.43E-06
0.36281,1.43E-06
0.36289,1.43E-06
0.36297,1.43E-06
0.36305,1.43E-06
0.36312,1.43E-06
0.3632,1.43E-06
0.36328,1.43E-06
0.36336,1.43E-06
0.36344,1.43E-06
0.36352,1.43E-06
0.36359,1.42E-06
0.36367,1.42E-06
0.36375,1.42E-06
0.36383,1.41E-06
0.36391,1.41E-06
0.36398,1.40E-06
0.36406,1.39E-06
0.36414,1.39E-06
0.36422,1.38E-06
0.3643,1.38E-06
0.36438,1.37E-06
0.36445,1.36E-06
0.36453,1.35E-06
0.36461,1.35E-06
0.36469,1.34E-06
0.36477,1.33E-06
0.36484,1.32E-06
0.36492,1.31E-06
0.365,1.30E-06
0.36508,1.29E-06
0.36516,1.28E-06
0.36523,1.27E-06
0.36531,1.26E-06
0.36539,1.25E-06
0.36547,1.24E-06
0.36555,1.23E-06
0.36562,1.22E-06
0.3657,1.21E-06
0.36578,1.20E-06
0.36586,1.18E-06
0.36594,1.17E-06
0.36602,1.16E-06
0.36609,1.15E-06
0.36617,1.13E-06
0.36625,1.12E-06
0.36633,1.11E-06
0.36641,1.09E-06
0.36648,1.08E-06
0.36656,1.07E-06
0.36664,1.05E-06
0.36672,1.04E-06
0.3668,1.03E-06
0.36688,1.01E-06
0.36695,9.97E-07
0.36703,9.82E-07
0.36711,9.67E-07
0.36719,9.52E-07
0.36727,9.36E-07
0.36734,9.21E-07
0.36742,9.06E-07
0.3675,8.90E-07
0.36758,8.74E-07
0.36766,8.58E-07
0.36773,8.41E-07
0.36781,8.25E-07
0.36789,8.09E-07
0.36797,7.93E-07
0.36805,7.76E-07
0.36812,7.60E-07
0.3682,7.42E-07
0.36828,7.25E-07
0.36836,7.07E-07
0.36844,6.90E-07
0.36852,6.73E-07
0.36859,6.55E-07
0.36867,6.38E-07
0.36875,6.21E-07
0.36883,6.03E-07
0.36891,5.86E-07
0.36898,5.69E-07
0.36906,5.52E-07
0.36914,5.35E-07
0.36922,5.16E-07
0.3693,4.98E-07
0.36938,4.79E-07
0.36945,4.61E-07
0.36953,4.43E-07
0.36961,4.24E-07
0.36969,4.06E-07
0.36977,3.88E-07
0.36984,3.70E-07
0.36992,3.51E-07
0.37,3.33E-07
0.37008,3.15E-07
0.37016,2.97E-07
0.37023,2.78E-07
0.37031,2.60E-07
0.37039,2.42E-07
0.37047,2.25E-07
0.37055,2.08E-07
0.37062,1.91E-07
0.3707,1.75E-07
0.37078,1.58E-07
0.37086,1.41E-07
0.37094,1.24E-07
0.37102,1.07E-07
0.37109,9.06E-08
0.37117,7.38E-08
0.37125,5.70E-08
0.37133,4.02E-08
0.37141,2.34E-08
0.37148,7.41E-09
0.37156,-8.27E-09
0.37164,-2.38E-08
0.37172,-3.91E-08
0.3718,-5.47E-08
0.37188,-7.00E-08
0.37195,-8.49E-08
0.37203,-9.90E-08
0.37211,-1.13E-07
0.37219,-1.27E-07
0.37227,-1.42E-07
0.37234,-1.56E-07
0.37242,-1.70E-07
0.3725,-1.83E-07
0.37258,-1.96E-07
0.37266,-2.09E-07
0.37273,-2.22E-07
0.37281,-2.34E-07
0.37289,-2.46E-07
0.37297,-2.58E-07
0.37305,-2.69E-07
0.37312,-2.79E-07
0.3732,-2.90E-07
0.37328,-3.00E-07
0.37336,-3.11E-07
0.37344,-3.21E-07
0.37352,-3.30E-07
0.37359,-3.39E-07
0.37367,-3.48E-07
0.37375,-3.56E-07
0.37383,-3.64E-07
0.37391,-3.72E-07
0.37398,-3.80E-07
0.37406,-3.87E-07
0.37414,-3.94E-07
0.37422,-4.01E-07
0.3743,-4.07E-07
0.37438,-4.13E-07
0.37445,-4.18E-07
0.37453,-4.24E-07
0.37461,-4.29E-07
0.37469,-4.33E-07
0.37477,-4.38E-07
0.37484,-4.42E-07
0.37492,-4.45E-07
0.375,-4.48E-07
0.37508,-4.51E-07
0.37516,-4.53E-07
0.37523,-4.54E-07
0.37531,-4.55E-07
0.37539,-4.55E-07
0.37547,-4.54E-07
0.37555,-4.52E-07
0.37562,-4.51E-07
0.3757,-4.49E-07
0.37578,-4.48E-07
0.37586,-4.46E-07
0.37594,-4.44E-07
0.37602,-4.42E-07
0.37609,-4.39E-07
0.37617,-4.37E-07
0.37625,-4.34E-07
0.37633,-4.30E-07
0.37641,-4.26E-07
0.37648,-4.22E-07
0.37656,-4.18E-07
0.37664,-4.14E-07
0.37672,-4.09E-07
0.3768,-4.04E-07
0.37688,-3.98E-07
0.37695,-3.92E-07
0.37703,-3.86E-07
0.37711,-3.80E-07
0.37719,-3.74E-07
0.37727,-3.67E-07
0.37734,-3.60E-07
0.37742,-3.52E-07
0.3775,-3.45E-07
0.37758,-3.38E-07
0.37766,-3.29E-07
0.37773,-3.21E-07
0.37781,-3.13E-07
0.37789,-3.03E-07
0.37797,-2.94E-07
0.37805,-2.84E-07
0.37812,-2.75E-07
0.3782,-2.64E-07
0.37828,-2.53E-07
0.37836,-2.42E-07
0.37844,-2.31E-07
0.37852,-2.21E-07
0.37859,-2.09E-07
0.37867,-1.97E-07
0.37875,-1.86E-07
0.37883,-1.73E-07
0.37891,-1.61E-07
0.37898,-1.47E-07
0.37906,-1.35E-07
0.37914,-1.22E-07
0.37922,-1.08E-07
0.3793,-9.38E-08
0.37938,-7.97E-08
0.37945,-6.53E-08
0.37953,-4.99E-08
0.37961,-3.46E-08
0.37969,-1.95E-08
0.37977,-3.95E-09
0.37984,1.20E-08
0.37992,2.84E-08
0.38,4.51E-08
0.38008,6.18E-08
0.38016,7.90E-08
0.38023,9.66E-08
0.38031,1.14E-07
0.38039,1.32E-07
0.38047,1.51E-07
0.38055,1.70E-07
0.38062,1.88E-07
0.3807,2.08E-07
0.38078,2.28E-07
0.38086,2.47E-07
0.38094,2.67E-07
0.38102,2.87E-07
0.38109,3.07E-07
0.38117,3.28E-07
0.38125,3.49E-07
0.38133,3.70E-07
0.38141,3.92E-07
0.38148,4.15E-07
0.38156,4.37E-07
0.38164,4.59E-07
0.38172,4.82E-07
0.3818,5.05E-07
0.38188,5.28E-07
0.38195,5.52E-07
0.38203,5.75E-07
0.38211,5.98E-07
0.38219,6.23E-07
0.38227,6.49E-07
0.38234,6.74E-07
0.38242,6.99E-07
0.3825,7.25E-07
0.38258,7.52E-07
0.38266,7.78E-07
0.38273,8.05E-07
0.38281,8.31E-07
0.38289,8.57E-07
0.38297,8.84E-07
0.38305,9.11E-07
0.38312,9.38E-07
0.3832,9.66E-07
0.38328,9.93E-07
0.38336,1.02E-06
0.38344,1.05E-06
0.38352,1.08E-06
0.38359,1.10E-06
0.38367,1.13E-06
0.38375,1.16E-06
0.38383,1.19E-06
0.38391,1.21E-06
0.38398,1.24E-06
0.38406,1.27E-06
0.38414,1.30E-06
0.38422,1.33E-06
0.3843,1.36E-06
0.38438,1.38E-06
0.38445,1.41E-06
0.38453,1.44E-06
0.38461,1.47E-06
0.38469,1.50E-06
0.38477,1.52E-06
0.38484,1.55E-06
0.38492,1.58E-06
0.385,1.61E-06
0.38508,1.64E-06
0.38516,1.66E-06
0.38523,1.69E-06
0.38531,1.72E-06
0.38539,1.75E-06
0.38547,1.77E-06
0.38555,1.80E-06
0.38562,1.83E-06
0.3857,1.85E-06
0.38578,1.88E-06
0.38586,1.91E-06
0.38594,1.93E-06
0.38602,1.96E-06
0.38609,1.99E-06
0.38617,2.01E-06
0.38625,2.04E-06
0.38633,2.06E-06
0.38641,2.09E-06
0.38648,2.11E-06
0.38656,2.14E-06
0.38664,2.16E-06
0.38672,2.19E-06
0.3868,2.21E-06
0.38688,2.24E-06
0.38695,2.26E-06
0.38703,2.29E-06
0.38711,2.31E-06
0.38719,2.33E-06
0.38727,2.36E-06
0.38734,2.38E-06
0.38742,2.40E-06
0.3875,2.42E-06
0.38758,2.45E-06
0.38766,2.47E-06
0.38773,2.49E-06
0.38781,2.51E-06
0.38789,2.53E-06
0.38797,2.55E-06
0.38805,2.57E-06
0.38812,2.59E-06
0.3882,2.61E-06
0.38828,2.63E-06
0.38836,2.65E-06
0.38844,2.66E-06
0.38852,2.68E-06
0.38859,2.70E-06
0.38867,2.72E-06
0.38875,2.74E-06
0.38883,2.76E-06
0.38891,2.78E-06
0.38898,2.79E-06
0.38906,2.81E-06
0.38914,2.83E-06
0.38922,2.84E-06
0.3893,2.86E-06
0.38938,2.88E-06
0.38945,2.89E-06
0.38953,2.91E-06
0.38961,2.92E-06
0.38969,2.94E-06
0.38977,2.95E-06
0.38984,2.97E-06
0.38992,2.98E-06
0.39,3.00E-06
0.39008,3.01E-06
0.39016,3.02E-06
0.39023,3.04E-06
0.39031,3.05E-06
0.39039,3.06E-06
0.39047,3.08E-06
0.39055,3.09E-06
0.39062,3.10E-06
0.3907,3.11E-06
0.39078,3.12E-06
0.39086,3.13E-06
0.39094,3.14E-06
0.39102,3.15E-06
0.39109,3.16E-06
0.39117,3.17E-06
0.39125,3.18E-06
0.39133,3.19E-06
0.39141,3.20E-06
0.39148,3.21E-06
0.39156,3.22E-06
0.39164,3.23E-06
0.39172,3.23E-06
0.3918,3.24E-06
0.39187,3.25E-06
0.39195,3.25E-06
0.39203,3.26E-06
0.39211,3.27E-06
0.39219,3.27E-06
0.39227,3.28E-06
0.39234,3.28E-06
0.39242,3.29E-06
0.3925,3.29E-06
0.39258,3.29E-06
0.39266,3.30E-06
0.39273,3.30E-06
0.39281,3.30E-06
0.39289,3.30E-06
0.39297,3.31E-06
0.39305,3.31E-06
0.39313,3.31E-06
0.3932,3.31E-06
0.39328,3.31E-06
0.39336,3.31E-06
0.39344,3.31E-06
0.39352,3.30E-06
0.39359,3.30E-06
0.39367,3.30E-06
0.39375,3.30E-06
0.39383,3.30E-06
0.39391,3.29E-06
0.39398,3.29E-06
0.39406,3.29E-06
0.39414,3.28E-06
0.39422,3.28E-06
0.3943,3.27E-06
0.39437,3.27E-06
0.39445,3.26E-06
0.39453,3.25E-06
0.39461,3.25E-06
0.39469,3.24E-06
0.39477,3.23E-06
0.39484,3.22E-06
0.39492,3.21E-06
0.395,3.20E-06
0.39508,3.19E-06
0.39516,3.18E-06
0.39523,3.17E-06
0.39531,3.16E-06
0.39539,3.14E-06
0.39547,3.13E-06
0.39555,3.12E-06
0.39563,3.11E-06
0.3957,3.09E-06
0.39578,3.08E-06
0.39586,3.06E-06
0.39594,3.05E-06
0.39602,3.03E-06
0.39609,3.02E-06
0.39617,3.00E-06
0.39625,2.99E-06
0.39633,2.97E-06
0.39641,2.96E-06
0.39648,2.94E-06
0.39656,2.92E-06
0.39664,2.90E-06
0.39672,2.89E-06
0.3968,2.87E-06
0.39687,2.85E-06
0.39695,2.83E-06
0.39703,2.81E-06
0.39711,2.79E-06
0.39719,2.77E-06
0.39727,2.75E-06
0.39734,2.74E-06
0.39742,2.71E-06
0.3975,2.69E-06
0.39758,2.67E-06
0.39766,2.65E-06
0.39773,2.63E-06
0.39781,2.61E-06
0.39789,2.59E-06
0.39797,2.57E-06
0.39805,2.55E-06
0.39813,2.53E-06
0.3982,2.50E-06
0.39828,2.48E-06
0.39836,2.46E-06
0.39844,2.44E-06
0.39852,2.41E-06
0.39859,2.39E-06
0.39867,2.37E-06
0.39875,2.34E-06
0.39883,2.32E-06
0.39891,2.30E-06
0.39898,2.27E-06
0.39906,2.25E-06
0.39914,2.23E-06
0.39922,2.20E-06
0.3993,2.18E-06
0.39937,2.15E-06
0.39945,2.13E-06
0.39953,2.10E-06
0.39961,2.08E-06
0.39969,2.05E-06
0.39977,2.03E-06
0.39984,2.00E-06
0.39992,1.98E-06
0.4,1.95E-06
