0,-1.74E-07
7.81E-05,-4.40E-06
0.00015625,-8.63E-06
0.00023437,-1.28E-05
0.0003125,-1.70E-05
0.00039063,-2.12E-05
0.00046875,-2.54E-05
0.00054688,-2.95E-05
0.000625,-3.37E-05
0.00070312,-3.78E-05
0.00078125,-4.19E-05
0.00085938,-4.60E-05
0.0009375,-5.00E-05
0.0010156,-5.41E-05
0.0010938,-5.81E-05
0.0011719,-6.22E-05
0.00125,-6.62E-05
0.0013281,-7.01E-05
0.0014062,-7.41E-05
0.0014844,-7.81E-05
0.0015625,-8.20E-05
0.0016406,-8.59E-05
0.0017188,-8.98E-05
0.0017969,-9.36E-05
0.001875,-9.75E-05
0.0019531,-0.00010131
0.0020313,-0.00010511
0.0021094,-0.00010893
0.0021875,-0.00011268
0.0022656,-0.00011643
0.0023437,-0.00012017
0.0024219,-0.00012388
0.0025,-0.00012758
0.0025781,-0.00013127
0.0026563,-0.00013492
0.0027344,-0.00013855
0.0028125,-0.00014215
0.0028906,-0.00014571
0.0029688,-0.00014924
0.0030469,-0.00015275
0.003125,-0.00015622
0.0032031,-0.00015967
0.0032812,-0.00016308
0.0033594,-0.00016646
0.0034375,-0.00016982
0.0035156,-0.00017314
0.0035938,-0.00017643
0.0036719,-0.0001797
0.00375,-0.00018293
0.0038281,-0.00018614
0.0039062,-0.00018932
0.0039844,-0.00019246
0.0040625,-0.00019561
0.0041406,-0.00019867
0.0042188,-0.00020172
0.0042969,-0.00020475
0.004375,-0.00020774
0.0044531,-0.0002107
0.0045312,-0.00021363
0.0046094,-0.00021651
0.0046875,-0.00021938
0.0047656,-0.00022222
0.0048437,-0.00022501
0.0049219,-0.00022776
0.005,-0.0002305
0.0050781,-0.00023319
0.0051563,-0.00023586
0.0052344,-0.00023848
0.0053125,-0.00024106
0.0053906,-0.00024362
0.0054687,-0.00024614
0.0055469,-0.00024861
0.005625,-0.00025106
0.0057031,-0.00025346
0.0057812,-0.00025583
0.0058594,-0.00025817
0.0059375,-0.00026047
0.0060156,-0.00026276
0.0060938,-0.00026496
0.0061719,-0.00026714
0.00625,-0.0002693
0.0063281,-0.00027142
0.0064062,-0.00027349
0.0064844,-0.00027553
0.0065625,-0.00027752
0.0066406,-0.00027949
0.0067187,-0.00028143
0.0067969,-0.00028331
0.006875,-0.00028516
0.0069531,-0.00028699
0.0070313,-0.00028876
0.0071094,-0.00029051
0.0071875,-0.00029221
0.0072656,-0.00029386
0.0073437,-0.00029549
0.0074219,-0.00029709
0.0075,-0.00029861
0.0075781,-0.00030012
0.0076562,-0.00030158
0.0077344,-0.000303
0.0078125,-0.0003044
0.0078906,-0.00030574
0.0079688,-0.00030708
0.0080469,-0.00030832
0.008125,-0.00030955
0.0082031,-0.00031075
0.0082813,-0.0003119
0.0083594,-0.000313
0.0084375,-0.00031408
0.0085156,-0.0003151
0.0085938,-0.00031611
0.0086719,-0.00031708
0.00875,-0.00031799
0.0088281,-0.00031886
0.0089062,-0.00031972
0.0089844,-0.00032052
0.0090625,-0.0003213
0.0091406,-0.00032202
0.0092187,-0.00032269
0.0092969,-0.00032335
0.009375,-0.00032398
0.0094531,-0.00032451
0.0095312,-0.00032505
0.0096094,-0.00032553
0.0096875,-0.00032598
0.0097656,-0.0003264
0.0098438,-0.00032676
0.0099219,-0.00032713
0.01,-0.0003274
0.010078,-0.00032765
0.010156,-0.00032788
0.010234,-0.00032806
0.010313,-0.00032819
0.010391,-0.00032831
0.010469,-0.00032835
0.010547,-0.00032839
0.010625,-0.00032839
0.010703,-0.00032834
0.010781,-0.00032825
0.010859,-0.00032815
0.010937,-0.00032799
0.011016,-0.00032781
0.011094,-0.00032757
0.011172,-0.0003273
0.01125,-0.000327
0.011328,-0.00032668
0.011406,-0.00032627
0.011484,-0.00032587
0.011562,-0.00032541
0.011641,-0.00032492
0.011719,-0.0003244
0.011797,-0.00032384
0.011875,-0.00032327
0.011953,-0.00032261
0.012031,-0.00032194
0.012109,-0.00032124
0.012188,-0.00032051
0.012266,-0.00031972
0.012344,-0.00031892
0.012422,-0.00031805
0.0125,-0.00031718
0.012578,-0.00031628
0.012656,-0.00031532
0.012734,-0.00031433
0.012812,-0.00031333
0.012891,-0.00031228
0.012969,-0.00031121
0.013047,-0.00031009
0.013125,-0.00030893
0.013203,-0.00030775
0.013281,-0.00030656
0.013359,-0.00030528
0.013437,-0.000304
0.013516,-0.00030268
0.013594,-0.00030133
0.013672,-0.00029996
0.01375,-0.00029854
0.013828,-0.00029712
0.013906,-0.00029563
0.013984,-0.00029412
0.014063,-0.00029259
0.014141,-0.00029102
0.014219,-0.00028941
0.014297,-0.00028779
0.014375,-0.00028611
0.014453,-0.00028443
0.014531,-0.00028272
0.014609,-0.00028096
0.014687,-0.00027917
0.014766,-0.00027738
0.014844,-0.00027553
0.014922,-0.00027368
0.015,-0.00027178
0.015078,-0.00026985
0.015156,-0.00026791
0.015234,-0.00026595
0.015312,-0.00026391
0.015391,-0.00026189
0.015469,-0.00025982
0.015547,-0.00025773
0.015625,-0.00025562
0.015703,-0.00025347
0.015781,-0.00025132
0.015859,-0.00024912
0.015938,-0.00024689
0.016016,-0.00024465
0.016094,-0.00024238
0.016172,-0.00024008
0.01625,-0.00023776
0.016328,-0.0002354
0.016406,-0.00023304
0.016484,-0.00023065
0.016563,-0.00022822
0.016641,-0.00022578
0.016719,-0.00022333
0.016797,-0.00022083
0.016875,-0.00021833
0.016953,-0.0002158
0.017031,-0.00021324
0.017109,-0.00021067
0.017188,-0.00020809
0.017266,-0.00020544
0.017344,-0.00020281
0.017422,-0.00020014
0.0175,-0.00019746
0.017578,-0.00019477
0.017656,-0.00019204
0.017734,-0.00018931
0.017812,-0.00018654
0.017891,-0.00018376
0.017969,-0.00018097
0.018047,-0.00017815
0.018125,-0.00017531
0.018203,-0.00017246
0.018281,-0.00016958
0.018359,-0.00016669
0.018437,-0.00016379
0.018516,-0.00016087
0.018594,-0.00015792
0.018672,-0.00015498
0.01875,-0.000152
0.018828,-0.00014902
0.018906,-0.00014602
0.018984,-0.000143
0.019062,-0.00013997
0.019141,-0.00013695
0.019219,-0.00013387
0.019297,-0.0001308
0.019375,-0.00012771
0.019453,-0.00012462
0.019531,-0.00012151
0.019609,-0.00011838
0.019688,-0.00011525
0.019766,-0.00011211
0.019844,-0.00010895
0.019922,-0.00010578
0.02,-0.00010261
0.020078,-9.94E-05
0.020156,-9.62E-05
0.020234,-9.30E-05
0.020313,-8.98E-05
0.020391,-8.66E-05
0.020469,-8.33E-05
0.020547,-8.01E-05
0.020625,-7.68E-05
0.020703,-7.36E-05
0.020781,-7.03E-05
0.020859,-6.70E-05
0.020938,-6.37E-05
0.021016,-6.05E-05
0.021094,-5.72E-05
0.021172,-5.39E-05
0.02125,-5.06E-05
0.021328,-4.73E-05
0.021406,-4.39E-05
0.021484,-4.06E-05
0.021562,-3.73E-05
0.021641,-3.40E-05
0.021719,-3.06E-05
0.021797,-2.73E-05
0.021875,-2.40E-05
0.021953,-2.06E-05
0.022031,-1.73E-05
0.022109,-1.40E-05
0.022187,-1.06E-05
0.022266,-7.29E-06
0.022344,-3.94E-06
0.022422,-6.00E-07
0.0225,2.74E-06
0.022578,6.08E-06
0.022656,9.43E-06
0.022734,1.28E-05
0.022812,1.61E-05
0.022891,1.94E-05
0.022969,2.28E-05
0.023047,2.61E-05
0.023125,2.94E-05
0.023203,3.28E-05
0.023281,3.61E-05
0.023359,3.94E-05
0.023438,4.27E-05
0.023516,4.60E-05
0.023594,4.94E-05
0.023672,5.27E-05
0.02375,5.59E-05
0.023828,5.92E-05
0.023906,6.25E-05
0.023984,6.58E-05
0.024063,6.91E-05
0.024141,7.23E-05
0.024219,7.56E-05
0.024297,7.89E-05
0.024375,8.21E-05
0.024453,8.53E-05
0.024531,8.86E-05
0.024609,9.18E-05
0.024688,9.50E-05
0.024766,9.82E-05
0.024844,0.00010139
0.024922,0.00010458
0.025,0.00010775
0.025078,0.00011091
0.025156,0.00011407
0.025234,0.00011721
0.025313,0.00012034
0.025391,0.00012346
0.025469,0.00012657
0.025547,0.00012968
0.025625,0.00013275
0.025703,0.00013582
0.025781,0.00013888
0.025859,0.00014193
0.025937,0.00014495
0.026016,0.00014798
0.026094,0.00015097
0.026172,0.00015397
0.02625,0.00015695
0.026328,0.00015991
0.026406,0.00016285
0.026484,0.00016579
0.026562,0.00016871
0.026641,0.00017162
0.026719,0.0001745
0.026797,0.00017737
0.026875,0.00018023
0.026953,0.00018307
0.027031,0.00018588
0.027109,0.00018869
0.027187,0.00019147
0.027266,0.00019423
0.027344,0.00019699
0.027422,0.00019972
0.0275,0.00020246
0.027578,0.00020514
0.027656,0.00020781
0.027734,0.00021047
0.027813,0.00021312
0.027891,0.00021573
0.027969,0.00021833
0.028047,0.0002209
0.028125,0.00022347
0.028203,0.00022601
0.028281,0.00022853
0.028359,0.00023102
0.028438,0.00023351
0.028516,0.00023597
0.028594,0.00023841
0.028672,0.00024082
0.02875,0.00024321
0.028828,0.00024559
0.028906,0.00024794
0.028984,0.00025025
0.029063,0.00025257
0.029141,0.00025484
0.029219,0.0002571
0.029297,0.00025934
0.029375,0.00026155
0.029453,0.00026377
0.029531,0.00026591
0.029609,0.00026804
0.029687,0.00027017
0.029766,0.00027226
0.029844,0.00027432
0.029922,0.00027637
0.03,0.00027838
0.030078,0.00028038
0.030156,0.00028236
0.030234,0.00028429
0.030312,0.0002862
0.030391,0.00028811
0.030469,0.00028997
0.030547,0.00029183
0.030625,0.00029364
0.030703,0.00029542
0.030781,0.00029719
0.030859,0.00029894
0.030937,0.00030063
0.031016,0.00030232
0.031094,0.00030397
0.031172,0.0003056
0.03125,0.00030721
0.031328,0.00030878
0.031406,0.00031036
0.031484,0.00031186
0.031563,0.00031335
0.031641,0.00031482
0.031719,0.00031626
0.031797,0.00031766
0.031875,0.00031905
0.031953,0.00032038
0.032031,0.00032171
0.032109,0.00032302
0.032188,0.00032428
0.032266,0.00032551
0.032344,0.00032674
0.032422,0.00032792
0.0325,0.00032908
0.032578,0.00033021
0.032656,0.00033129
0.032734,0.00033237
0.032813,0.00033343
0.032891,0.00033441
0.032969,0.0003354
0.033047,0.00033634
0.033125,0.00033726
0.033203,0.00033816
0.033281,0.00033902
0.033359,0.00033988
0.033438,0.00034066
0.033516,0.00034143
0.033594,0.00034218
0.033672,0.0003429
0.03375,0.00034357
0.033828,0.00034423
0.033906,0.00034484
0.033984,0.00034544
0.034063,0.00034602
0.034141,0.00034655
0.034219,0.00034704
0.034297,0.00034754
0.034375,0.00034798
0.034453,0.00034841
0.034531,0.00034879
0.034609,0.00034914
0.034688,0.00034947
0.034766,0.00034979
0.034844,0.00035003
0.034922,0.00035027
0.035,0.00035047
0.035078,0.00035065
0.035156,0.0003508
0.035234,0.00035091
0.035312,0.00035104
0.035391,0.00035107
0.035469,0.00035109
0.035547,0.0003511
0.035625,0.00035107
0.035703,0.00035099
0.035781,0.00035091
0.035859,0.00035077
0.035937,0.00035063
0.036016,0.00035046
0.036094,0.00035024
0.036172,0.00034999
0.03625,0.00034975
0.036328,0.00034944
0.036406,0.00034913
0.036484,0.00034877
0.036562,0.00034837
0.036641,0.00034797
0.036719,0.00034755
0.036797,0.00034705
0.036875,0.00034655
0.036953,0.00034602
0.037031,0.00034546
0.037109,0.00034488
0.037187,0.00034426
0.037266,0.00034365
0.037344,0.00034295
0.037422,0.00034224
0.0375,0.00034153
0.037578,0.00034078
0.037656,0.00033998
0.037734,0.00033917
0.037812,0.00033831
0.037891,0.00033746
0.037969,0.00033657
0.038047,0.00033564
0.038125,0.00033468
0.038203,0.00033372
0.038281,0.00033271
0.038359,0.00033169
0.038437,0.00033063
0.038516,0.00032953
0.038594,0.00032843
0.038672,0.00032732
0.03875,0.00032612
0.038828,0.00032494
0.038906,0.00032371
0.038984,0.00032247
0.039062,0.00032121
0.039141,0.00031991
0.039219,0.00031861
0.039297,0.00031726
0.039375,0.00031588
0.039453,0.00031449
0.039531,0.00031308
0.039609,0.00031162
0.039688,0.00031016
0.039766,0.00030865
0.039844,0.00030714
0.039922,0.00030561
0.04,0.00030404
0.040078,0.00030244
0.040156,0.00030085
0.040234,0.00029921
0.040313,0.00029756
0.040391,0.00029587
0.040469,0.00029416
0.040547,0.00029245
0.040625,0.00029072
0.040703,0.00028892
0.040781,0.00028713
0.040859,0.00028531
0.040938,0.00028348
0.041016,0.00028163
0.041094,0.00027974
0.041172,0.00027787
0.04125,0.00027593
0.041328,0.00027399
0.041406,0.00027204
0.041484,0.00027006
0.041563,0.00026805
0.041641,0.00026603
0.041719,0.00026398
0.041797,0.00026193
0.041875,0.00025986
0.041953,0.00025776
0.042031,0.00025564
0.042109,0.00025352
0.042188,0.00025136
0.042266,0.0002492
0.042344,0.00024702
0.042422,0.00024481
0.0425,0.00024259
0.042578,0.00024038
0.042656,0.0002381
0.042734,0.00023583
0.042813,0.00023354
0.042891,0.00023124
0.042969,0.00022893
0.043047,0.00022659
0.043125,0.00022425
0.043203,0.00022189
0.043281,0.0002195
0.043359,0.00021712
0.043437,0.00021472
0.043516,0.00021229
0.043594,0.00020986
0.043672,0.0002074
0.04375,0.00020495
0.043828,0.00020248
0.043906,0.00019999
0.043984,0.00019749
0.044062,0.000195
0.044141,0.00019247
0.044219,0.00018995
0.044297,0.0001874
0.044375,0.00018484
0.044453,0.00018228
0.044531,0.00017973
0.044609,0.00017712
0.044687,0.00017453
0.044766,0.00017192
0.044844,0.00016931
0.044922,0.00016669
0.045,0.00016405
0.045078,0.00016142
0.045156,0.00015877
0.045234,0.00015611
0.045312,0.00015345
0.045391,0.00015078
0.045469,0.0001481
0.045547,0.00014541
0.045625,0.00014271
0.045703,0.00014002
0.045781,0.00013732
0.045859,0.00013461
0.045937,0.00013189
0.046016,0.00012918
0.046094,0.00012645
0.046172,0.00012372
0.04625,0.00012099
0.046328,0.00011825
0.046406,0.00011551
0.046484,0.00011278
0.046562,0.00011001
0.046641,0.00010726
0.046719,0.0001045
0.046797,0.00010175
0.046875,9.90E-05
0.046953,9.62E-05
0.047031,9.35E-05
0.047109,9.07E-05
0.047188,8.79E-05
0.047266,8.52E-05
0.047344,8.24E-05
0.047422,7.96E-05
0.0475,7.69E-05
0.047578,7.41E-05
0.047656,7.13E-05
0.047734,6.86E-05
0.047813,6.58E-05
0.047891,6.31E-05
0.047969,6.03E-05
0.048047,5.75E-05
0.048125,5.48E-05
0.048203,5.20E-05
0.048281,4.93E-05
0.048359,4.65E-05
0.048438,4.38E-05
0.048516,4.11E-05
0.048594,3.83E-05
0.048672,3.56E-05
0.04875,3.29E-05
0.048828,3.01E-05
0.048906,2.74E-05
0.048984,2.47E-05
0.049063,2.20E-05
0.049141,1.93E-05
0.049219,1.66E-05
0.049297,1.39E-05
0.049375,1.13E-05
0.049453,8.59E-06
0.049531,5.92E-06
0.049609,3.26E-06
0.049688,6.15E-07
0.049766,-2.03E-06
0.049844,-4.66E-06
0.049922,-7.28E-06
0.05,-9.90E-06
0.050078,-1.25E-05
0.050156,-1.51E-05
0.050234,-1.77E-05
0.050313,-2.03E-05
0.050391,-2.28E-05
0.050469,-2.54E-05
0.050547,-2.79E-05
0.050625,-3.05E-05
0.050703,-3.30E-05
0.050781,-3.55E-05
0.050859,-3.80E-05
0.050937,-4.05E-05
0.051016,-4.30E-05
0.051094,-4.54E-05
0.051172,-4.79E-05
0.05125,-5.03E-05
0.051328,-5.28E-05
0.051406,-5.52E-05
0.051484,-5.76E-05
0.051562,-6.00E-05
0.051641,-6.23E-05
0.051719,-6.47E-05
0.051797,-6.70E-05
0.051875,-6.94E-05
0.051953,-7.17E-05
0.052031,-7.40E-05
0.052109,-7.63E-05
0.052187,-7.85E-05
0.052266,-8.08E-05
0.052344,-8.30E-05
0.052422,-8.53E-05
0.0525,-8.75E-05
0.052578,-8.96E-05
0.052656,-9.18E-05
0.052734,-9.40E-05
0.052812,-9.61E-05
0.052891,-9.82E-05
0.052969,-0.00010033
0.053047,-0.00010241
0.053125,-0.00010448
0.053203,-0.00010653
0.053281,-0.00010856
0.053359,-0.00011057
0.053437,-0.00011256
0.053516,-0.00011454
0.053594,-0.0001165
0.053672,-0.00011843
0.05375,-0.00012034
0.053828,-0.00012225
0.053906,-0.00012412
0.053984,-0.00012599
0.054062,-0.00012782
0.054141,-0.00012964
0.054219,-0.00013144
0.054297,-0.00013322
0.054375,-0.00013497
0.054453,-0.0001367
0.054531,-0.00013841
0.054609,-0.00014011
0.054688,-0.00014178
0.054766,-0.00014343
0.054844,-0.00014508
0.054922,-0.00014667
0.055,-0.00014825
0.055078,-0.00014982
0.055156,-0.00015136
0.055234,-0.00015287
0.055313,-0.00015437
0.055391,-0.00015584
0.055469,-0.0001573
0.055547,-0.00015873
0.055625,-0.00016013
0.055703,-0.0001615
0.055781,-0.00016287
0.055859,-0.00016421
0.055938,-0.00016553
0.056016,-0.00016681
0.056094,-0.00016807
0.056172,-0.00016932
0.05625,-0.00017055
0.056328,-0.00017173
0.056406,-0.0001729
0.056484,-0.00017405
0.056563,-0.00017517
0.056641,-0.00017627
0.056719,-0.00017735
0.056797,-0.00017842
0.056875,-0.00017943
0.056953,-0.00018042
0.057031,-0.00018141
0.057109,-0.00018236
0.057188,-0.00018328
0.057266,-0.00018419
0.057344,-0.00018506
0.057422,-0.00018591
0.0575,-0.00018675
0.057578,-0.00018755
0.057656,-0.00018832
0.057734,-0.00018908
0.057813,-0.00018981
0.057891,-0.00019052
0.057969,-0.00019119
0.058047,-0.00019184
0.058125,-0.00019247
0.058203,-0.00019309
0.058281,-0.00019365
0.058359,-0.00019421
0.058438,-0.00019473
0.058516,-0.00019523
0.058594,-0.00019571
0.058672,-0.00019616
0.05875,-0.0001966
0.058828,-0.00019699
0.058906,-0.00019736
0.058984,-0.00019771
0.059062,-0.00019804
0.059141,-0.00019833
0.059219,-0.00019861
0.059297,-0.00019884
0.059375,-0.00019908
0.059453,-0.00019928
0.059531,-0.00019945
0.059609,-0.00019959
0.059687,-0.00019972
0.059766,-0.00019981
0.059844,-0.00019989
0.059922,-0.00019993
0.06,-0.00019995
0.060078,-0.00019995
0.060156,-0.00019993
0.060234,-0.00019986
0.060312,-0.00019979
0.060391,-0.00019968
0.060469,-0.00019955
0.060547,-0.0001994
0.060625,-0.00019921
0.060703,-0.00019903
0.060781,-0.00019879
0.060859,-0.00019853
0.060937,-0.00019826
0.061016,-0.00019796
0.061094,-0.00019763
0.061172,-0.00019728
0.06125,-0.0001969
0.061328,-0.00019651
0.061406,-0.00019609
0.061484,-0.00019564
0.061562,-0.00019516
0.061641,-0.00019468
0.061719,-0.00019415
0.061797,-0.00019362
0.061875,-0.00019305
0.061953,-0.00019246
0.062031,-0.00019185
0.062109,-0.00019123
0.062187,-0.00019055
0.062266,-0.00018987
0.062344,-0.00018916
0.062422,-0.00018843
0.0625,-0.00018769
0.062578,-0.00018691
0.062656,-0.00018613
0.062734,-0.0001853
0.062812,-0.00018445
0.062891,-0.0001836
0.062969,-0.00018271
0.063047,-0.0001818
0.063125,-0.00018088
0.063203,-0.00017991
0.063281,-0.00017895
0.063359,-0.00017796
0.063437,-0.00017694
0.063516,-0.0001759
0.063594,-0.00017486
0.063672,-0.00017378
0.06375,-0.00017269
0.063828,-0.00017157
0.063906,-0.00017042
0.063984,-0.00016927
0.064062,-0.00016811
0.064141,-0.00016689
0.064219,-0.00016567
0.064297,-0.00016443
0.064375,-0.00016318
0.064453,-0.0001619
0.064531,-0.00016061
0.064609,-0.0001593
0.064687,-0.00015797
0.064766,-0.00015661
0.064844,-0.00015525
0.064922,-0.00015386
0.065,-0.00015245
0.065078,-0.00015103
0.065156,-0.00014958
0.065234,-0.00014812
0.065312,-0.00014665
0.065391,-0.00014516
0.065469,-0.00014364
0.065547,-0.00014213
0.065625,-0.00014058
0.065703,-0.00013903
0.065781,-0.00013745
0.065859,-0.00013585
0.065937,-0.00013425
0.066016,-0.00013264
0.066094,-0.00013099
0.066172,-0.00012934
0.06625,-0.00012766
0.066328,-0.00012598
0.066406,-0.00012429
0.066484,-0.00012258
0.066562,-0.00012086
0.066641,-0.00011911
0.066719,-0.00011736
0.066797,-0.0001156
0.066875,-0.00011382
0.066953,-0.00011202
0.067031,-0.00011022
0.067109,-0.00010839
0.067187,-0.00010657
0.067266,-0.00010473
0.067344,-0.00010287
0.067422,-0.000101
0.0675,-9.91E-05
0.067578,-9.72E-05
0.067656,-9.53E-05
0.067734,-9.34E-05
0.067812,-9.15E-05
0.067891,-8.96E-05
0.067969,-8.76E-05
0.068047,-8.57E-05
0.068125,-8.37E-05
0.068203,-8.17E-05
0.068281,-7.98E-05
0.068359,-7.78E-05
0.068437,-7.58E-05
0.068516,-7.38E-05
0.068594,-7.18E-05
0.068672,-6.97E-05
0.06875,-6.77E-05
0.068828,-6.57E-05
0.068906,-6.36E-05
0.068984,-6.16E-05
0.069062,-5.95E-05
0.069141,-5.74E-05
0.069219,-5.54E-05
0.069297,-5.33E-05
0.069375,-5.12E-05
0.069453,-4.91E-05
0.069531,-4.70E-05
0.069609,-4.49E-05
0.069687,-4.28E-05
0.069766,-4.07E-05
0.069844,-3.86E-05
0.069922,-3.64E-05
0.07,-3.43E-05
0.070078,-3.22E-05
0.070156,-3.00E-05
0.070234,-2.79E-05
0.070312,-2.58E-05
0.070391,-2.36E-05
0.070469,-2.15E-05
0.070547,-1.93E-05
0.070625,-1.72E-05
0.070703,-1.50E-05
0.070781,-1.29E-05
0.070859,-1.07E-05
0.070938,-8.53E-06
0.071016,-6.37E-06
0.071094,-4.21E-06
0.071172,-2.05E-06
0.07125,1.15E-07
0.071328,2.28E-06
0.071406,4.44E-06
0.071484,6.60E-06
0.071563,8.77E-06
0.071641,1.09E-05
0.071719,1.31E-05
0.071797,1.52E-05
0.071875,1.74E-05
0.071953,1.96E-05
0.072031,2.17E-05
0.072109,2.39E-05
0.072188,2.60E-05
0.072266,2.82E-05
0.072344,3.03E-05
0.072422,3.25E-05
0.0725,3.46E-05
0.072578,3.67E-05
0.072656,3.89E-05
0.072734,4.10E-05
0.072813,4.31E-05
0.072891,4.52E-05
0.072969,4.73E-05
0.073047,4.95E-05
0.073125,5.16E-05
0.073203,5.37E-05
0.073281,5.58E-05
0.073359,5.79E-05
0.073438,5.99E-05
0.073516,6.20E-05
0.073594,6.41E-05
0.073672,6.62E-05
0.07375,6.82E-05
0.073828,7.03E-05
0.073906,7.23E-05
0.073984,7.43E-05
0.074063,7.64E-05
0.074141,7.84E-05
0.074219,8.04E-05
0.074297,8.24E-05
0.074375,8.44E-05
0.074453,8.64E-05
0.074531,8.84E-05
0.074609,9.04E-05
0.074688,9.23E-05
0.074766,9.43E-05
0.074844,9.62E-05
0.074922,9.82E-05
0.075,0.00010009
0.075078,0.00010201
0.075156,0.00010391
0.075234,0.0001058
0.075313,0.00010769
0.075391,0.00010956
0.075469,0.00011143
0.075547,0.00011328
0.075625,0.00011512
0.075703,0.00011695
0.075781,0.00011877
0.075859,0.00012057
0.075938,0.00012236
0.076016,0.00012414
0.076094,0.00012591
0.076172,0.00012767
0.07625,0.00012941
0.076328,0.00013116
0.076406,0.00013286
0.076484,0.00013456
0.076563,0.00013626
0.076641,0.00013794
0.076719,0.00013959
0.076797,0.00014125
0.076875,0.00014288
0.076953,0.0001445
0.077031,0.00014611
0.077109,0.0001477
0.077188,0.00014928
0.077266,0.00015085
0.077344,0.0001524
0.077422,0.00015394
0.0775,0.00015545
0.077578,0.00015695
0.077656,0.00015845
0.077734,0.00015993
0.077813,0.00016138
0.077891,0.00016282
0.077969,0.00016424
0.078047,0.00016565
0.078125,0.00016705
0.078203,0.00016843
0.078281,0.00016981
0.078359,0.00017114
0.078437,0.00017246
0.078516,0.00017378
0.078594,0.00017508
0.078672,0.00017635
0.07875,0.00017761
0.078828,0.00017885
0.078906,0.00018008
0.078984,0.00018129
0.079062,0.00018248
0.079141,0.00018365
0.079219,0.00018482
0.079297,0.00018595
0.079375,0.00018708
0.079453,0.00018818
0.079531,0.00018926
0.079609,0.00019033
0.079687,0.00019139
0.079766,0.0001924
0.079844,0.00019342
0.079922,0.00019441
0.08,0.00019538
0.080078,0.00019635
0.080156,0.00019728
0.080234,0.00019822
0.080312,0.0001991
0.080391,0.00019998
0.080469,0.00020085
0.080547,0.00020169
0.080625,0.00020251
0.080703,0.00020332
0.080781,0.00020409
0.080859,0.00020486
0.080937,0.00020562
0.081016,0.00020634
0.081094,0.00020704
0.081172,0.00020774
0.08125,0.00020841
0.081328,0.00020907
0.081406,0.00020969
0.081484,0.0002103
0.081562,0.00021089
0.081641,0.00021148
0.081719,0.00021201
0.081797,0.00021255
0.081875,0.00021305
0.081953,0.00021354
0.082031,0.00021402
0.082109,0.00021447
0.082187,0.00021492
0.082266,0.00021532
0.082344,0.00021571
0.082422,0.00021609
0.0825,0.00021645
0.082578,0.00021677
0.082656,0.00021709
0.082734,0.00021737
0.082812,0.00021765
0.082891,0.00021791
0.082969,0.00021814
0.083047,0.00021835
0.083125,0.00021855
0.083203,0.00021872
0.083281,0.00021889
0.083359,0.00021902
0.083437,0.00021913
0.083516,0.00021923
0.083594,0.00021932
0.083672,0.00021936
0.08375,0.0002194
0.083828,0.00021941
0.083906,0.00021941
0.083984,0.00021939
0.084062,0.00021935
0.084141,0.00021931
0.084219,0.00021921
0.084297,0.00021911
0.084375,0.000219
0.084453,0.00021886
0.084531,0.00021869
0.084609,0.00021852
0.084687,0.00021831
0.084766,0.00021811
0.084844,0.00021788
0.084922,0.00021762
0.085,0.00021734
0.085078,0.00021706
0.085156,0.00021675
0.085234,0.00021643
0.085312,0.00021608
0.085391,0.00021571
0.085469,0.00021533
0.085547,0.00021495
0.085625,0.0002145
0.085703,0.00021407
0.085781,0.00021361
0.085859,0.00021313
0.085938,0.00021264
0.086016,0.00021212
0.086094,0.00021161
0.086172,0.00021105
0.08625,0.00021048
0.086328,0.0002099
0.086406,0.0002093
0.086484,0.00020867
0.086563,0.00020803
0.086641,0.00020736
0.086719,0.0002067
0.086797,0.00020601
0.086875,0.0002053
0.086953,0.00020457
0.087031,0.00020384
0.087109,0.00020307
0.087188,0.00020231
0.087266,0.00020151
0.087344,0.0002007
0.087422,0.00019987
0.0875,0.00019905
0.087578,0.00019817
0.087656,0.0001973
0.087734,0.0001964
0.087813,0.0001955
0.087891,0.00019458
0.087969,0.00019364
0.088047,0.0001927
0.088125,0.00019172
0.088203,0.00019073
0.088281,0.00018973
0.088359,0.00018872
0.088438,0.00018768
0.088516,0.00018664
0.088594,0.00018556
0.088672,0.0001845
0.08875,0.00018341
0.088828,0.0001823
0.088906,0.00018117
0.088984,0.00018005
0.089063,0.0001789
0.089141,0.00017775
0.089219,0.00017657
0.089297,0.00017538
0.089375,0.00017418
0.089453,0.00017298
0.089531,0.00017173
0.089609,0.00017049
0.089688,0.00016923
0.089766,0.00016796
0.089844,0.00016669
0.089922,0.00016539
0.09,0.0001641
0.090078,0.00016277
0.090156,0.00016144
0.090234,0.0001601
0.090313,0.00015875
0.090391,0.00015738
0.090469,0.00015601
0.090547,0.00015461
0.090625,0.00015322
0.090703,0.00015181
0.090781,0.00015038
0.090859,0.00014895
0.090938,0.00014751
0.091016,0.00014606
0.091094,0.0001446
0.091172,0.00014313
0.09125,0.00014164
0.091328,0.00014015
0.091406,0.00013866
0.091484,0.00013713
0.091563,0.00013562
0.091641,0.00013408
0.091719,0.00013255
0.091797,0.000131
0.091875,0.00012944
0.091953,0.00012788
0.092031,0.00012631
0.092109,0.00012472
0.092188,0.00012314
0.092266,0.00012154
0.092344,0.00011993
0.092422,0.00011832
0.0925,0.00011669
0.092578,0.00011507
0.092656,0.00011344
0.092734,0.0001118
0.092813,0.00011015
0.092891,0.0001085
0.092969,0.00010684
0.093047,0.00010518
0.093125,0.0001035
0.093203,0.00010182
0.093281,0.00010014
0.093359,9.85E-05
0.093438,9.68E-05
0.093516,9.51E-05
0.093594,9.33E-05
0.093672,9.16E-05
0.09375,8.99E-05
0.093828,8.82E-05
0.093906,8.65E-05
0.093984,8.48E-05
0.094062,8.30E-05
0.094141,8.13E-05
0.094219,7.96E-05
0.094297,7.78E-05
0.094375,7.61E-05
0.094453,7.43E-05
0.094531,7.26E-05
0.094609,7.08E-05
0.094687,6.91E-05
0.094766,6.73E-05
0.094844,6.55E-05
0.094922,6.38E-05
0.095,6.20E-05
0.095078,6.03E-05
0.095156,5.85E-05
0.095234,5.67E-05
0.095312,5.50E-05
0.095391,5.32E-05
0.095469,5.14E-05
0.095547,4.97E-05
0.095625,4.79E-05
0.095703,4.61E-05
0.095781,4.43E-05
0.095859,4.26E-05
0.095937,4.08E-05
0.096016,3.90E-05
0.096094,3.73E-05
0.096172,3.55E-05
0.09625,3.37E-05
0.096328,3.20E-05
0.096406,3.02E-05
0.096484,2.84E-05
0.096562,2.67E-05
0.096641,2.49E-05
0.096719,2.32E-05
0.096797,2.14E-05
0.096875,1.97E-05
0.096953,1.79E-05
0.097031,1.62E-05
0.097109,1.44E-05
0.097187,1.27E-05
0.097266,1.09E-05
0.097344,9.21E-06
0.097422,7.47E-06
0.0975,5.75E-06
0.097578,4.02E-06
0.097656,2.30E-06
0.097734,5.85E-07
0.097812,-1.13E-06
0.097891,-2.83E-06
0.097969,-4.54E-06
0.098047,-6.23E-06
0.098125,-7.93E-06
0.098203,-9.61E-06
0.098281,-1.13E-05
0.098359,-1.30E-05
0.098437,-1.46E-05
0.098516,-1.63E-05
0.098594,-1.80E-05
0.098672,-1.96E-05
0.09875,-2.13E-05
0.098828,-2.29E-05
0.098906,-2.46E-05
0.098984,-2.62E-05
0.099062,-2.78E-05
0.099141,-2.94E-05
0.099219,-3.10E-05
0.099297,-3.26E-05
0.099375,-3.42E-05
0.099453,-3.58E-05
0.099531,-3.74E-05
0.099609,-3.90E-05
0.099687,-4.05E-05
0.099766,-4.21E-05
0.099844,-4.36E-05
0.099922,-4.52E-05
0.1,-4.67E-05
0.10008,-4.82E-05
0.10016,-4.98E-05
0.10023,-5.13E-05
0.10031,-5.28E-05
0.10039,-5.43E-05
0.10047,-5.57E-05
0.10055,-5.72E-05
0.10063,-5.87E-05
0.1007,-6.01E-05
0.10078,-6.16E-05
0.10086,-6.30E-05
0.10094,-6.44E-05
0.10102,-6.58E-05
0.10109,-6.72E-05
0.10117,-6.86E-05
0.10125,-7.00E-05
0.10133,-7.14E-05
0.10141,-7.27E-05
0.10148,-7.41E-05
0.10156,-7.54E-05
0.10164,-7.68E-05
0.10172,-7.81E-05
0.1018,-7.94E-05
0.10187,-8.07E-05
0.10195,-8.20E-05
0.10203,-8.32E-05
0.10211,-8.45E-05
0.10219,-8.57E-05
0.10227,-8.70E-05
0.10234,-8.82E-05
0.10242,-8.94E-05
0.1025,-9.06E-05
0.10258,-9.18E-05
0.10266,-9.30E-05
0.10273,-9.41E-05
0.10281,-9.53E-05
0.10289,-9.64E-05
0.10297,-9.76E-05
0.10305,-9.87E-05
0.10312,-9.98E-05
0.1032,-0.00010087
0.10328,-0.00010195
0.10336,-0.00010301
0.10344,-0.00010406
0.10352,-0.0001051
0.10359,-0.00010612
0.10367,-0.00010714
0.10375,-0.00010813
0.10383,-0.00010911
0.10391,-0.00011008
0.10398,-0.00011103
0.10406,-0.00011197
0.10414,-0.0001129
0.10422,-0.00011381
0.1043,-0.00011471
0.10437,-0.0001156
0.10445,-0.00011647
0.10453,-0.00011732
0.10461,-0.00011817
0.10469,-0.00011899
0.10477,-0.00011981
0.10484,-0.00012061
0.10492,-0.00012139
0.105,-0.00012217
0.10508,-0.00012293
0.10516,-0.00012366
0.10523,-0.00012439
0.10531,-0.0001251
0.10539,-0.00012579
0.10547,-0.00012648
0.10555,-0.00012714
0.10562,-0.00012781
0.1057,-0.00012844
0.10578,-0.00012906
0.10586,-0.00012967
0.10594,-0.00013026
0.10602,-0.00013083
0.10609,-0.0001314
0.10617,-0.00013194
0.10625,-0.00013247
0.10633,-0.00013299
0.10641,-0.00013349
0.10648,-0.00013397
0.10656,-0.00013445
0.10664,-0.0001349
0.10672,-0.00013534
0.1068,-0.00013577
0.10687,-0.00013617
0.10695,-0.00013656
0.10703,-0.00013695
0.10711,-0.0001373
0.10719,-0.00013765
0.10727,-0.00013798
0.10734,-0.00013829
0.10742,-0.00013859
0.1075,-0.00013887
0.10758,-0.00013916
0.10766,-0.0001394
0.10773,-0.00013963
0.10781,-0.00013986
0.10789,-0.00014007
0.10797,-0.00014025
0.10805,-0.00014043
0.10812,-0.00014058
0.1082,-0.00014073
0.10828,-0.00014086
0.10836,-0.00014097
0.10844,-0.00014106
0.10852,-0.00014115
0.10859,-0.00014122
0.10867,-0.00014127
0.10875,-0.00014131
0.10883,-0.00014132
0.10891,-0.00014133
0.10898,-0.00014133
0.10906,-0.00014129
0.10914,-0.00014125
0.10922,-0.00014119
0.1093,-0.00014112
0.10938,-0.00014104
0.10945,-0.00014093
0.10953,-0.00014083
0.10961,-0.00014069
0.10969,-0.00014053
0.10977,-0.00014038
0.10984,-0.0001402
0.10992,-0.00014
0.11,-0.0001398
0.11008,-0.00013957
0.11016,-0.00013934
0.11023,-0.00013909
0.11031,-0.00013882
0.11039,-0.00013853
0.11047,-0.00013824
0.11055,-0.00013793
0.11063,-0.00013761
0.1107,-0.00013727
0.11078,-0.00013691
0.11086,-0.00013654
0.11094,-0.00013617
0.11102,-0.00013576
0.11109,-0.00013535
0.11117,-0.00013492
0.11125,-0.00013448
0.11133,-0.00013403
0.11141,-0.00013356
0.11148,-0.00013309
0.11156,-0.00013259
0.11164,-0.00013207
0.11172,-0.00013155
0.1118,-0.00013102
0.11188,-0.00013046
0.11195,-0.0001299
0.11203,-0.00012932
0.11211,-0.00012873
0.11219,-0.00012813
0.11227,-0.00012751
0.11234,-0.00012688
0.11242,-0.00012624
0.1125,-0.00012558
0.11258,-0.00012492
0.11266,-0.00012424
0.11273,-0.00012354
0.11281,-0.00012284
0.11289,-0.00012213
0.11297,-0.00012138
0.11305,-0.00012064
0.11313,-0.00011988
0.1132,-0.00011911
0.11328,-0.00011833
0.11336,-0.00011754
0.11344,-0.00011674
0.11352,-0.00011592
0.11359,-0.00011509
0.11367,-0.00011426
0.11375,-0.00011341
0.11383,-0.00011254
0.11391,-0.00011167
0.11398,-0.00011078
0.11406,-0.00010989
0.11414,-0.00010899
0.11422,-0.00010807
0.1143,-0.00010714
0.11438,-0.0001062
0.11445,-0.00010525
0.11453,-0.0001043
0.11461,-0.00010333
0.11469,-0.00010234
0.11477,-0.00010136
0.11484,-0.00010037
0.11492,-9.93E-05
0.115,-9.83E-05
0.11508,-9.73E-05
0.11516,-9.63E-05
0.11523,-9.52E-05
0.11531,-9.42E-05
0.11539,-9.31E-05
0.11547,-9.20E-05
0.11555,-9.09E-05
0.11563,-8.99E-05
0.1157,-8.88E-05
0.11578,-8.76E-05
0.11586,-8.65E-05
0.11594,-8.54E-05
0.11602,-8.43E-05
0.11609,-8.31E-05
0.11617,-8.20E-05
0.11625,-8.08E-05
0.11633,-7.97E-05
0.11641,-7.85E-05
0.11648,-7.73E-05
0.11656,-7.62E-05
0.11664,-7.50E-05
0.11672,-7.38E-05
0.1168,-7.26E-05
0.11688,-7.14E-05
0.11695,-7.02E-05
0.11703,-6.89E-05
0.11711,-6.77E-05
0.11719,-6.65E-05
0.11727,-6.52E-05
0.11734,-6.40E-05
0.11742,-6.28E-05
0.1175,-6.15E-05
0.11758,-6.02E-05
0.11766,-5.89E-05
0.11773,-5.77E-05
0.11781,-5.64E-05
0.11789,-5.51E-05
0.11797,-5.38E-05
0.11805,-5.25E-05
0.11812,-5.12E-05
0.1182,-4.99E-05
0.11828,-4.86E-05
0.11836,-4.72E-05
0.11844,-4.59E-05
0.11852,-4.46E-05
0.11859,-4.33E-05
0.11867,-4.19E-05
0.11875,-4.06E-05
0.11883,-3.92E-05
0.11891,-3.79E-05
0.11898,-3.65E-05
0.11906,-3.52E-05
0.11914,-3.38E-05
0.11922,-3.25E-05
0.1193,-3.11E-05
0.11937,-2.98E-05
0.11945,-2.84E-05
0.11953,-2.70E-05
0.11961,-2.57E-05
0.11969,-2.43E-05
0.11977,-2.29E-05
0.11984,-2.15E-05
0.11992,-2.02E-05
0.12,-1.88E-05
0.12008,-1.74E-05
0.12016,-1.60E-05
0.12023,-1.46E-05
0.12031,-1.33E-05
0.12039,-1.19E-05
0.12047,-1.05E-05
0.12055,-9.11E-06
0.12062,-7.73E-06
0.1207,-6.35E-06
0.12078,-4.96E-06
0.12086,-3.58E-06
0.12094,-2.20E-06
0.12102,-8.19E-07
0.12109,5.62E-07
0.12117,1.94E-06
0.12125,3.33E-06
0.12133,4.70E-06
0.12141,6.07E-06
0.12148,7.45E-06
0.12156,8.82E-06
0.12164,1.02E-05
0.12172,1.16E-05
0.1218,1.29E-05
0.12187,1.43E-05
0.12195,1.57E-05
0.12203,1.70E-05
0.12211,1.84E-05
0.12219,1.97E-05
0.12227,2.11E-05
0.12234,2.24E-05
0.12242,2.38E-05
0.1225,2.51E-05
0.12258,2.65E-05
0.12266,2.78E-05
0.12273,2.91E-05
0.12281,3.05E-05
0.12289,3.18E-05
0.12297,3.31E-05
0.12305,3.44E-05
0.12312,3.57E-05
0.1232,3.71E-05
0.12328,3.84E-05
0.12336,3.97E-05
0.12344,4.10E-05
0.12352,4.22E-05
0.12359,4.35E-05
0.12367,4.48E-05
0.12375,4.61E-05
0.12383,4.74E-05
0.12391,4.86E-05
0.12398,4.99E-05
0.12406,5.11E-05
0.12414,5.24E-05
0.12422,5.36E-05
0.1243,5.49E-05
0.12437,5.61E-05
0.12445,5.73E-05
0.12453,5.85E-05
0.12461,5.97E-05
0.12469,6.09E-05
0.12477,6.21E-05
0.12484,6.33E-05
0.12492,6.45E-05
0.125,6.57E-05
0.12508,6.68E-05
0.12516,6.80E-05
0.12523,6.91E-05
0.12531,7.03E-05
0.12539,7.14E-05
0.12547,7.26E-05
0.12555,7.37E-05
0.12562,7.48E-05
0.1257,7.59E-05
0.12578,7.70E-05
0.12586,7.81E-05
0.12594,7.92E-05
0.12602,8.02E-05
0.12609,8.13E-05
0.12617,8.23E-05
0.12625,8.34E-05
0.12633,8.44E-05
0.12641,8.55E-05
0.12648,8.65E-05
0.12656,8.75E-05
0.12664,8.85E-05
0.12672,8.95E-05
0.1268,9.04E-05
0.12687,9.14E-05
0.12695,9.24E-05
0.12703,9.33E-05
0.12711,9.43E-05
0.12719,9.52E-05
0.12727,9.61E-05
0.12734,9.70E-05
0.12742,9.79E-05
0.1275,9.88E-05
0.12758,9.97E-05
0.12766,0.00010057
0.12773,0.00010144
0.12781,0.00010229
0.12789,0.00010313
0.12797,0.00010395
0.12805,0.00010477
0.12812,0.00010558
0.1282,0.00010638
0.12828,0.00010716
0.12836,0.00010793
0.12844,0.00010869
0.12852,0.00010945
0.12859,0.00011018
0.12867,0.00011091
0.12875,0.00011162
0.12883,0.00011233
0.12891,0.00011302
0.12898,0.0001137
0.12906,0.00011439
0.12914,0.00011504
0.12922,0.00011568
0.1293,0.00011632
0.12937,0.00011695
0.12945,0.00011755
0.12953,0.00011815
0.12961,0.00011873
0.12969,0.00011931
0.12977,0.00011988
0.12984,0.00012043
0.12992,0.00012096
0.13,0.0001215
0.13008,0.00012201
0.13016,0.00012252
0.13023,0.00012301
0.13031,0.00012348
0.13039,0.00012395
0.13047,0.00012441
0.13055,0.00012484
0.13062,0.00012527
0.1307,0.00012568
0.13078,0.00012609
0.13086,0.00012648
0.13094,0.00012686
0.13102,0.00012723
0.13109,0.00012758
0.13117,0.00012791
0.13125,0.00012825
0.13133,0.00012856
0.13141,0.00012886
0.13148,0.00012915
0.13156,0.00012942
0.13164,0.00012969
0.13172,0.00012994
0.1318,0.00013018
0.13187,0.0001304
0.13195,0.00013062
0.13203,0.00013081
0.13211,0.00013101
0.13219,0.00013118
0.13227,0.00013134
0.13234,0.00013149
0.13242,0.00013163
0.1325,0.00013175
0.13258,0.00013186
0.13266,0.00013195
0.13273,0.00013204
0.13281,0.00013211
0.13289,0.00013217
0.13297,0.00013223
0.13305,0.00013225
0.13312,0.00013227
0.1332,0.00013229
0.13328,0.00013228
0.13336,0.00013226
0.13344,0.00013223
0.13352,0.00013218
0.13359,0.00013213
0.13367,0.00013207
0.13375,0.00013199
0.13383,0.00013189
0.13391,0.00013179
0.13398,0.00013167
0.13406,0.00013155
0.13414,0.00013141
0.13422,0.00013125
0.1343,0.00013108
0.13437,0.00013091
0.13445,0.00013071
0.13453,0.00013051
0.13461,0.00013029
0.13469,0.00013007
0.13477,0.00012983
0.13484,0.00012958
0.13492,0.00012932
0.135,0.00012904
0.13508,0.00012875
0.13516,0.00012846
0.13523,0.00012815
0.13531,0.00012782
0.13539,0.00012749
0.13547,0.00012713
0.13555,0.00012678
0.13562,0.00012641
0.1357,0.00012603
0.13578,0.00012563
0.13586,0.00012524
0.13594,0.00012482
0.13602,0.0001244
0.13609,0.00012396
0.13617,0.00012351
0.13625,0.00012306
0.13633,0.0001226
0.13641,0.0001221
0.13648,0.00012161
0.13656,0.00012111
0.13664,0.00012059
0.13672,0.00012007
0.1368,0.00011954
0.13687,0.000119
0.13695,0.00011844
0.13703,0.00011787
0.13711,0.0001173
0.13719,0.00011671
0.13727,0.00011611
0.13734,0.00011551
0.13742,0.00011488
0.1375,0.00011426
0.13758,0.00011363
0.13766,0.00011298
0.13773,0.00011232
0.13781,0.00011166
0.13789,0.00011099
0.13797,0.00011031
0.13805,0.00010961
0.13812,0.00010891
0.1382,0.0001082
0.13828,0.00010748
0.13836,0.00010674
0.13844,0.00010601
0.13852,0.00010525
0.13859,0.0001045
0.13867,0.00010374
0.13875,0.00010296
0.13883,0.00010219
0.13891,0.00010139
0.13898,0.00010059
0.13906,9.98E-05
0.13914,9.90E-05
0.13922,9.82E-05
0.1393,9.73E-05
0.13937,9.65E-05
0.13945,9.56E-05
0.13953,9.48E-05
0.13961,9.39E-05
0.13969,9.31E-05
0.13977,9.22E-05
0.13984,9.13E-05
0.13992,9.04E-05
0.14,8.95E-05
0.14008,8.86E-05
0.14016,8.77E-05
0.14023,8.68E-05
0.14031,8.59E-05
0.14039,8.49E-05
0.14047,8.40E-05
0.14055,8.31E-05
0.14062,8.21E-05
0.1407,8.12E-05
0.14078,8.02E-05
0.14086,7.92E-05
0.14094,7.83E-05
0.14102,7.73E-05
0.14109,7.63E-05
0.14117,7.53E-05
0.14125,7.43E-05
0.14133,7.33E-05
0.14141,7.23E-05
0.14148,7.13E-05
0.14156,7.03E-05
0.14164,6.93E-05
0.14172,6.83E-05
0.1418,6.73E-05
0.14188,6.62E-05
0.14195,6.52E-05
0.14203,6.42E-05
0.14211,6.31E-05
0.14219,6.21E-05
0.14227,6.10E-05
0.14234,6.00E-05
0.14242,5.89E-05
0.1425,5.79E-05
0.14258,5.68E-05
0.14266,5.57E-05
0.14273,5.47E-05
0.14281,5.36E-05
0.14289,5.25E-05
0.14297,5.15E-05
0.14305,5.04E-05
0.14313,4.93E-05
0.1432,4.82E-05
0.14328,4.71E-05
0.14336,4.60E-05
0.14344,4.50E-05
0.14352,4.39E-05
0.14359,4.28E-05
0.14367,4.17E-05
0.14375,4.06E-05
0.14383,3.95E-05
0.14391,3.84E-05
0.14398,3.73E-05
0.14406,3.62E-05
0.14414,3.51E-05
0.14422,3.40E-05
0.1443,3.29E-05
0.14438,3.18E-05
0.14445,3.07E-05
0.14453,2.95E-05
0.14461,2.84E-05
0.14469,2.73E-05
0.14477,2.62E-05
0.14484,2.51E-05
0.14492,2.40E-05
0.145,2.29E-05
0.14508,2.18E-05
0.14516,2.07E-05
0.14523,1.96E-05
0.14531,1.85E-05
0.14539,1.74E-05
0.14547,1.63E-05
0.14555,1.52E-05
0.14563,1.41E-05
0.1457,1.30E-05
0.14578,1.19E-05
0.14586,1.08E-05
0.14594,9.72E-06
0.14602,8.63E-06
0.14609,7.55E-06
0.14617,6.46E-06
0.14625,5.37E-06
0.14633,4.29E-06
0.14641,3.21E-06
0.14648,2.13E-06
0.14656,1.06E-06
0.14664,-1.82E-08
0.14672,-1.08E-06
0.1468,-2.15E-06
0.14688,-3.22E-06
0.14695,-4.28E-06
0.14703,-5.33E-06
0.14711,-6.39E-06
0.14719,-7.44E-06
0.14727,-8.48E-06
0.14734,-9.53E-06
0.14742,-1.06E-05
0.1475,-1.16E-05
0.14758,-1.26E-05
0.14766,-1.37E-05
0.14773,-1.47E-05
0.14781,-1.57E-05
0.14789,-1.67E-05
0.14797,-1.77E-05
0.14805,-1.87E-05
0.14813,-1.97E-05
0.1482,-2.07E-05
0.14828,-2.17E-05
0.14836,-2.27E-05
0.14844,-2.37E-05
0.14852,-2.47E-05
0.14859,-2.57E-05
0.14867,-2.66E-05
0.14875,-2.76E-05
0.14883,-2.85E-05
0.14891,-2.95E-05
0.14898,-3.04E-05
0.14906,-3.14E-05
0.14914,-3.23E-05
0.14922,-3.32E-05
0.1493,-3.41E-05
0.14938,-3.51E-05
0.14945,-3.60E-05
0.14953,-3.69E-05
0.14961,-3.78E-05
0.14969,-3.87E-05
0.14977,-3.95E-05
0.14984,-4.04E-05
0.14992,-4.13E-05
0.15,-4.22E-05
0.15008,-4.30E-05
0.15016,-4.39E-05
0.15023,-4.47E-05
0.15031,-4.55E-05
0.15039,-4.64E-05
0.15047,-4.72E-05
0.15055,-4.80E-05
0.15063,-4.88E-05
0.1507,-4.96E-05
0.15078,-5.04E-05
0.15086,-5.12E-05
0.15094,-5.20E-05
0.15102,-5.27E-05
0.15109,-5.35E-05
0.15117,-5.42E-05
0.15125,-5.50E-05
0.15133,-5.57E-05
0.15141,-5.65E-05
0.15148,-5.72E-05
0.15156,-5.79E-05
0.15164,-5.86E-05
0.15172,-5.93E-05
0.1518,-6.00E-05
0.15188,-6.07E-05
0.15195,-6.13E-05
0.15203,-6.20E-05
0.15211,-6.27E-05
0.15219,-6.33E-05
0.15227,-6.39E-05
0.15234,-6.46E-05
0.15242,-6.52E-05
0.1525,-6.58E-05
0.15258,-6.64E-05
0.15266,-6.70E-05
0.15273,-6.76E-05
0.15281,-6.82E-05
0.15289,-6.87E-05
0.15297,-6.93E-05
0.15305,-6.98E-05
0.15313,-7.04E-05
0.1532,-7.09E-05
0.15328,-7.14E-05
0.15336,-7.19E-05
0.15344,-7.24E-05
0.15352,-7.29E-05
0.15359,-7.34E-05
0.15367,-7.39E-05
0.15375,-7.43E-05
0.15383,-7.48E-05
0.15391,-7.52E-05
0.15398,-7.57E-05
0.15406,-7.61E-05
0.15414,-7.65E-05
0.15422,-7.69E-05
0.1543,-7.73E-05
0.15438,-7.77E-05
0.15445,-7.81E-05
0.15453,-7.85E-05
0.15461,-7.88E-05
0.15469,-7.92E-05
0.15477,-7.95E-05
0.15484,-7.98E-05
0.15492,-8.01E-05
0.155,-8.05E-05
0.15508,-8.08E-05
0.15516,-8.10E-05
0.15523,-8.13E-05
0.15531,-8.16E-05
0.15539,-8.19E-05
0.15547,-8.21E-05
0.15555,-8.23E-05
0.15563,-8.26E-05
0.1557,-8.28E-05
0.15578,-8.30E-05
0.15586,-8.32E-05
0.15594,-8.34E-05
0.15602,-8.36E-05
0.15609,-8.37E-05
0.15617,-8.39E-05
0.15625,-8.41E-05
0.15633,-8.42E-05
0.15641,-8.43E-05
0.15648,-8.44E-05
0.15656,-8.45E-05
0.15664,-8.46E-05
0.15672,-8.47E-05
0.1568,-8.48E-05
0.15687,-8.49E-05
0.15695,-8.49E-05
0.15703,-8.50E-05
0.15711,-8.50E-05
0.15719,-8.51E-05
0.15727,-8.51E-05
0.15734,-8.51E-05
0.15742,-8.51E-05
0.1575,-8.51E-05
0.15758,-8.51E-05
0.15766,-8.50E-05
0.15773,-8.50E-05
0.15781,-8.50E-05
0.15789,-8.49E-05
0.15797,-8.48E-05
0.15805,-8.47E-05
0.15812,-8.47E-05
0.1582,-8.46E-05
0.15828,-8.45E-05
0.15836,-8.43E-05
0.15844,-8.42E-05
0.15852,-8.41E-05
0.15859,-8.39E-05
0.15867,-8.38E-05
0.15875,-8.36E-05
0.15883,-8.34E-05
0.15891,-8.32E-05
0.15898,-8.31E-05
0.15906,-8.29E-05
0.15914,-8.26E-05
0.15922,-8.24E-05
0.1593,-8.22E-05
0.15937,-8.20E-05
0.15945,-8.17E-05
0.15953,-8.15E-05
0.15961,-8.12E-05
0.15969,-8.09E-05
0.15977,-8.06E-05
0.15984,-8.03E-05
0.15992,-8.00E-05
0.16,-7.97E-05
0.16008,-7.94E-05
0.16016,-7.91E-05
0.16023,-7.87E-05
0.16031,-7.84E-05
0.16039,-7.80E-05
0.16047,-7.77E-05
0.16055,-7.73E-05
0.16062,-7.69E-05
0.1607,-7.65E-05
0.16078,-7.61E-05
0.16086,-7.57E-05
0.16094,-7.53E-05
0.16102,-7.49E-05
0.16109,-7.45E-05
0.16117,-7.40E-05
0.16125,-7.36E-05
0.16133,-7.31E-05
0.16141,-7.27E-05
0.16148,-7.22E-05
0.16156,-7.17E-05
0.16164,-7.12E-05
0.16172,-7.07E-05
0.1618,-7.02E-05
0.16187,-6.97E-05
0.16195,-6.92E-05
0.16203,-6.87E-05
0.16211,-6.82E-05
0.16219,-6.76E-05
0.16227,-6.71E-05
0.16234,-6.65E-05
0.16242,-6.60E-05
0.1625,-6.54E-05
0.16258,-6.48E-05
0.16266,-6.42E-05
0.16273,-6.36E-05
0.16281,-6.30E-05
0.16289,-6.25E-05
0.16297,-6.18E-05
0.16305,-6.12E-05
0.16312,-6.06E-05
0.1632,-6.00E-05
0.16328,-5.93E-05
0.16336,-5.87E-05
0.16344,-5.81E-05
0.16352,-5.74E-05
0.16359,-5.67E-05
0.16367,-5.61E-05
0.16375,-5.54E-05
0.16383,-5.47E-05
0.16391,-5.41E-05
0.16398,-5.34E-05
0.16406,-5.27E-05
0.16414,-5.20E-05
0.16422,-5.13E-05
0.1643,-5.06E-05
0.16437,-4.99E-05
0.16445,-4.91E-05
0.16453,-4.84E-05
0.16461,-4.77E-05
0.16469,-4.69E-05
0.16477,-4.62E-05
0.16484,-4.55E-05
0.16492,-4.47E-05
0.165,-4.40E-05
0.16508,-4.32E-05
0.16516,-4.24E-05
0.16523,-4.17E-05
0.16531,-4.09E-05
0.16539,-4.01E-05
0.16547,-3.93E-05
0.16555,-3.86E-05
0.16562,-3.78E-05
0.1657,-3.70E-05
0.16578,-3.62E-05
0.16586,-3.54E-05
0.16594,-3.46E-05
0.16602,-3.38E-05
0.16609,-3.30E-05
0.16617,-3.22E-05
0.16625,-3.13E-05
0.16633,-3.05E-05
0.16641,-2.97E-05
0.16648,-2.89E-05
0.16656,-2.81E-05
0.16664,-2.72E-05
0.16672,-2.64E-05
0.1668,-2.56E-05
0.16687,-2.47E-05
0.16695,-2.39E-05
0.16703,-2.30E-05
0.16711,-2.22E-05
0.16719,-2.13E-05
0.16727,-2.05E-05
0.16734,-1.96E-05
0.16742,-1.88E-05
0.1675,-1.79E-05
0.16758,-1.71E-05
0.16766,-1.62E-05
0.16773,-1.54E-05
0.16781,-1.45E-05
0.16789,-1.36E-05
0.16797,-1.28E-05
0.16805,-1.19E-05
0.16812,-1.10E-05
0.1682,-1.02E-05
0.16828,-9.31E-06
0.16836,-8.44E-06
0.16844,-7.57E-06
0.16852,-6.70E-06
0.16859,-5.83E-06
0.16867,-4.96E-06
0.16875,-4.08E-06
0.16883,-3.21E-06
0.16891,-2.34E-06
0.16898,-1.47E-06
0.16906,-5.98E-07
0.16914,2.73E-07
0.16922,1.14E-06
0.1693,2.01E-06
0.16937,2.89E-06
0.16945,3.76E-06
0.16953,4.62E-06
0.16961,5.49E-06
0.16969,6.36E-06
0.16977,7.23E-06
0.16984,8.09E-06
0.16992,8.96E-06
0.17,9.83E-06
0.17008,1.07E-05
0.17016,1.16E-05
0.17023,1.24E-05
0.17031,1.33E-05
0.17039,1.41E-05
0.17047,1.50E-05
0.17055,1.58E-05
0.17062,1.67E-05
0.1707,1.75E-05
0.17078,1.84E-05
0.17086,1.92E-05
0.17094,2.01E-05
0.17102,2.09E-05
0.17109,2.18E-05
0.17117,2.26E-05
0.17125,2.34E-05
0.17133,2.43E-05
0.17141,2.51E-05
0.17148,2.59E-05
0.17156,2.68E-05
0.17164,2.76E-05
0.17172,2.84E-05
0.1718,2.92E-05
0.17188,3.00E-05
0.17195,3.08E-05
0.17203,3.17E-05
0.17211,3.25E-05
0.17219,3.33E-05
0.17227,3.41E-05
0.17234,3.49E-05
0.17242,3.56E-05
0.1725,3.64E-05
0.17258,3.72E-05
0.17266,3.80E-05
0.17273,3.88E-05
0.17281,3.95E-05
0.17289,4.03E-05
0.17297,4.11E-05
0.17305,4.18E-05
0.17313,4.26E-05
0.1732,4.33E-05
0.17328,4.41E-05
0.17336,4.48E-05
0.17344,4.56E-05
0.17352,4.63E-05
0.17359,4.70E-05
0.17367,4.77E-05
0.17375,4.85E-05
0.17383,4.92E-05
0.17391,4.99E-05
0.17398,5.06E-05
0.17406,5.13E-05
0.17414,5.20E-05
0.17422,5.27E-05
0.1743,5.34E-05
0.17438,5.40E-05
0.17445,5.47E-05
0.17453,5.54E-05
0.17461,5.60E-05
0.17469,5.67E-05
0.17477,5.74E-05
0.17484,5.80E-05
0.17492,5.86E-05
0.175,5.93E-05
0.17508,5.99E-05
0.17516,6.05E-05
0.17523,6.11E-05
0.17531,6.18E-05
0.17539,6.24E-05
0.17547,6.30E-05
0.17555,6.35E-05
0.17563,6.41E-05
0.1757,6.47E-05
0.17578,6.53E-05
0.17586,6.59E-05
0.17594,6.64E-05
0.17602,6.70E-05
0.17609,6.75E-05
0.17617,6.81E-05
0.17625,6.86E-05
0.17633,6.91E-05
0.17641,6.97E-05
0.17648,7.02E-05
0.17656,7.07E-05
0.17664,7.12E-05
0.17672,7.17E-05
0.1768,7.22E-05
0.17688,7.26E-05
0.17695,7.31E-05
0.17703,7.36E-05
0.17711,7.41E-05
0.17719,7.45E-05
0.17727,7.50E-05
0.17734,7.54E-05
0.17742,7.58E-05
0.1775,7.62E-05
0.17758,7.67E-05
0.17766,7.71E-05
0.17773,7.75E-05
0.17781,7.79E-05
0.17789,7.83E-05
0.17797,7.86E-05
0.17805,7.90E-05
0.17813,7.94E-05
0.1782,7.97E-05
0.17828,8.01E-05
0.17836,8.04E-05
0.17844,8.08E-05
0.17852,8.11E-05
0.17859,8.14E-05
0.17867,8.17E-05
0.17875,8.20E-05
0.17883,8.23E-05
0.17891,8.26E-05
0.17898,8.29E-05
0.17906,8.32E-05
0.17914,8.34E-05
0.17922,8.37E-05
0.1793,8.40E-05
0.17938,8.42E-05
0.17945,8.44E-05
0.17953,8.47E-05
0.17961,8.49E-05
0.17969,8.51E-05
0.17977,8.53E-05
0.17984,8.55E-05
0.17992,8.57E-05
0.18,8.59E-05
0.18008,8.60E-05
0.18016,8.62E-05
0.18023,8.63E-05
0.18031,8.65E-05
0.18039,8.66E-05
0.18047,8.68E-05
0.18055,8.69E-05
0.18063,8.70E-05
0.1807,8.71E-05
0.18078,8.72E-05
0.18086,8.73E-05
0.18094,8.74E-05
0.18102,8.75E-05
0.18109,8.75E-05
0.18117,8.76E-05
0.18125,8.77E-05
0.18133,8.77E-05
0.18141,8.77E-05
0.18148,8.78E-05
0.18156,8.78E-05
0.18164,8.78E-05
0.18172,8.78E-05
0.1818,8.78E-05
0.18188,8.78E-05
0.18195,8.77E-05
0.18203,8.77E-05
0.18211,8.77E-05
0.18219,8.76E-05
0.18227,8.76E-05
0.18234,8.75E-05
0.18242,8.75E-05
0.1825,8.74E-05
0.18258,8.73E-05
0.18266,8.72E-05
0.18273,8.71E-05
0.18281,8.70E-05
0.18289,8.69E-05
0.18297,8.68E-05
0.18305,8.66E-05
0.18313,8.65E-05
0.1832,8.64E-05
0.18328,8.62E-05
0.18336,8.60E-05
0.18344,8.59E-05
0.18352,8.57E-05
0.18359,8.55E-05
0.18367,8.53E-05
0.18375,8.51E-05
0.18383,8.49E-05
0.18391,8.47E-05
0.18398,8.45E-05
0.18406,8.42E-05
0.18414,8.40E-05
0.18422,8.38E-05
0.1843,8.35E-05
0.18438,8.32E-05
0.18445,8.30E-05
0.18453,8.27E-05
0.18461,8.24E-05
0.18469,8.21E-05
0.18477,8.18E-05
0.18484,8.15E-05
0.18492,8.12E-05
0.185,8.09E-05
0.18508,8.06E-05
0.18516,8.03E-05
0.18523,7.99E-05
0.18531,7.96E-05
0.18539,7.92E-05
0.18547,7.89E-05
0.18555,7.85E-05
0.18563,7.81E-05
0.1857,7.78E-05
0.18578,7.74E-05
0.18586,7.70E-05
0.18594,7.66E-05
0.18602,7.62E-05
0.18609,7.58E-05
0.18617,7.54E-05
0.18625,7.49E-05
0.18633,7.45E-05
0.18641,7.41E-05
0.18648,7.36E-05
0.18656,7.32E-05
0.18664,7.27E-05
0.18672,7.23E-05
0.1868,7.18E-05
0.18688,7.13E-05
0.18695,7.08E-05
0.18703,7.04E-05
0.18711,6.99E-05
0.18719,6.94E-05
0.18727,6.89E-05
0.18734,6.84E-05
0.18742,6.78E-05
0.1875,6.73E-05
0.18758,6.68E-05
0.18766,6.63E-05
0.18773,6.57E-05
0.18781,6.52E-05
0.18789,6.46E-05
0.18797,6.41E-05
0.18805,6.35E-05
0.18812,6.30E-05
0.1882,6.24E-05
0.18828,6.18E-05
0.18836,6.13E-05
0.18844,6.07E-05
0.18852,6.01E-05
0.18859,5.95E-05
0.18867,5.89E-05
0.18875,5.83E-05
0.18883,5.77E-05
0.18891,5.71E-05
0.18898,5.65E-05
0.18906,5.59E-05
0.18914,5.52E-05
0.18922,5.46E-05
0.1893,5.40E-05
0.18937,5.34E-05
0.18945,5.27E-05
0.18953,5.21E-05
0.18961,5.14E-05
0.18969,5.08E-05
0.18977,5.01E-05
0.18984,4.95E-05
0.18992,4.88E-05
0.19,4.82E-05
0.19008,4.75E-05
0.19016,4.68E-05
0.19023,4.61E-05
0.19031,4.55E-05
0.19039,4.48E-05
0.19047,4.41E-05
0.19055,4.34E-05
0.19062,4.27E-05
0.1907,4.20E-05
0.19078,4.13E-05
0.19086,4.06E-05
0.19094,3.99E-05
0.19102,3.92E-05
0.19109,3.85E-05
0.19117,3.78E-05
0.19125,3.71E-05
0.19133,3.64E-05
0.19141,3.57E-05
0.19148,3.50E-05
0.19156,3.42E-05
0.19164,3.35E-05
0.19172,3.28E-05
0.1918,3.21E-05
0.19187,3.14E-05
0.19195,3.06E-05
0.19203,2.99E-05
0.19211,2.92E-05
0.19219,2.84E-05
0.19227,2.77E-05
0.19234,2.70E-05
0.19242,2.62E-05
0.1925,2.55E-05
0.19258,2.47E-05
0.19266,2.40E-05
0.19273,2.33E-05
0.19281,2.25E-05
0.19289,2.18E-05
0.19297,2.10E-05
0.19305,2.03E-05
0.19312,1.95E-05
0.1932,1.88E-05
0.19328,1.80E-05
0.19336,1.73E-05
0.19344,1.65E-05
0.19352,1.58E-05
0.19359,1.50E-05
0.19367,1.43E-05
0.19375,1.35E-05
0.19383,1.28E-05
0.19391,1.20E-05
0.19398,1.13E-05
0.19406,1.05E-05
0.19414,9.80E-06
0.19422,9.05E-06
0.1943,8.30E-06
0.19437,7.55E-06
0.19445,6.81E-06
0.19453,6.06E-06
0.19461,5.32E-06
0.19469,4.57E-06
0.19477,3.83E-06
0.19484,3.08E-06
0.19492,2.35E-06
0.195,1.60E-06
0.19508,8.65E-07
0.19516,1.27E-07
0.19523,-6.09E-07
0.19531,-1.34E-06
0.19539,-2.08E-06
0.19547,-2.81E-06
0.19555,-3.54E-06
0.19562,-4.27E-06
0.1957,-5.00E-06
0.19578,-5.72E-06
0.19586,-6.45E-06
0.19594,-7.17E-06
0.19602,-7.89E-06
0.19609,-8.61E-06
0.19617,-9.32E-06
0.19625,-1.00E-05
0.19633,-1.07E-05
0.19641,-1.15E-05
0.19648,-1.22E-05
0.19656,-1.29E-05
0.19664,-1.36E-05
0.19672,-1.43E-05
0.1968,-1.50E-05
0.19687,-1.57E-05
0.19695,-1.63E-05
0.19703,-1.70E-05
0.19711,-1.77E-05
0.19719,-1.84E-05
0.19727,-1.91E-05
0.19734,-1.98E-05
0.19742,-2.04E-05
0.1975,-2.11E-05
0.19758,-2.18E-05
0.19766,-2.24E-05
0.19773,-2.31E-05
0.19781,-2.37E-05
0.19789,-2.44E-05
0.19797,-2.51E-05
0.19805,-2.57E-05
0.19812,-2.63E-05
0.1982,-2.70E-05
0.19828,-2.76E-05
0.19836,-2.82E-05
0.19844,-2.89E-05
0.19852,-2.95E-05
0.19859,-3.01E-05
0.19867,-3.07E-05
0.19875,-3.13E-05
0.19883,-3.20E-05
0.19891,-3.26E-05
0.19898,-3.32E-05
0.19906,-3.37E-05
0.19914,-3.43E-05
0.19922,-3.49E-05
0.1993,-3.55E-05
0.19937,-3.61E-05
0.19945,-3.67E-05
0.19953,-3.72E-05
0.19961,-3.78E-05
0.19969,-3.83E-05
0.19977,-3.89E-05
0.19984,-3.94E-05
0.19992,-4.00E-05
0.2,-4.05E-05
0.20008,-4.11E-05
0.20016,-4.16E-05
0.20023,-4.21E-05
0.20031,-4.26E-05
0.20039,-4.31E-05
0.20047,-4.37E-05
0.20055,-4.42E-05
0.20062,-4.47E-05
0.2007,-4.52E-05
0.20078,-4.56E-05
0.20086,-4.61E-05
0.20094,-4.66E-05
0.20102,-4.71E-05
0.20109,-4.75E-05
0.20117,-4.80E-05
0.20125,-4.85E-05
0.20133,-4.89E-05
0.20141,-4.93E-05
0.20148,-4.98E-05
0.20156,-5.02E-05
0.20164,-5.06E-05
0.20172,-5.11E-05
0.2018,-5.15E-05
0.20187,-5.19E-05
0.20195,-5.23E-05
0.20203,-5.27E-05
0.20211,-5.31E-05
0.20219,-5.35E-05
0.20227,-5.38E-05
0.20234,-5.42E-05
0.20242,-5.46E-05
0.2025,-5.50E-05
0.20258,-5.53E-05
0.20266,-5.57E-05
0.20273,-5.60E-05
0.20281,-5.63E-05
0.20289,-5.67E-05
0.20297,-5.70E-05
0.20305,-5.73E-05
0.20312,-5.76E-05
0.2032,-5.79E-05
0.20328,-5.82E-05
0.20336,-5.85E-05
0.20344,-5.88E-05
0.20352,-5.91E-05
0.20359,-5.94E-05
0.20367,-5.96E-05
0.20375,-5.99E-05
0.20383,-6.02E-05
0.20391,-6.04E-05
0.20398,-6.06E-05
0.20406,-6.09E-05
0.20414,-6.11E-05
0.20422,-6.13E-05
0.2043,-6.16E-05
0.20438,-6.18E-05
0.20445,-6.20E-05
0.20453,-6.22E-05
0.20461,-6.24E-05
0.20469,-6.25E-05
0.20477,-6.27E-05
0.20484,-6.29E-05
0.20492,-6.31E-05
0.205,-6.32E-05
0.20508,-6.34E-05
0.20516,-6.35E-05
0.20523,-6.37E-05
0.20531,-6.38E-05
0.20539,-6.39E-05
0.20547,-6.40E-05
0.20555,-6.41E-05
0.20563,-6.42E-05
0.2057,-6.43E-05
0.20578,-6.44E-05
0.20586,-6.45E-05
0.20594,-6.46E-05
0.20602,-6.47E-05
0.20609,-6.47E-05
0.20617,-6.48E-05
0.20625,-6.49E-05
0.20633,-6.49E-05
0.20641,-6.49E-05
0.20648,-6.50E-05
0.20656,-6.50E-05
0.20664,-6.50E-05
0.20672,-6.50E-05
0.2068,-6.51E-05
0.20688,-6.51E-05
0.20695,-6.50E-05
0.20703,-6.50E-05
0.20711,-6.50E-05
0.20719,-6.50E-05
0.20727,-6.50E-05
0.20734,-6.49E-05
0.20742,-6.49E-05
0.2075,-6.48E-05
0.20758,-6.48E-05
0.20766,-6.47E-05
0.20773,-6.47E-05
0.20781,-6.46E-05
0.20789,-6.45E-05
0.20797,-6.44E-05
0.20805,-6.43E-05
0.20813,-6.42E-05
0.2082,-6.41E-05
0.20828,-6.40E-05
0.20836,-6.39E-05
0.20844,-6.38E-05
0.20852,-6.36E-05
0.20859,-6.35E-05
0.20867,-6.34E-05
0.20875,-6.32E-05
0.20883,-6.31E-05
0.20891,-6.29E-05
0.20898,-6.27E-05
0.20906,-6.26E-05
0.20914,-6.24E-05
0.20922,-6.22E-05
0.2093,-6.20E-05
0.20938,-6.18E-05
0.20945,-6.16E-05
0.20953,-6.14E-05
0.20961,-6.12E-05
0.20969,-6.10E-05
0.20977,-6.08E-05
0.20984,-6.05E-05
0.20992,-6.03E-05
0.21,-6.01E-05
0.21008,-5.98E-05
0.21016,-5.96E-05
0.21023,-5.93E-05
0.21031,-5.91E-05
0.21039,-5.88E-05
0.21047,-5.85E-05
0.21055,-5.83E-05
0.21063,-5.80E-05
0.2107,-5.77E-05
0.21078,-5.74E-05
0.21086,-5.71E-05
0.21094,-5.68E-05
0.21102,-5.65E-05
0.21109,-5.62E-05
0.21117,-5.59E-05
0.21125,-5.56E-05
0.21133,-5.52E-05
0.21141,-5.49E-05
0.21148,-5.46E-05
0.21156,-5.42E-05
0.21164,-5.39E-05
0.21172,-5.35E-05
0.2118,-5.32E-05
0.21188,-5.28E-05
0.21195,-5.25E-05
0.21203,-5.21E-05
0.21211,-5.17E-05
0.21219,-5.14E-05
0.21227,-5.10E-05
0.21234,-5.06E-05
0.21242,-5.02E-05
0.2125,-4.98E-05
0.21258,-4.94E-05
0.21266,-4.90E-05
0.21273,-4.86E-05
0.21281,-4.82E-05
0.21289,-4.78E-05
0.21297,-4.74E-05
0.21305,-4.70E-05
0.21313,-4.66E-05
0.2132,-4.61E-05
0.21328,-4.57E-05
0.21336,-4.53E-05
0.21344,-4.48E-05
0.21352,-4.44E-05
0.21359,-4.39E-05
0.21367,-4.35E-05
0.21375,-4.30E-05
0.21383,-4.26E-05
0.21391,-4.21E-05
0.21398,-4.17E-05
0.21406,-4.12E-05
0.21414,-4.08E-05
0.21422,-4.03E-05
0.2143,-3.98E-05
0.21438,-3.93E-05
0.21445,-3.89E-05
0.21453,-3.84E-05
0.21461,-3.79E-05
0.21469,-3.74E-05
0.21477,-3.69E-05
0.21484,-3.64E-05
0.21492,-3.59E-05
0.215,-3.54E-05
0.21508,-3.49E-05
0.21516,-3.44E-05
0.21523,-3.39E-05
0.21531,-3.34E-05
0.21539,-3.29E-05
0.21547,-3.24E-05
0.21555,-3.19E-05
0.21563,-3.14E-05
0.2157,-3.09E-05
0.21578,-3.04E-05
0.21586,-2.99E-05
0.21594,-2.93E-05
0.21602,-2.88E-05
0.21609,-2.83E-05
0.21617,-2.78E-05
0.21625,-2.73E-05
0.21633,-2.67E-05
0.21641,-2.62E-05
0.21648,-2.57E-05
0.21656,-2.51E-05
0.21664,-2.46E-05
0.21672,-2.41E-05
0.2168,-2.36E-05
0.21688,-2.30E-05
0.21695,-2.25E-05
0.21703,-2.20E-05
0.21711,-2.14E-05
0.21719,-2.09E-05
0.21727,-2.03E-05
0.21734,-1.98E-05
0.21742,-1.93E-05
0.2175,-1.87E-05
0.21758,-1.82E-05
0.21766,-1.76E-05
0.21773,-1.71E-05
0.21781,-1.66E-05
0.21789,-1.60E-05
0.21797,-1.55E-05
0.21805,-1.50E-05
0.21813,-1.44E-05
0.2182,-1.39E-05
0.21828,-1.33E-05
0.21836,-1.28E-05
0.21844,-1.23E-05
0.21852,-1.17E-05
0.21859,-1.12E-05
0.21867,-1.06E-05
0.21875,-1.01E-05
0.21883,-9.57E-06
0.21891,-9.03E-06
0.21898,-8.50E-06
0.21906,-7.96E-06
0.21914,-7.43E-06
0.21922,-6.90E-06
0.2193,-6.37E-06
0.21937,-5.84E-06
0.21945,-5.31E-06
0.21953,-4.78E-06
0.21961,-4.25E-06
0.21969,-3.73E-06
0.21977,-3.20E-06
0.21984,-2.68E-06
0.21992,-2.16E-06
0.22,-1.64E-06
0.22008,-1.12E-06
0.22016,-5.99E-07
0.22023,-8.24E-08
0.22031,4.30E-07
0.22039,9.42E-07
0.22047,1.45E-06
0.22055,1.96E-06
0.22062,2.47E-06
0.2207,2.97E-06
0.22078,3.47E-06
0.22086,3.97E-06
0.22094,4.47E-06
0.22102,4.97E-06
0.22109,5.46E-06
0.22117,5.95E-06
0.22125,6.44E-06
0.22133,6.93E-06
0.22141,7.41E-06
0.22148,7.89E-06
0.22156,8.37E-06
0.22164,8.85E-06
0.22172,9.33E-06
0.2218,9.80E-06
0.22187,1.03E-05
0.22195,1.07E-05
0.22203,1.12E-05
0.22211,1.17E-05
0.22219,1.21E-05
0.22227,1.26E-05
0.22234,1.30E-05
0.22242,1.35E-05
0.2225,1.39E-05
0.22258,1.44E-05
0.22266,1.48E-05
0.22273,1.52E-05
0.22281,1.57E-05
0.22289,1.61E-05
0.22297,1.65E-05
0.22305,1.70E-05
0.22312,1.74E-05
0.2232,1.78E-05
0.22328,1.82E-05
0.22336,1.86E-05
0.22344,1.90E-05
0.22352,1.94E-05
0.22359,1.98E-05
0.22367,2.02E-05
0.22375,2.06E-05
0.22383,2.10E-05
0.22391,2.14E-05
0.22398,2.18E-05
0.22406,2.21E-05
0.22414,2.25E-05
0.22422,2.29E-05
0.2243,2.32E-05
0.22437,2.36E-05
0.22445,2.40E-05
0.22453,2.43E-05
0.22461,2.47E-05
0.22469,2.50E-05
0.22477,2.54E-05
0.22484,2.57E-05
0.22492,2.60E-05
0.225,2.63E-05
0.22508,2.67E-05
0.22516,2.70E-05
0.22523,2.73E-05
0.22531,2.76E-05
0.22539,2.79E-05
0.22547,2.82E-05
0.22555,2.85E-05
0.22562,2.88E-05
0.2257,2.91E-05
0.22578,2.94E-05
0.22586,2.97E-05
0.22594,2.99E-05
0.22602,3.02E-05
0.22609,3.05E-05
0.22617,3.07E-05
0.22625,3.10E-05
0.22633,3.12E-05
0.22641,3.15E-05
0.22648,3.17E-05
0.22656,3.20E-05
0.22664,3.22E-05
0.22672,3.24E-05
0.2268,3.27E-05
0.22687,3.29E-05
0.22695,3.31E-05
0.22703,3.33E-05
0.22711,3.35E-05
0.22719,3.37E-05
0.22727,3.39E-05
0.22734,3.41E-05
0.22742,3.43E-05
0.2275,3.45E-05
0.22758,3.46E-05
0.22766,3.48E-05
0.22773,3.50E-05
0.22781,3.51E-05
0.22789,3.53E-05
0.22797,3.54E-05
0.22805,3.56E-05
0.22812,3.57E-05
0.2282,3.58E-05
0.22828,3.60E-05
0.22836,3.61E-05
0.22844,3.62E-05
0.22852,3.63E-05
0.22859,3.64E-05
0.22867,3.65E-05
0.22875,3.66E-05
0.22883,3.67E-05
0.22891,3.68E-05
0.22898,3.69E-05
0.22906,3.69E-05
0.22914,3.71E-05
0.22922,3.74E-05
0.2293,3.71E-05
0.22937,3.69E-05
0.22945,3.70E-05
0.22953,3.70E-05
0.22961,3.71E-05
0.22969,3.71E-05
0.22977,3.71E-05
0.22984,3.72E-05
0.22992,3.72E-05
0.23,3.72E-05
0.23008,3.72E-05
0.23016,3.72E-05
0.23023,3.72E-05
0.23031,3.72E-05
0.23039,3.72E-05
0.23047,3.72E-05
0.23055,3.72E-05
0.23062,3.72E-05
0.2307,3.71E-05
0.23078,3.71E-05
0.23086,3.71E-05
0.23094,3.70E-05
0.23102,3.70E-05
0.23109,3.69E-05
0.23117,3.69E-05
0.23125,3.68E-05
0.23133,3.67E-05
0.23141,3.67E-05
0.23148,3.66E-05
0.23156,3.65E-05
0.23164,3.64E-05
0.23172,3.63E-05
0.2318,3.63E-05
0.23187,3.62E-05
0.23195,3.61E-05
0.23203,3.59E-05
0.23211,3.58E-05
0.23219,3.57E-05
0.23227,3.56E-05
0.23234,3.55E-05
0.23242,3.53E-05
0.2325,3.52E-05
0.23258,3.51E-05
0.23266,3.49E-05
0.23273,3.48E-05
0.23281,3.46E-05
0.23289,3.45E-05
0.23297,3.43E-05
0.23305,3.41E-05
0.23312,3.39E-05
0.2332,3.38E-05
0.23328,3.36E-05
0.23336,3.34E-05
0.23344,3.32E-05
0.23352,3.30E-05
0.23359,3.28E-05
0.23367,3.26E-05
0.23375,3.24E-05
0.23383,3.22E-05
0.23391,3.20E-05
0.23398,3.18E-05
0.23406,3.15E-05
0.23414,3.13E-05
0.23422,3.11E-05
0.2343,3.09E-05
0.23438,3.06E-05
0.23445,3.04E-05
0.23453,3.01E-05
0.23461,2.99E-05
0.23469,2.96E-05
0.23477,2.94E-05
0.23484,2.91E-05
0.23492,2.88E-05
0.235,2.86E-05
0.23508,2.83E-05
0.23516,2.80E-05
0.23523,2.77E-05
0.23531,2.74E-05
0.23539,2.72E-05
0.23547,2.69E-05
0.23555,2.66E-05
0.23563,2.63E-05
0.2357,2.60E-05
0.23578,2.57E-05
0.23586,2.54E-05
0.23594,2.51E-05
0.23602,2.47E-05
0.23609,2.44E-05
0.23617,2.41E-05
0.23625,2.38E-05
0.23633,2.34E-05
0.23641,2.31E-05
0.23648,2.28E-05
0.23656,2.24E-05
0.23664,2.21E-05
0.23672,2.18E-05
0.2368,2.14E-05
0.23688,2.11E-05
0.23695,2.07E-05
0.23703,2.04E-05
0.23711,2.00E-05
0.23719,1.96E-05
0.23727,1.93E-05
0.23734,1.89E-05
0.23742,1.86E-05
0.2375,1.82E-05
0.23758,1.78E-05
0.23766,1.74E-05
0.23773,1.71E-05
0.23781,1.67E-05
0.23789,1.63E-05
0.23797,1.59E-05
0.23805,1.55E-05
0.23813,1.51E-05
0.2382,1.47E-05
0.23828,1.44E-05
0.23836,1.40E-05
0.23844,1.36E-05
0.23852,1.32E-05
0.23859,1.28E-05
0.23867,1.24E-05
0.23875,1.20E-05
0.23883,1.15E-05
0.23891,1.11E-05
0.23898,1.07E-05
0.23906,1.03E-05
0.23914,9.91E-06
0.23922,9.49E-06
0.2393,9.08E-06
0.23938,8.66E-06
0.23945,8.24E-06
0.23953,7.82E-06
0.23961,7.40E-06
0.23969,6.98E-06
0.23977,6.55E-06
0.23984,6.13E-06
0.23992,5.70E-06
0.24,5.27E-06
0.24008,4.84E-06
0.24016,4.41E-06
0.24023,3.98E-06
0.24031,3.54E-06
0.24039,3.11E-06
0.24047,2.68E-06
0.24055,2.24E-06
0.24063,1.81E-06
0.2407,1.37E-06
0.24078,9.34E-07
0.24086,4.96E-07
0.24094,5.72E-08
0.24102,-3.82E-07
0.24109,-8.22E-07
0.24117,-1.26E-06
0.24125,-1.70E-06
0.24133,-2.14E-06
0.24141,-2.58E-06
0.24148,-3.03E-06
0.24156,-3.47E-06
0.24164,-3.91E-06
0.24172,-4.35E-06
0.2418,-4.79E-06
0.24188,-5.23E-06
0.24195,-5.68E-06
0.24203,-6.12E-06
0.24211,-6.56E-06
0.24219,-7.01E-06
0.24227,-7.45E-06
0.24234,-7.89E-06
0.24242,-8.34E-06
0.2425,-8.78E-06
0.24258,-9.22E-06
0.24266,-9.66E-06
0.24273,-1.01E-05
0.24281,-1.05E-05
0.24289,-1.10E-05
0.24297,-1.14E-05
0.24305,-1.19E-05
0.24313,-1.23E-05
0.2432,-1.27E-05
0.24328,-1.32E-05
0.24336,-1.36E-05
0.24344,-1.40E-05
0.24352,-1.45E-05
0.24359,-1.49E-05
0.24367,-1.54E-05
0.24375,-1.58E-05
0.24383,-1.62E-05
0.24391,-1.66E-05
0.24398,-1.71E-05
0.24406,-1.75E-05
0.24414,-1.79E-05
0.24422,-1.84E-05
0.2443,-1.88E-05
0.24438,-1.92E-05
0.24445,-1.96E-05
0.24453,-2.00E-05
0.24461,-2.05E-05
0.24469,-2.09E-05
0.24477,-2.13E-05
0.24484,-2.17E-05
0.24492,-2.21E-05
0.245,-2.25E-05
0.24508,-2.29E-05
0.24516,-2.33E-05
0.24523,-2.38E-05
0.24531,-2.42E-05
0.24539,-2.46E-05
0.24547,-2.50E-05
0.24555,-2.54E-05
0.24563,-2.58E-05
0.2457,-2.62E-05
0.24578,-2.65E-05
0.24586,-2.69E-05
0.24594,-2.73E-05
0.24602,-2.77E-05
0.24609,-2.81E-05
0.24617,-2.85E-05
0.24625,-2.89E-05
0.24633,-2.92E-05
0.24641,-2.96E-05
0.24648,-3.00E-05
0.24656,-3.04E-05
0.24664,-3.07E-05
0.24672,-3.11E-05
0.2468,-3.15E-05
0.24688,-3.18E-05
0.24695,-3.22E-05
0.24703,-3.26E-05
0.24711,-3.29E-05
0.24719,-3.33E-05
0.24727,-3.36E-05
0.24734,-3.40E-05
0.24742,-3.43E-05
0.2475,-3.46E-05
0.24758,-3.50E-05
0.24766,-3.53E-05
0.24773,-3.57E-05
0.24781,-3.60E-05
0.24789,-3.63E-05
0.24797,-3.66E-05
0.24805,-3.70E-05
0.24813,-3.73E-05
0.2482,-3.76E-05
0.24828,-3.79E-05
0.24836,-3.82E-05
0.24844,-3.85E-05
0.24852,-3.88E-05
0.24859,-3.91E-05
0.24867,-3.94E-05
0.24875,-3.97E-05
0.24883,-4.00E-05
0.24891,-4.03E-05
0.24898,-4.06E-05
0.24906,-4.09E-05
0.24914,-4.12E-05
0.24922,-4.14E-05
0.2493,-4.17E-05
0.24938,-4.20E-05
0.24945,-4.23E-05
0.24953,-4.25E-05
0.24961,-4.28E-05
0.24969,-4.30E-05
0.24977,-4.33E-05
0.24984,-4.35E-05
0.24992,-4.38E-05
0.25,-4.40E-05
0.25008,-4.43E-05
0.25016,-4.45E-05
0.25023,-4.47E-05
0.25031,-4.50E-05
0.25039,-4.52E-05
0.25047,-4.54E-05
0.25055,-4.56E-05
0.25062,-4.58E-05
0.2507,-4.61E-05
0.25078,-4.63E-05
0.25086,-4.65E-05
0.25094,-4.67E-05
0.25102,-4.69E-05
0.25109,-4.71E-05
0.25117,-4.72E-05
0.25125,-4.74E-05
0.25133,-4.76E-05
0.25141,-4.78E-05
0.25148,-4.80E-05
0.25156,-4.81E-05
0.25164,-4.83E-05
0.25172,-4.84E-05
0.2518,-4.86E-05
0.25188,-4.88E-05
0.25195,-4.89E-05
0.25203,-4.91E-05
0.25211,-4.92E-05
0.25219,-4.93E-05
0.25227,-4.95E-05
0.25234,-4.96E-05
0.25242,-4.97E-05
0.2525,-4.99E-05
0.25258,-5.00E-05
0.25266,-5.01E-05
0.25273,-5.02E-05
0.25281,-5.03E-05
0.25289,-5.04E-05
0.25297,-5.05E-05
0.25305,-5.06E-05
0.25312,-5.07E-05
0.2532,-5.08E-05
0.25328,-5.09E-05
0.25336,-5.09E-05
0.25344,-5.10E-05
0.25352,-5.11E-05
0.25359,-5.12E-05
0.25367,-5.12E-05
0.25375,-5.13E-05
0.25383,-5.13E-05
0.25391,-5.14E-05
0.25398,-5.14E-05
0.25406,-5.15E-05
0.25414,-5.15E-05
0.25422,-5.15E-05
0.2543,-5.16E-05
0.25438,-5.16E-05
0.25445,-5.16E-05
0.25453,-5.16E-05
0.25461,-5.17E-05
0.25469,-5.17E-05
0.25477,-5.17E-05
0.25484,-5.17E-05
0.25492,-5.17E-05
0.255,-5.17E-05
0.25508,-5.17E-05
0.25516,-5.16E-05
0.25523,-5.16E-05
0.25531,-5.16E-05
0.25539,-5.16E-05
0.25547,-5.16E-05
0.25555,-5.15E-05
0.25562,-5.15E-05
0.2557,-5.14E-05
0.25578,-5.14E-05
0.25586,-5.13E-05
0.25594,-5.13E-05
0.25602,-5.12E-05
0.25609,-5.12E-05
0.25617,-5.11E-05
0.25625,-5.10E-05
0.25633,-5.10E-05
0.25641,-5.09E-05
0.25648,-5.08E-05
0.25656,-5.07E-05
0.25664,-5.06E-05
0.25672,-5.06E-05
0.2568,-5.05E-05
0.25688,-5.04E-05
0.25695,-5.03E-05
0.25703,-5.02E-05
0.25711,-5.00E-05
0.25719,-4.99E-05
0.25727,-4.98E-05
0.25734,-4.97E-05
0.25742,-4.96E-05
0.2575,-4.94E-05
0.25758,-4.93E-05
0.25766,-4.92E-05
0.25773,-4.90E-05
0.25781,-4.89E-05
0.25789,-4.87E-05
0.25797,-4.86E-05
0.25805,-4.84E-05
0.25812,-4.83E-05
0.2582,-4.81E-05
0.25828,-4.80E-05
0.25836,-4.78E-05
0.25844,-4.76E-05
0.25852,-4.74E-05
0.25859,-4.73E-05
0.25867,-4.71E-05
0.25875,-4.69E-05
0.25883,-4.67E-05
0.25891,-4.65E-05
0.25898,-4.63E-05
0.25906,-4.61E-05
0.25914,-4.59E-05
0.25922,-4.57E-05
0.2593,-4.55E-05
0.25938,-4.53E-05
0.25945,-4.51E-05
0.25953,-4.49E-05
0.25961,-4.46E-05
0.25969,-4.44E-05
0.25977,-4.42E-05
0.25984,-4.40E-05
0.25992,-4.37E-05
0.26,-4.35E-05
0.26008,-4.33E-05
0.26016,-4.30E-05
0.26023,-4.28E-05
0.26031,-4.25E-05
0.26039,-4.23E-05
0.26047,-4.20E-05
0.26055,-4.18E-05
0.26062,-4.15E-05
0.2607,-4.12E-05
0.26078,-4.10E-05
0.26086,-4.07E-05
0.26094,-4.04E-05
0.26102,-4.02E-05
0.26109,-3.99E-05
0.26117,-3.96E-05
0.26125,-3.93E-05
0.26133,-3.91E-05
0.26141,-3.88E-05
0.26148,-3.85E-05
0.26156,-3.82E-05
0.26164,-3.79E-05
0.26172,-3.76E-05
0.2618,-3.73E-05
0.26188,-3.70E-05
0.26195,-3.67E-05
0.26203,-3.64E-05
0.26211,-3.61E-05
0.26219,-3.58E-05
0.26227,-3.55E-05
0.26234,-3.52E-05
0.26242,-3.49E-05
0.2625,-3.45E-05
0.26258,-3.42E-05
0.26266,-3.39E-05
0.26273,-3.36E-05
0.26281,-3.33E-05
0.26289,-3.29E-05
0.26297,-3.26E-05
0.26305,-3.23E-05
0.26312,-3.19E-05
0.2632,-3.16E-05
0.26328,-3.13E-05
0.26336,-3.09E-05
0.26344,-3.06E-05
0.26352,-3.03E-05
0.26359,-2.99E-05
0.26367,-2.96E-05
0.26375,-2.92E-05
0.26383,-2.89E-05
0.26391,-2.85E-05
0.26398,-2.82E-05
0.26406,-2.78E-05
0.26414,-2.75E-05
0.26422,-2.71E-05
0.2643,-2.68E-05
0.26438,-2.64E-05
0.26445,-2.61E-05
0.26453,-2.57E-05
0.26461,-2.54E-05
0.26469,-2.50E-05
0.26477,-2.46E-05
0.26484,-2.43E-05
0.26492,-2.39E-05
0.265,-2.35E-05
0.26508,-2.32E-05
0.26516,-2.28E-05
0.26523,-2.25E-05
0.26531,-2.21E-05
0.26539,-2.17E-05
0.26547,-2.13E-05
0.26555,-2.10E-05
0.26562,-2.06E-05
0.2657,-2.02E-05
0.26578,-1.99E-05
0.26586,-1.95E-05
0.26594,-1.91E-05
0.26602,-1.87E-05
0.26609,-1.84E-05
0.26617,-1.80E-05
0.26625,-1.76E-05
0.26633,-1.73E-05
0.26641,-1.69E-05
0.26648,-1.65E-05
0.26656,-1.61E-05
0.26664,-1.57E-05
0.26672,-1.54E-05
0.2668,-1.50E-05
0.26687,-1.46E-05
0.26695,-1.42E-05
0.26703,-1.39E-05
0.26711,-1.35E-05
0.26719,-1.31E-05
0.26727,-1.27E-05
0.26734,-1.24E-05
0.26742,-1.20E-05
0.2675,-1.16E-05
0.26758,-1.12E-05
0.26766,-1.09E-05
0.26773,-1.05E-05
0.26781,-1.01E-05
0.26789,-9.73E-06
0.26797,-9.35E-06
0.26805,-8.98E-06
0.26813,-8.60E-06
0.2682,-8.23E-06
0.26828,-7.86E-06
0.26836,-7.49E-06
0.26844,-7.12E-06
0.26852,-6.74E-06
0.26859,-6.37E-06
0.26867,-6.00E-06
0.26875,-5.64E-06
0.26883,-5.27E-06
0.26891,-4.90E-06
0.26898,-4.53E-06
0.26906,-4.17E-06
0.26914,-3.81E-06
0.26922,-3.44E-06
0.2693,-3.08E-06
0.26937,-2.72E-06
0.26945,-2.36E-06
0.26953,-2.00E-06
0.26961,-1.64E-06
0.26969,-1.29E-06
0.26977,-9.32E-07
0.26984,-5.78E-07
0.26992,-2.26E-07
0.27,1.25E-07
0.27008,4.75E-07
0.27016,8.24E-07
0.27023,1.17E-06
0.27031,1.52E-06
0.27039,1.86E-06
0.27047,2.21E-06
0.27055,2.55E-06
0.27063,2.89E-06
0.2707,3.23E-06
0.27078,3.57E-06
0.27086,3.90E-06
0.27094,4.24E-06
0.27102,4.57E-06
0.27109,4.90E-06
0.27117,5.23E-06
0.27125,5.56E-06
0.27133,5.88E-06
0.27141,6.21E-06
0.27148,6.53E-06
0.27156,6.85E-06
0.27164,7.17E-06
0.27172,7.48E-06
0.2718,7.79E-06
0.27187,8.10E-06
0.27195,8.41E-06
0.27203,8.72E-06
0.27211,9.03E-06
0.27219,9.33E-06
0.27227,9.63E-06
0.27234,9.93E-06
0.27242,1.02E-05
0.2725,1.05E-05
0.27258,1.08E-05
0.27266,1.11E-05
0.27273,1.14E-05
0.27281,1.17E-05
0.27289,1.20E-05
0.27297,1.22E-05
0.27305,1.25E-05
0.27313,1.28E-05
0.2732,1.31E-05
0.27328,1.33E-05
0.27336,1.36E-05
0.27344,1.39E-05
0.27352,1.41E-05
0.27359,1.44E-05
0.27367,1.47E-05
0.27375,1.49E-05
0.27383,1.52E-05
0.27391,1.54E-05
0.27398,1.57E-05
0.27406,1.59E-05
0.27414,1.62E-05
0.27422,1.64E-05
0.2743,1.66E-05
0.27437,1.69E-05
0.27445,1.71E-05
0.27453,1.73E-05
0.27461,1.75E-05
0.27469,1.78E-05
0.27477,1.80E-05
0.27484,1.82E-05
0.27492,1.84E-05
0.275,1.86E-05
0.27508,1.88E-05
0.27516,1.90E-05
0.27523,1.92E-05
0.27531,1.94E-05
0.27539,1.96E-05
0.27547,1.98E-05
0.27555,2.00E-05
0.27563,2.02E-05
0.2757,2.04E-05
0.27578,2.06E-05
0.27586,2.08E-05
0.27594,2.09E-05
0.27602,2.11E-05
0.27609,2.13E-05
0.27617,2.14E-05
0.27625,2.16E-05
0.27633,2.18E-05
0.27641,2.19E-05
0.27648,2.21E-05
0.27656,2.22E-05
0.27664,2.24E-05
0.27672,2.25E-05
0.2768,2.26E-05
0.27687,2.28E-05
0.27695,2.29E-05
0.27703,2.30E-05
0.27711,2.32E-05
0.27719,2.33E-05
0.27727,2.34E-05
0.27734,2.35E-05
0.27742,2.37E-05
0.2775,2.38E-05
0.27758,2.39E-05
0.27766,2.40E-05
0.27773,2.41E-05
0.27781,2.42E-05
0.27789,2.43E-05
0.27797,2.44E-05
0.27805,2.44E-05
0.27813,2.45E-05
0.2782,2.46E-05
0.27828,2.47E-05
0.27836,2.48E-05
0.27844,2.48E-05
0.27852,2.49E-05
0.27859,2.50E-05
0.27867,2.50E-05
0.27875,2.51E-05
0.27883,2.51E-05
0.27891,2.52E-05
0.27898,2.52E-05
0.27906,2.53E-05
0.27914,2.53E-05
0.27922,2.54E-05
0.2793,2.54E-05
0.27937,2.54E-05
0.27945,2.55E-05
0.27953,2.55E-05
0.27961,2.55E-05
0.27969,2.55E-05
0.27977,2.55E-05
0.27984,2.56E-05
0.27992,2.56E-05
0.28,2.56E-05
0.28008,2.56E-05
0.28016,2.56E-05
0.28023,2.56E-05
0.28031,2.56E-05
0.28039,2.55E-05
0.28047,2.55E-05
0.28055,2.55E-05
0.28063,2.55E-05
0.2807,2.55E-05
0.28078,2.54E-05
0.28086,2.54E-05
0.28094,2.54E-05
0.28102,2.53E-05
0.28109,2.53E-05
0.28117,2.52E-05
0.28125,2.52E-05
0.28133,2.52E-05
0.28141,2.51E-05
0.28148,2.50E-05
0.28156,2.50E-05
0.28164,2.49E-05
0.28172,2.49E-05
0.2818,2.48E-05
0.28187,2.47E-05
0.28195,2.46E-05
0.28203,2.46E-05
0.28211,2.45E-05
0.28219,2.44E-05
0.28227,2.43E-05
0.28234,2.42E-05
0.28242,2.41E-05
0.2825,2.40E-05
0.28258,2.39E-05
0.28266,2.38E-05
0.28273,2.37E-05
0.28281,2.36E-05
0.28289,2.35E-05
0.28297,2.34E-05
0.28305,2.33E-05
0.28313,2.32E-05
0.2832,2.30E-05
0.28328,2.29E-05
0.28336,2.28E-05
0.28344,2.27E-05
0.28352,2.25E-05
0.28359,2.24E-05
0.28367,2.22E-05
0.28375,2.21E-05
0.28383,2.20E-05
0.28391,2.18E-05
0.28398,2.17E-05
0.28406,2.15E-05
0.28414,2.14E-05
0.28422,2.12E-05
0.2843,2.10E-05
0.28437,2.09E-05
0.28445,2.07E-05
0.28453,2.05E-05
0.28461,2.04E-05
0.28469,2.02E-05
0.28477,2.00E-05
0.28484,1.98E-05
0.28492,1.97E-05
0.285,1.95E-05
0.28508,1.93E-05
0.28516,1.91E-05
0.28523,1.89E-05
0.28531,1.87E-05
0.28539,1.85E-05
0.28547,1.83E-05
0.28555,1.81E-05
0.28563,1.79E-05
0.2857,1.77E-05
0.28578,1.75E-05
0.28586,1.73E-05
0.28594,1.71E-05
0.28602,1.69E-05
0.28609,1.67E-05
0.28617,1.65E-05
0.28625,1.63E-05
0.28633,1.60E-05
0.28641,1.58E-05
0.28648,1.56E-05
0.28656,1.54E-05
0.28664,1.52E-05
0.28672,1.49E-05
0.2868,1.47E-05
0.28687,1.45E-05
0.28695,1.42E-05
0.28703,1.40E-05
0.28711,1.38E-05
0.28719,1.35E-05
0.28727,1.33E-05
0.28734,1.30E-05
0.28742,1.28E-05
0.2875,1.25E-05
0.28758,1.23E-05
0.28766,1.20E-05
0.28773,1.18E-05
0.28781,1.15E-05
0.28789,1.13E-05
0.28797,1.10E-05
0.28805,1.08E-05
0.28813,1.05E-05
0.2882,1.03E-05
0.28828,1.00E-05
0.28836,9.74E-06
0.28844,9.48E-06
0.28852,9.21E-06
0.28859,8.95E-06
0.28867,8.68E-06
0.28875,8.42E-06
0.28883,8.15E-06
0.28891,7.88E-06
0.28898,7.61E-06
0.28906,7.34E-06
0.28914,7.06E-06
0.28922,6.79E-06
0.2893,6.52E-06
0.28937,6.24E-06
0.28945,5.96E-06
0.28953,5.69E-06
0.28961,5.41E-06
0.28969,5.13E-06
0.28977,4.85E-06
0.28984,4.57E-06
0.28992,4.29E-06
0.29,4.01E-06
0.29008,3.73E-06
0.29016,3.45E-06
0.29023,3.16E-06
0.29031,2.88E-06
0.29039,2.60E-06
0.29047,2.32E-06
0.29055,2.03E-06
0.29063,1.75E-06
0.2907,1.46E-06
0.29078,1.18E-06
0.29086,8.93E-07
0.29094,6.08E-07
0.29102,3.22E-07
0.29109,3.65E-08
0.29117,-2.51E-07
0.29125,-5.36E-07
0.29133,-8.23E-07
0.29141,-1.11E-06
0.29148,-1.39E-06
0.29156,-1.68E-06
0.29164,-1.97E-06
0.29172,-2.25E-06
0.2918,-2.54E-06
0.29187,-2.83E-06
0.29195,-3.11E-06
0.29203,-3.40E-06
0.29211,-3.68E-06
0.29219,-3.97E-06
0.29227,-4.26E-06
0.29234,-4.54E-06
0.29242,-4.83E-06
0.2925,-5.11E-06
0.29258,-5.39E-06
0.29266,-5.68E-06
0.29273,-5.96E-06
0.29281,-6.24E-06
0.29289,-6.52E-06
0.29297,-6.81E-06
0.29305,-7.09E-06
0.29313,-7.37E-06
0.2932,-7.65E-06
0.29328,-7.93E-06
0.29336,-8.20E-06
0.29344,-8.48E-06
0.29352,-8.76E-06
0.29359,-9.03E-06
0.29367,-9.31E-06
0.29375,-9.59E-06
0.29383,-9.86E-06
0.29391,-1.01E-05
0.29398,-1.04E-05
0.29406,-1.07E-05
0.29414,-1.09E-05
0.29422,-1.12E-05
0.2943,-1.15E-05
0.29437,-1.18E-05
0.29445,-1.20E-05
0.29453,-1.23E-05
0.29461,-1.25E-05
0.29469,-1.28E-05
0.29477,-1.31E-05
0.29484,-1.33E-05
0.29492,-1.36E-05
0.295,-1.39E-05
0.29508,-1.41E-05
0.29516,-1.44E-05
0.29523,-1.46E-05
0.29531,-1.49E-05
0.29539,-1.51E-05
0.29547,-1.54E-05
0.29555,-1.56E-05
0.29563,-1.59E-05
0.2957,-1.61E-05
0.29578,-1.64E-05
0.29586,-1.66E-05
0.29594,-1.69E-05
0.29602,-1.71E-05
0.29609,-1.73E-05
0.29617,-1.76E-05
0.29625,-1.78E-05
0.29633,-1.80E-05
0.29641,-1.83E-05
0.29648,-1.85E-05
0.29656,-1.87E-05
0.29664,-1.90E-05
0.29672,-1.92E-05
0.2968,-1.94E-05
0.29688,-1.96E-05
0.29695,-1.98E-05
0.29703,-2.01E-05
0.29711,-2.03E-05
0.29719,-2.05E-05
0.29727,-2.07E-05
0.29734,-2.09E-05
0.29742,-2.11E-05
0.2975,-2.13E-05
0.29758,-2.15E-05
0.29766,-2.17E-05
0.29773,-2.19E-05
0.29781,-2.21E-05
0.29789,-2.23E-05
0.29797,-2.25E-05
0.29805,-2.27E-05
0.29812,-2.29E-05
0.2982,-2.31E-05
0.29828,-2.33E-05
0.29836,-2.35E-05
0.29844,-2.37E-05
0.29852,-2.38E-05
0.29859,-2.40E-05
0.29867,-2.42E-05
0.29875,-2.44E-05
0.29883,-2.45E-05
0.29891,-2.47E-05
0.29898,-2.49E-05
0.29906,-2.50E-05
0.29914,-2.52E-05
0.29922,-2.54E-05
0.2993,-2.55E-05
0.29938,-2.57E-05
0.29945,-2.58E-05
0.29953,-2.60E-05
0.29961,-2.61E-05
0.29969,-2.63E-05
0.29977,-2.64E-05
0.29984,-2.66E-05
0.29992,-2.67E-05
0.3,-2.68E-05
0.30008,-2.70E-05
0.30016,-2.71E-05
0.30023,-2.72E-05
0.30031,-2.73E-05
0.30039,-2.75E-05
0.30047,-2.76E-05
0.30055,-2.77E-05
0.30062,-2.78E-05
0.3007,-2.79E-05
0.30078,-2.81E-05
0.30086,-2.82E-05
0.30094,-2.83E-05
0.30102,-2.84E-05
0.30109,-2.85E-05
0.30117,-2.86E-05
0.30125,-2.87E-05
0.30133,-2.88E-05
0.30141,-2.89E-05
0.30148,-2.89E-05
0.30156,-2.90E-05
0.30164,-2.91E-05
0.30172,-2.92E-05
0.3018,-2.93E-05
0.30188,-2.94E-05
0.30195,-2.94E-05
0.30203,-2.95E-05
0.30211,-2.96E-05
0.30219,-2.96E-05
0.30227,-2.97E-05
0.30234,-2.98E-05
0.30242,-2.98E-05
0.3025,-2.99E-05
0.30258,-2.99E-05
0.30266,-3.00E-05
0.30273,-3.00E-05
0.30281,-3.01E-05
0.30289,-3.01E-05
0.30297,-3.01E-05
0.30305,-3.02E-05
0.30312,-3.02E-05
0.3032,-3.02E-05
0.30328,-3.03E-05
0.30336,-3.03E-05
0.30344,-3.03E-05
0.30352,-3.03E-05
0.30359,-3.04E-05
0.30367,-3.04E-05
0.30375,-3.04E-05
0.30383,-3.04E-05
0.30391,-3.04E-05
0.30398,-3.04E-05
0.30406,-3.04E-05
0.30414,-3.04E-05
0.30422,-3.04E-05
0.3043,-3.04E-05
0.30438,-3.04E-05
0.30445,-3.04E-05
0.30453,-3.04E-05
0.30461,-3.04E-05
0.30469,-3.04E-05
0.30477,-3.03E-05
0.30484,-3.03E-05
0.30492,-3.03E-05
0.305,-3.03E-05
0.30508,-3.02E-05
0.30516,-3.02E-05
0.30523,-3.02E-05
0.30531,-3.01E-05
0.30539,-3.01E-05
0.30547,-3.00E-05
0.30555,-3.00E-05
0.30562,-2.99E-05
0.3057,-2.99E-05
0.30578,-2.98E-05
0.30586,-2.98E-05
0.30594,-2.97E-05
0.30602,-2.97E-05
0.30609,-2.96E-05
0.30617,-2.95E-05
0.30625,-2.95E-05
0.30633,-2.94E-05
0.30641,-2.93E-05
0.30648,-2.93E-05
0.30656,-2.92E-05
0.30664,-2.91E-05
0.30672,-2.90E-05
0.3068,-2.89E-05
0.30688,-2.88E-05
0.30695,-2.88E-05
0.30703,-2.87E-05
0.30711,-2.86E-05
0.30719,-2.85E-05
0.30727,-2.84E-05
0.30734,-2.83E-05
0.30742,-2.82E-05
0.3075,-2.81E-05
0.30758,-2.80E-05
0.30766,-2.79E-05
0.30773,-2.78E-05
0.30781,-2.76E-05
0.30789,-2.75E-05
0.30797,-2.74E-05
0.30805,-2.73E-05
0.30812,-2.72E-05
0.3082,-2.70E-05
0.30828,-2.69E-05
0.30836,-2.68E-05
0.30844,-2.67E-05
0.30852,-2.65E-05
0.30859,-2.64E-05
0.30867,-2.63E-05
0.30875,-2.61E-05
0.30883,-2.60E-05
0.30891,-2.58E-05
0.30898,-2.57E-05
0.30906,-2.56E-05
0.30914,-2.54E-05
0.30922,-2.53E-05
0.3093,-2.51E-05
0.30938,-2.50E-05
0.30945,-2.48E-05
0.30953,-2.47E-05
0.30961,-2.45E-05
0.30969,-2.43E-05
0.30977,-2.42E-05
0.30984,-2.40E-05
0.30992,-2.39E-05
0.31,-2.37E-05
0.31008,-2.35E-05
0.31016,-2.34E-05
0.31023,-2.32E-05
0.31031,-2.30E-05
0.31039,-2.28E-05
0.31047,-2.27E-05
0.31055,-2.25E-05
0.31062,-2.23E-05
0.3107,-2.21E-05
0.31078,-2.20E-05
0.31086,-2.18E-05
0.31094,-2.16E-05
0.31102,-2.14E-05
0.31109,-2.12E-05
0.31117,-2.10E-05
0.31125,-2.08E-05
0.31133,-2.07E-05
0.31141,-2.05E-05
0.31148,-2.03E-05
0.31156,-2.01E-05
0.31164,-1.99E-05
0.31172,-1.97E-05
0.3118,-1.95E-05
0.31188,-1.93E-05
0.31195,-1.91E-05
0.31203,-1.89E-05
0.31211,-1.87E-05
0.31219,-1.85E-05
0.31227,-1.83E-05
0.31234,-1.81E-05
0.31242,-1.79E-05
0.3125,-1.77E-05
0.31258,-1.75E-05
0.31266,-1.73E-05
0.31273,-1.71E-05
0.31281,-1.69E-05
0.31289,-1.67E-05
0.31297,-1.64E-05
0.31305,-1.62E-05
0.31312,-1.60E-05
0.3132,-1.58E-05
0.31328,-1.56E-05
0.31336,-1.54E-05
0.31344,-1.52E-05
0.31352,-1.50E-05
0.31359,-1.48E-05
0.31367,-1.45E-05
0.31375,-1.43E-05
0.31383,-1.41E-05
0.31391,-1.39E-05
0.31398,-1.37E-05
0.31406,-1.35E-05
0.31414,-1.32E-05
0.31422,-1.30E-05
0.3143,-1.28E-05
0.31438,-1.26E-05
0.31445,-1.24E-05
0.31453,-1.22E-05
0.31461,-1.19E-05
0.31469,-1.17E-05
0.31477,-1.15E-05
0.31484,-1.13E-05
0.31492,-1.11E-05
0.315,-1.08E-05
0.31508,-1.06E-05
0.31516,-1.04E-05
0.31523,-1.02E-05
0.31531,-9.95E-06
0.31539,-9.73E-06
0.31547,-9.51E-06
0.31555,-9.30E-06
0.31562,-9.08E-06
0.3157,-8.86E-06
0.31578,-8.64E-06
0.31586,-8.42E-06
0.31594,-8.20E-06
0.31602,-7.98E-06
0.31609,-7.76E-06
0.31617,-7.55E-06
0.31625,-7.33E-06
0.31633,-7.11E-06
0.31641,-6.90E-06
0.31648,-6.68E-06
0.31656,-6.46E-06
0.31664,-6.25E-06
0.31672,-6.03E-06
0.3168,-5.82E-06
0.31688,-5.60E-06
0.31695,-5.39E-06
0.31703,-5.17E-06
0.31711,-4.96E-06
0.31719,-4.75E-06
0.31727,-4.54E-06
0.31734,-4.33E-06
0.31742,-4.12E-06
0.3175,-3.91E-06
0.31758,-3.70E-06
0.31766,-3.50E-06
0.31773,-3.29E-06
0.31781,-3.09E-06
0.31789,-2.88E-06
0.31797,-2.68E-06
0.31805,-2.47E-06
0.31812,-2.27E-06
0.3182,-2.07E-06
0.31828,-1.87E-06
0.31836,-1.67E-06
0.31844,-1.47E-06
0.31852,-1.27E-06
0.31859,-1.08E-06
0.31867,-8.83E-07
0.31875,-6.89E-07
0.31883,-4.95E-07
0.31891,-3.02E-07
0.31898,-1.11E-07
0.31906,7.94E-08
0.31914,2.69E-07
0.31922,4.58E-07
0.3193,6.45E-07
0.31938,8.31E-07
0.31945,1.02E-06
0.31953,1.20E-06
0.31961,1.38E-06
0.31969,1.56E-06
0.31977,1.74E-06
0.31984,1.92E-06
0.31992,2.10E-06
0.32,2.28E-06
0.32008,2.45E-06
0.32016,2.63E-06
0.32023,2.80E-06
0.32031,2.97E-06
0.32039,3.14E-06
0.32047,3.31E-06
0.32055,3.47E-06
0.32062,3.64E-06
0.3207,3.80E-06
0.32078,3.96E-06
0.32086,4.12E-06
0.32094,4.28E-06
0.32102,4.43E-06
0.32109,4.59E-06
0.32117,4.74E-06
0.32125,4.90E-06
0.32133,5.05E-06
0.32141,5.20E-06
0.32148,5.35E-06
0.32156,5.49E-06
0.32164,5.64E-06
0.32172,5.78E-06
0.3218,5.92E-06
0.32188,6.06E-06
0.32195,6.20E-06
0.32203,6.34E-06
0.32211,6.47E-06
0.32219,6.60E-06
0.32227,6.74E-06
0.32234,6.86E-06
0.32242,6.99E-06
0.3225,7.12E-06
0.32258,7.24E-06
0.32266,7.36E-06
0.32273,7.48E-06
0.32281,7.60E-06
0.32289,7.72E-06
0.32297,7.83E-06
0.32305,7.95E-06
0.32312,8.06E-06
0.3232,8.17E-06
0.32328,8.28E-06
0.32336,8.38E-06
0.32344,8.49E-06
0.32352,8.59E-06
0.32359,8.69E-06
0.32367,8.78E-06
0.32375,8.88E-06
0.32383,8.97E-06
0.32391,9.07E-06
0.32398,9.16E-06
0.32406,9.24E-06
0.32414,9.33E-06
0.32422,9.41E-06
0.3243,9.50E-06
0.32438,9.58E-06
0.32445,9.66E-06
0.32453,9.73E-06
0.32461,9.81E-06
0.32469,9.88E-06
0.32477,9.95E-06
0.32484,1.00E-05
0.32492,1.01E-05
0.325,1.01E-05
0.32508,1.02E-05
0.32516,1.03E-05
0.32523,1.03E-05
0.32531,1.04E-05
0.32539,1.04E-05
0.32547,1.05E-05
0.32555,1.05E-05
0.32562,1.06E-05
0.3257,1.06E-05
0.32578,1.07E-05
0.32586,1.07E-05
0.32594,1.08E-05
0.32602,1.08E-05
0.32609,1.08E-05
0.32617,1.09E-05
0.32625,1.09E-05
0.32633,1.09E-05
0.32641,1.10E-05
0.32648,1.10E-05
0.32656,1.10E-05
0.32664,1.10E-05
0.32672,1.10E-05
0.3268,1.11E-05
0.32688,1.11E-05
0.32695,1.11E-05
0.32703,1.11E-05
0.32711,1.11E-05
0.32719,1.11E-05
0.32727,1.11E-05
0.32734,1.11E-05
0.32742,1.11E-05
0.3275,1.11E-05
0.32758,1.11E-05
0.32766,1.11E-05
0.32773,1.11E-05
0.32781,1.11E-05
0.32789,1.11E-05
0.32797,1.11E-05
0.32805,1.11E-05
0.32812,1.10E-05
0.3282,1.10E-05
0.32828,1.10E-05
0.32836,1.10E-05
0.32844,1.09E-05
0.32852,1.09E-05
0.32859,1.09E-05
0.32867,1.09E-05
0.32875,1.08E-05
0.32883,1.08E-05
0.32891,1.07E-05
0.32898,1.07E-05
0.32906,1.07E-05
0.32914,1.06E-05
0.32922,1.06E-05
0.3293,1.05E-05
0.32937,1.05E-05
0.32945,1.04E-05
0.32953,1.04E-05
0.32961,1.03E-05
0.32969,1.03E-05
0.32977,1.02E-05
0.32984,1.01E-05
0.32992,1.01E-05
0.33,1.00E-05
0.33008,9.95E-06
0.33016,9.88E-06
0.33023,9.81E-06
0.33031,9.74E-06
0.33039,9.67E-06
0.33047,9.59E-06
0.33055,9.52E-06
0.33063,9.44E-06
0.3307,9.36E-06
0.33078,9.28E-06
0.33086,9.19E-06
0.33094,9.11E-06
0.33102,9.02E-06
0.33109,8.93E-06
0.33117,8.84E-06
0.33125,8.74E-06
0.33133,8.65E-06
0.33141,8.55E-06
0.33148,8.45E-06
0.33156,8.35E-06
0.33164,8.25E-06
0.33172,8.15E-06
0.3318,8.04E-06
0.33187,7.94E-06
0.33195,7.83E-06
0.33203,7.72E-06
0.33211,7.61E-06
0.33219,7.49E-06
0.33227,7.38E-06
0.33234,7.26E-06
0.33242,7.14E-06
0.3325,7.02E-06
0.33258,6.90E-06
0.33266,6.78E-06
0.33273,6.66E-06
0.33281,6.53E-06
0.33289,6.40E-06
0.33297,6.28E-06
0.33305,6.15E-06
0.33313,6.01E-06
0.3332,5.88E-06
0.33328,5.75E-06
0.33336,5.61E-06
0.33344,5.48E-06
0.33352,5.34E-06
0.33359,5.20E-06
0.33367,5.06E-06
0.33375,4.91E-06
0.33383,4.77E-06
0.33391,4.62E-06
0.33398,4.48E-06
0.33406,4.33E-06
0.33414,4.18E-06
0.33422,4.03E-06
0.3343,3.88E-06
0.33437,3.72E-06
0.33445,3.57E-06
0.33453,3.41E-06
0.33461,3.26E-06
0.33469,3.10E-06
0.33477,2.94E-06
0.33484,2.78E-06
0.33492,2.62E-06
0.335,2.46E-06
0.33508,2.30E-06
0.33516,2.13E-06
0.33523,1.97E-06
0.33531,1.80E-06
0.33539,1.64E-06
0.33547,1.47E-06
0.33555,1.30E-06
0.33563,1.13E-06
0.3357,9.58E-07
0.33578,7.86E-07
0.33586,6.13E-07
0.33594,4.40E-07
0.33602,2.65E-07
0.33609,8.83E-08
0.33617,-8.83E-08
0.33625,-2.66E-07
0.33633,-4.44E-07
0.33641,-6.23E-07
0.33648,-8.03E-07
0.33656,-9.83E-07
0.33664,-1.16E-06
0.33672,-1.35E-06
0.3368,-1.53E-06
0.33687,-1.71E-06
0.33695,-1.89E-06
0.33703,-2.08E-06
0.33711,-2.26E-06
0.33719,-2.45E-06
0.33727,-2.63E-06
0.33734,-2.82E-06
0.33742,-3.01E-06
0.3375,-3.19E-06
0.33758,-3.38E-06
0.33766,-3.57E-06
0.33773,-3.76E-06
0.33781,-3.95E-06
0.33789,-4.14E-06
0.33797,-4.33E-06
0.33805,-4.52E-06
0.33813,-4.71E-06
0.3382,-4.91E-06
0.33828,-5.10E-06
0.33836,-5.29E-06
0.33844,-5.49E-06
0.33852,-5.68E-06
0.33859,-5.87E-06
0.33867,-6.07E-06
0.33875,-6.26E-06
0.33883,-6.46E-06
0.33891,-6.65E-06
0.33898,-6.85E-06
0.33906,-7.05E-06
0.33914,-7.24E-06
0.33922,-7.44E-06
0.3393,-7.63E-06
0.33937,-7.83E-06
0.33945,-8.03E-06
0.33953,-8.22E-06
0.33961,-8.42E-06
0.33969,-8.61E-06
0.33977,-8.81E-06
0.33984,-9.01E-06
0.33992,-9.20E-06
0.34,-9.40E-06
0.34008,-9.59E-06
0.34016,-9.79E-06
0.34023,-9.98E-06
0.34031,-1.02E-05
0.34039,-1.04E-05
0.34047,-1.06E-05
0.34055,-1.08E-05
0.34063,-1.10E-05
0.3407,-1.12E-05
0.34078,-1.14E-05
0.34086,-1.15E-05
0.34094,-1.17E-05
0.34102,-1.19E-05
0.34109,-1.21E-05
0.34117,-1.23E-05
0.34125,-1.25E-05
0.34133,-1.27E-05
0.34141,-1.29E-05
0.34148,-1.31E-05
0.34156,-1.33E-05
0.34164,-1.35E-05
0.34172,-1.37E-05
0.3418,-1.39E-05
0.34187,-1.40E-05
0.34195,-1.42E-05
0.34203,-1.44E-05
0.34211,-1.46E-05
0.34219,-1.48E-05
0.34227,-1.50E-05
0.34234,-1.52E-05
0.34242,-1.54E-05
0.3425,-1.55E-05
0.34258,-1.57E-05
0.34266,-1.59E-05
0.34273,-1.61E-05
0.34281,-1.63E-05
0.34289,-1.65E-05
0.34297,-1.66E-05
0.34305,-1.68E-05
0.34313,-1.70E-05
0.3432,-1.72E-05
0.34328,-1.74E-05
0.34336,-1.75E-05
0.34344,-1.77E-05
0.34352,-1.79E-05
0.34359,-1.81E-05
0.34367,-1.82E-05
0.34375,-1.84E-05
0.34383,-1.86E-05
0.34391,-1.87E-05
0.34398,-1.89E-05
0.34406,-1.91E-05
0.34414,-1.92E-05
0.34422,-1.94E-05
0.3443,-1.96E-05
0.34437,-1.97E-05
0.34445,-1.99E-05
0.34453,-2.01E-05
0.34461,-2.02E-05
0.34469,-2.04E-05
0.34477,-2.06E-05
0.34484,-2.07E-05
0.34492,-2.09E-05
0.345,-2.10E-05
0.34508,-2.12E-05
0.34516,-2.13E-05
0.34523,-2.15E-05
0.34531,-2.17E-05
0.34539,-2.18E-05
0.34547,-2.20E-05
0.34555,-2.21E-05
0.34563,-2.23E-05
0.3457,-2.24E-05
0.34578,-2.25E-05
0.34586,-2.27E-05
0.34594,-2.28E-05
0.34602,-2.30E-05
0.34609,-2.31E-05
0.34617,-2.33E-05
0.34625,-2.34E-05
0.34633,-2.35E-05
0.34641,-2.37E-05
0.34648,-2.38E-05
0.34656,-2.39E-05
0.34664,-2.41E-05
0.34672,-2.42E-05
0.3468,-2.43E-05
0.34687,-2.44E-05
0.34695,-2.46E-05
0.34703,-2.47E-05
0.34711,-2.48E-05
0.34719,-2.49E-05
0.34727,-2.51E-05
0.34734,-2.52E-05
0.34742,-2.53E-05
0.3475,-2.54E-05
0.34758,-2.55E-05
0.34766,-2.56E-05
0.34773,-2.58E-05
0.34781,-2.59E-05
0.34789,-2.60E-05
0.34797,-2.61E-05
0.34805,-2.62E-05
0.34813,-2.63E-05
0.3482,-2.64E-05
0.34828,-2.65E-05
0.34836,-2.66E-05
0.34844,-2.67E-05
0.34852,-2.68E-05
0.34859,-2.69E-05
0.34867,-2.70E-05
0.34875,-2.71E-05
0.34883,-2.72E-05
0.34891,-2.73E-05
0.34898,-2.74E-05
0.34906,-2.74E-05
0.34914,-2.75E-05
0.34922,-2.76E-05
0.3493,-2.77E-05
0.34937,-2.78E-05
0.34945,-2.79E-05
0.34953,-2.79E-05
0.34961,-2.80E-05
0.34969,-2.81E-05
0.34977,-2.82E-05
0.34984,-2.82E-05
0.34992,-2.83E-05
0.35,-2.84E-05
0.35008,-2.84E-05
0.35016,-2.85E-05
0.35023,-2.86E-05
0.35031,-2.86E-05
0.35039,-2.87E-05
0.35047,-2.87E-05
0.35055,-2.88E-05
0.35063,-2.88E-05
0.3507,-2.89E-05
0.35078,-2.89E-05
0.35086,-2.90E-05
0.35094,-2.90E-05
0.35102,-2.91E-05
0.35109,-2.91E-05
0.35117,-2.92E-05
0.35125,-2.92E-05
0.35133,-2.93E-05
0.35141,-2.93E-05
0.35148,-2.93E-05
0.35156,-2.94E-05
0.35164,-2.94E-05
0.35172,-2.94E-05
0.3518,-2.95E-05
0.35187,-2.95E-05
0.35195,-2.95E-05
0.35203,-2.95E-05
0.35211,-2.96E-05
0.35219,-2.96E-05
0.35227,-2.96E-05
0.35234,-2.96E-05
0.35242,-2.96E-05
0.3525,-2.97E-05
0.35258,-2.97E-05
0.35266,-2.97E-05
0.35273,-2.97E-05
0.35281,-2.97E-05
0.35289,-2.97E-05
0.35297,-2.97E-05
0.35305,-2.97E-05
0.35313,-2.97E-05
0.3532,-2.97E-05
0.35328,-2.97E-05
0.35336,-2.97E-05
0.35344,-2.97E-05
0.35352,-2.97E-05
0.35359,-2.97E-05
0.35367,-2.97E-05
0.35375,-2.97E-05
0.35383,-2.97E-05
0.35391,-2.97E-05
0.35398,-2.96E-05
0.35406,-2.96E-05
0.35414,-2.96E-05
0.35422,-2.96E-05
0.3543,-2.96E-05
0.35437,-2.95E-05
0.35445,-2.95E-05
0.35453,-2.95E-05
0.35461,-2.95E-05
0.35469,-2.94E-05
0.35477,-2.94E-05
0.35484,-2.94E-05
0.35492,-2.93E-05
0.355,-2.93E-05
0.35508,-2.93E-05
0.35516,-2.92E-05
0.35523,-2.92E-05
0.35531,-2.91E-05
0.35539,-2.91E-05
0.35547,-2.90E-05
0.35555,-2.90E-05
0.35563,-2.90E-05
0.3557,-2.89E-05
0.35578,-2.89E-05
0.35586,-2.88E-05
0.35594,-2.87E-05
0.35602,-2.87E-05
0.35609,-2.86E-05
0.35617,-2.86E-05
0.35625,-2.85E-05
0.35633,-2.85E-05
0.35641,-2.84E-05
0.35648,-2.83E-05
0.35656,-2.83E-05
0.35664,-2.82E-05
0.35672,-2.81E-05
0.3568,-2.81E-05
0.35687,-2.80E-05
0.35695,-2.79E-05
0.35703,-2.78E-05
0.35711,-2.78E-05
0.35719,-2.77E-05
0.35727,-2.76E-05
0.35734,-2.75E-05
0.35742,-2.75E-05
0.3575,-2.74E-05
0.35758,-2.73E-05
0.35766,-2.72E-05
0.35773,-2.71E-05
0.35781,-2.70E-05
0.35789,-2.70E-05
0.35797,-2.69E-05
0.35805,-2.68E-05
0.35813,-2.67E-05
0.3582,-2.66E-05
0.35828,-2.65E-05
0.35836,-2.64E-05
0.35844,-2.63E-05
0.35852,-2.62E-05
0.35859,-2.61E-05
0.35867,-2.60E-05
0.35875,-2.59E-05
0.35883,-2.58E-05
0.35891,-2.57E-05
0.35898,-2.56E-05
0.35906,-2.55E-05
0.35914,-2.54E-05
0.35922,-2.53E-05
0.3593,-2.52E-05
0.35938,-2.51E-05
0.35945,-2.50E-05
0.35953,-2.49E-05
0.35961,-2.48E-05
0.35969,-2.46E-05
0.35977,-2.45E-05
0.35984,-2.44E-05
0.35992,-2.43E-05
0.36,-2.42E-05
0.36008,-2.41E-05
0.36016,-2.39E-05
0.36023,-2.38E-05
0.36031,-2.37E-05
0.36039,-2.36E-05
0.36047,-2.35E-05
0.36055,-2.33E-05
0.36062,-2.32E-05
0.3607,-2.31E-05
0.36078,-2.30E-05
0.36086,-2.29E-05
0.36094,-2.27E-05
0.36102,-2.26E-05
0.36109,-2.25E-05
0.36117,-2.23E-05
0.36125,-2.22E-05
0.36133,-2.21E-05
0.36141,-2.20E-05
0.36148,-2.18E-05
0.36156,-2.17E-05
0.36164,-2.16E-05
0.36172,-2.14E-05
0.3618,-2.13E-05
0.36188,-2.12E-05
0.36195,-2.10E-05
0.36203,-2.09E-05
0.36211,-2.08E-05
0.36219,-2.06E-05
0.36227,-2.05E-05
0.36234,-2.04E-05
0.36242,-2.02E-05
0.3625,-2.01E-05
0.36258,-2.00E-05
0.36266,-1.98E-05
0.36273,-1.97E-05
0.36281,-1.95E-05
0.36289,-1.94E-05
0.36297,-1.93E-05
0.36305,-1.91E-05
0.36312,-1.90E-05
0.3632,-1.88E-05
0.36328,-1.87E-05
0.36336,-1.86E-05
0.36344,-1.84E-05
0.36352,-1.83E-05
0.36359,-1.81E-05
0.36367,-1.80E-05
0.36375,-1.79E-05
0.36383,-1.77E-05
0.36391,-1.76E-05
0.36398,-1.74E-05
0.36406,-1.73E-05
0.36414,-1.71E-05
0.36422,-1.70E-05
0.3643,-1.69E-05
0.36438,-1.67E-05
0.36445,-1.66E-05
0.36453,-1.64E-05
0.36461,-1.63E-05
0.36469,-1.61E-05
0.36477,-1.60E-05
0.36484,-1.59E-05
0.36492,-1.57E-05
0.365,-1.56E-05
0.36508,-1.54E-05
0.36516,-1.53E-05
0.36523,-1.51E-05
0.36531,-1.50E-05
0.36539,-1.48E-05
0.36547,-1.47E-05
0.36555,-1.46E-05
0.36562,-1.44E-05
0.3657,-1.43E-05
0.36578,-1.41E-05
0.36586,-1.40E-05
0.36594,-1.38E-05
0.36602,-1.37E-05
0.36609,-1.36E-05
0.36617,-1.34E-05
0.36625,-1.33E-05
0.36633,-1.31E-05
0.36641,-1.30E-05
0.36648,-1.29E-05
0.36656,-1.27E-05
0.36664,-1.26E-05
0.36672,-1.24E-05
0.3668,-1.23E-05
0.36688,-1.22E-05
0.36695,-1.20E-05
0.36703,-1.19E-05
0.36711,-1.17E-05
0.36719,-1.16E-05
0.36727,-1.15E-05
0.36734,-1.13E-05
0.36742,-1.12E-05
0.3675,-1.11E-05
0.36758,-1.09E-05
0.36766,-1.08E-05
0.36773,-1.07E-05
0.36781,-1.05E-05
0.36789,-1.04E-05
0.36797,-1.03E-05
0.36805,-1.01E-05
0.36812,-9.99E-06
0.3682,-9.85E-06
0.36828,-9.72E-06
0.36836,-9.59E-06
0.36844,-9.46E-06
0.36852,-9.33E-06
0.36859,-9.20E-06
0.36867,-9.08E-06
0.36875,-8.95E-06
0.36883,-8.82E-06
0.36891,-8.70E-06
0.36898,-8.57E-06
0.36906,-8.45E-06
0.36914,-8.32E-06
0.36922,-8.20E-06
0.3693,-8.08E-06
0.36938,-7.96E-06
0.36945,-7.84E-06
0.36953,-7.72E-06
0.36961,-7.60E-06
0.36969,-7.48E-06
0.36977,-7.36E-06
0.36984,-7.25E-06
0.36992,-7.13E-06
0.37,-7.02E-06
0.37008,-6.90E-06
0.37016,-6.79E-06
0.37023,-6.68E-06
0.37031,-6.57E-06
0.37039,-6.46E-06
0.37047,-6.35E-06
0.37055,-6.24E-06
0.37062,-6.13E-06
0.3707,-6.02E-06
0.37078,-5.91E-06
0.37086,-5.81E-06
0.37094,-5.70E-06
0.37102,-5.60E-06
0.37109,-5.50E-06
0.37117,-5.40E-06
0.37125,-5.30E-06
0.37133,-5.20E-06
0.37141,-5.10E-06
0.37148,-5.00E-06
0.37156,-4.90E-06
0.37164,-4.80E-06
0.37172,-4.71E-06
0.3718,-4.62E-06
0.37188,-4.52E-06
0.37195,-4.43E-06
0.37203,-4.34E-06
0.37211,-4.25E-06
0.37219,-4.16E-06
0.37227,-4.07E-06
0.37234,-3.99E-06
0.37242,-3.90E-06
0.3725,-3.82E-06
0.37258,-3.74E-06
0.37266,-3.66E-06
0.37273,-3.57E-06
0.37281,-3.50E-06
0.37289,-3.42E-06
0.37297,-3.34E-06
0.37305,-3.26E-06
0.37312,-3.19E-06
0.3732,-3.11E-06
0.37328,-3.04E-06
0.37336,-2.97E-06
0.37344,-2.90E-06
0.37352,-2.83E-06
0.37359,-2.76E-06
0.37367,-2.69E-06
0.37375,-2.62E-06
0.37383,-2.56E-06
0.37391,-2.50E-06
0.37398,-2.43E-06
0.37406,-2.37E-06
0.37414,-2.31E-06
0.37422,-2.25E-06
0.3743,-2.19E-06
0.37438,-2.13E-06
0.37445,-2.08E-06
0.37453,-2.03E-06
0.37461,-1.97E-06
0.37469,-1.92E-06
0.37477,-1.87E-06
0.37484,-1.82E-06
0.37492,-1.78E-06
0.375,-1.73E-06
0.37508,-1.68E-06
0.37516,-1.64E-06
0.37523,-1.60E-06
0.37531,-1.56E-06
0.37539,-1.52E-06
0.37547,-1.48E-06
0.37555,-1.44E-06
0.37562,-1.40E-06
0.3757,-1.37E-06
0.37578,-1.33E-06
0.37586,-1.30E-06
0.37594,-1.27E-06
0.37602,-1.23E-06
0.37609,-1.21E-06
0.37617,-1.18E-06
0.37625,-1.15E-06
0.37633,-1.12E-06
0.37641,-1.10E-06
0.37648,-1.08E-06
0.37656,-1.06E-06
0.37664,-1.04E-06
0.37672,-1.02E-06
0.3768,-1.00E-06
0.37688,-9.84E-07
0.37695,-9.69E-07
0.37703,-9.55E-07
0.37711,-9.42E-07
0.37719,-9.31E-07
0.37727,-9.21E-07
0.37734,-9.12E-07
0.37742,-9.04E-07
0.3775,-8.97E-07
0.37758,-8.92E-07
0.37766,-8.88E-07
0.37773,-8.85E-07
0.37781,-8.83E-07
0.37789,-8.82E-07
0.37797,-8.82E-07
0.37805,-8.83E-07
0.37812,-8.85E-07
0.3782,-8.88E-07
0.37828,-8.93E-07
0.37836,-9.01E-07
0.37844,-9.09E-07
0.37852,-9.19E-07
0.37859,-9.31E-07
0.37867,-9.43E-07
0.37875,-9.57E-07
0.37883,-9.71E-07
0.37891,-9.87E-07
0.37898,-1.00E-06
0.37906,-1.02E-06
0.37914,-1.04E-06
0.37922,-1.06E-06
0.3793,-1.08E-06
0.37938,-1.10E-06
0.37945,-1.13E-06
0.37953,-1.15E-06
0.37961,-1.18E-06
0.37969,-1.20E-06
0.37977,-1.23E-06
0.37984,-1.26E-06
0.37992,-1.29E-06
0.38,-1.32E-06
0.38008,-1.36E-06
0.38016,-1.39E-06
0.38023,-1.42E-06
0.38031,-1.46E-06
0.38039,-1.50E-06
0.38047,-1.53E-06
0.38055,-1.57E-06
0.38062,-1.61E-06
0.3807,-1.66E-06
0.38078,-1.70E-06
0.38086,-1.74E-06
0.38094,-1.79E-06
0.38102,-1.83E-06
0.38109,-1.88E-06
0.38117,-1.93E-06
0.38125,-1.97E-06
0.38133,-2.02E-06
0.38141,-2.07E-06
0.38148,-2.13E-06
0.38156,-2.18E-06
0.38164,-2.23E-06
0.38172,-2.29E-06
0.3818,-2.34E-06
0.38188,-2.40E-06
0.38195,-2.45E-06
0.38203,-2.51E-06
0.38211,-2.57E-06
0.38219,-2.63E-06
0.38227,-2.69E-06
0.38234,-2.75E-06
0.38242,-2.82E-06
0.3825,-2.88E-06
0.38258,-2.94E-06
0.38266,-3.01E-06
0.38273,-3.08E-06
0.38281,-3.15E-06
0.38289,-3.21E-06
0.38297,-3.28E-06
0.38305,-3.35E-06
0.38312,-3.43E-06
0.3832,-3.50E-06
0.38328,-3.57E-06
0.38336,-3.64E-06
0.38344,-3.72E-06
0.38352,-3.79E-06
0.38359,-3.87E-06
0.38367,-3.94E-06
0.38375,-4.02E-06
0.38383,-4.10E-06
0.38391,-4.18E-06
0.38398,-4.26E-06
0.38406,-4.34E-06
0.38414,-4.42E-06
0.38422,-4.50E-06
0.3843,-4.58E-06
0.38438,-4.66E-06
0.38445,-4.75E-06
0.38453,-4.83E-06
0.38461,-4.91E-06
0.38469,-5.00E-06
0.38477,-5.09E-06
0.38484,-5.17E-06
0.38492,-5.26E-06
0.385,-5.35E-06
0.38508,-5.43E-06
0.38516,-5.52E-06
0.38523,-5.61E-06
0.38531,-5.70E-06
0.38539,-5.79E-06
0.38547,-5.88E-06
0.38555,-5.97E-06
0.38562,-6.06E-06
0.3857,-6.15E-06
0.38578,-6.25E-06
0.38586,-6.34E-06
0.38594,-6.43E-06
0.38602,-6.53E-06
0.38609,-6.62E-06
0.38617,-6.72E-06
0.38625,-6.82E-06
0.38633,-6.91E-06
0.38641,-7.01E-06
0.38648,-7.11E-06
0.38656,-7.21E-06
0.38664,-7.30E-06
0.38672,-7.40E-06
0.3868,-7.50E-06
0.38688,-7.60E-06
0.38695,-7.70E-06
0.38703,-7.80E-06
0.38711,-7.90E-06
0.38719,-8.00E-06
0.38727,-8.10E-06
0.38734,-8.20E-06
0.38742,-8.30E-06
0.3875,-8.40E-06
0.38758,-8.50E-06
0.38766,-8.60E-06
0.38773,-8.70E-06
0.38781,-8.80E-06
0.38789,-8.90E-06
0.38797,-9.01E-06
0.38805,-9.11E-06
0.38812,-9.21E-06
0.3882,-9.31E-06
0.38828,-9.41E-06
0.38836,-9.52E-06
0.38844,-9.62E-06
0.38852,-9.72E-06
0.38859,-9.82E-06
0.38867,-9.93E-06
0.38875,-1.00E-05
0.38883,-1.01E-05
0.38891,-1.02E-05
0.38898,-1.03E-05
0.38906,-1.04E-05
0.38914,-1.05E-05
0.38922,-1.06E-05
0.3893,-1.07E-05
0.38938,-1.08E-05
0.38945,-1.09E-05
0.38953,-1.10E-05
0.38961,-1.11E-05
0.38969,-1.12E-05
0.38977,-1.14E-05
0.38984,-1.15E-05
0.38992,-1.16E-05
0.39,-1.17E-05
0.39008,-1.18E-05
0.39016,-1.19E-05
0.39023,-1.20E-05
0.39031,-1.21E-05
0.39039,-1.22E-05
0.39047,-1.23E-05
0.39055,-1.24E-05
0.39062,-1.25E-05
0.3907,-1.26E-05
0.39078,-1.27E-05
0.39086,-1.28E-05
0.39094,-1.28E-05
0.39102,-1.29E-05
0.39109,-1.30E-05
0.39117,-1.31E-05
0.39125,-1.32E-05
0.39133,-1.33E-05
0.39141,-1.34E-05
0.39148,-1.35E-05
0.39156,-1.36E-05
0.39164,-1.37E-05
0.39172,-1.38E-05
0.3918,-1.39E-05
0.39187,-1.40E-05
0.39195,-1.41E-05
0.39203,-1.42E-05
0.39211,-1.43E-05
0.39219,-1.44E-05
0.39227,-1.45E-05
0.39234,-1.45E-05
0.39242,-1.46E-05
0.3925,-1.47E-05
0.39258,-1.48E-05
0.39266,-1.49E-05
0.39273,-1.50E-05
0.39281,-1.51E-05
0.39289,-1.52E-05
0.39297,-1.53E-05
0.39305,-1.53E-05
0.39313,-1.54E-05
0.3932,-1.55E-05
0.39328,-1.56E-05
0.39336,-1.57E-05
0.39344,-1.58E-05
0.39352,-1.58E-05
0.39359,-1.59E-05
0.39367,-1.60E-05
0.39375,-1.61E-05
0.39383,-1.61E-05
0.39391,-1.62E-05
0.39398,-1.63E-05
0.39406,-1.64E-05
0.39414,-1.65E-05
0.39422,-1.65E-05
0.3943,-1.66E-05
0.39437,-1.67E-05
0.39445,-1.67E-05
0.39453,-1.68E-05
0.39461,-1.69E-05
0.39469,-1.70E-05
0.39477,-1.70E-05
0.39484,-1.71E-05
0.39492,-1.72E-05
0.395,-1.72E-05
0.39508,-1.73E-05
0.39516,-1.74E-05
0.39523,-1.74E-05
0.39531,-1.75E-05
0.39539,-1.75E-05
0.39547,-1.76E-05
0.39555,-1.77E-05
0.39563,-1.77E-05
0.3957,-1.78E-05
0.39578,-1.78E-05
0.39586,-1.79E-05
0.39594,-1.80E-05
0.39602,-1.80E-05
0.39609,-1.81E-05
0.39617,-1.81E-05
0.39625,-1.82E-05
0.39633,-1.82E-05
0.39641,-1.83E-05
0.39648,-1.83E-05
0.39656,-1.84E-05
0.39664,-1.84E-05
0.39672,-1.85E-05
0.3968,-1.85E-05
0.39687,-1.86E-05
0.39695,-1.86E-05
0.39703,-1.86E-05
0.39711,-1.87E-05
0.39719,-1.87E-05
0.39727,-1.88E-05
0.39734,-1.88E-05
0.39742,-1.88E-05
0.3975,-1.89E-05
0.39758,-1.89E-05
0.39766,-1.90E-05
0.39773,-1.90E-05
0.39781,-1.90E-05
0.39789,-1.90E-05
0.39797,-1.91E-05
0.39805,-1.91E-05
0.39813,-1.91E-05
0.3982,-1.92E-05
0.39828,-1.92E-05
0.39836,-1.92E-05
0.39844,-1.92E-05
0.39852,-1.93E-05
0.39859,-1.93E-05
0.39867,-1.93E-05
0.39875,-1.93E-05
0.39883,-1.93E-05
0.39891,-1.94E-05
0.39898,-1.94E-05
0.39906,-1.94E-05
0.39914,-1.94E-05
0.39922,-1.94E-05
0.3993,-1.94E-05
0.39937,-1.94E-05
0.39945,-1.95E-05
0.39953,-1.95E-05
0.39961,-1.95E-05
0.39969,-1.95E-05
0.39977,-1.95E-05
0.39984,-1.95E-05
0.39992,-1.95E-05
0.4,-1.95E-05
