0,3.31E-07
7.81E-05,-4.56E-06
0.00015625,-9.43E-06
0.00023437,-1.43E-05
0.0003125,-1.91E-05
0.00039063,-2.39E-05
0.00046875,-2.87E-05
0.00054688,-3.34E-05
0.000625,-3.82E-05
0.00070312,-4.29E-05
0.00078125,-4.76E-05
0.00085938,-5.22E-05
0.0009375,-5.68E-05
0.0010156,-6.15E-05
0.0010938,-6.60E-05
0.0011719,-7.06E-05
0.00125,-7.51E-05
0.0013281,-7.96E-05
0.0014062,-8.41E-05
0.0014844,-8.85E-05
0.0015625,-9.29E-05
0.0016406,-9.73E-05
0.0017188,-0.00010162
0.0017969,-0.00010593
0.001875,-0.00011021
0.0019531,-0.00011446
0.0020313,-0.00011867
0.0021094,-0.00012286
0.0021875,-0.00012701
0.0022656,-0.00013113
0.0023437,-0.00013521
0.0024219,-0.00013927
0.0025,-0.00014328
0.0025781,-0.00014727
0.0026563,-0.00015122
0.0027344,-0.00015512
0.0028125,-0.000159
0.0028906,-0.00016285
0.0029688,-0.00016665
0.0030469,-0.00017042
0.003125,-0.00017415
0.0032031,-0.00017784
0.0032812,-0.00018151
0.0033594,-0.00018513
0.0034375,-0.00018874
0.0035156,-0.00019226
0.0035938,-0.00019577
0.0036719,-0.00019925
0.00375,-0.00020268
0.0038281,-0.00020607
0.0039062,-0.00020944
0.0039844,-0.00021274
0.0040625,-0.00021603
0.0041406,-0.00021928
0.0042188,-0.00022248
0.0042969,-0.00022563
0.004375,-0.00022877
0.0044531,-0.00023185
0.0045312,-0.00023491
0.0046094,-0.00023791
0.0046875,-0.00024087
0.0047656,-0.0002438
0.0048437,-0.0002467
0.0049219,-0.00024953
0.005,-0.00025234
0.0050781,-0.0002551
0.0051563,-0.00025782
0.0052344,-0.00026052
0.0053125,-0.00026316
0.0053906,-0.00026579
0.0054687,-0.00026833
0.0055469,-0.00027085
0.005625,-0.00027334
0.0057031,-0.00027578
0.0057812,-0.00027817
0.0058594,-0.00028054
0.0059375,-0.00028284
0.0060156,-0.00028512
0.0060938,-0.00028736
0.0061719,-0.00028955
0.00625,-0.00029169
0.0063281,-0.00029382
0.0064062,-0.00029588
0.0064844,-0.00029793
0.0065625,-0.00029991
0.0066406,-0.00030184
0.0067187,-0.00030375
0.0067969,-0.00030562
0.006875,-0.00030742
0.0069531,-0.0003092
0.0070313,-0.00031093
0.0071094,-0.00031262
0.0071875,-0.00031428
0.0072656,-0.00031588
0.0073437,-0.00031748
0.0074219,-0.00031898
0.0075,-0.00032045
0.0075781,-0.0003219
0.0076562,-0.0003233
0.0077344,-0.00032464
0.0078125,-0.00032596
0.0078906,-0.00032721
0.0079688,-0.00032845
0.0080469,-0.00032965
0.008125,-0.00033078
0.0082031,-0.00033187
0.0082813,-0.00033295
0.0083594,-0.00033397
0.0084375,-0.00033496
0.0085156,-0.00033589
0.0085938,-0.00033677
0.0086719,-0.00033763
0.00875,-0.00033846
0.0088281,-0.0003392
0.0089062,-0.00033994
0.0089844,-0.00034061
0.0090625,-0.00034125
0.0091406,-0.00034187
0.0092187,-0.00034242
0.0092969,-0.00034297
0.009375,-0.00034342
0.0094531,-0.00034385
0.0095312,-0.00034426
0.0096094,-0.00034462
0.0096875,-0.00034491
0.0097656,-0.00034519
0.0098438,-0.0003454
0.0099219,-0.00034561
0.01,-0.00034576
0.010078,-0.00034587
0.010156,-0.00034592
0.010234,-0.00034597
0.010313,-0.00034595
0.010391,-0.00034591
0.010469,-0.00034581
0.010547,-0.00034567
0.010625,-0.0003455
0.010703,-0.00034531
0.010781,-0.00034502
0.010859,-0.00034473
0.010937,-0.00034439
0.011016,-0.00034401
0.011094,-0.0003436
0.011172,-0.00034314
0.01125,-0.00034267
0.011328,-0.00034212
0.011406,-0.00034153
0.011484,-0.00034093
0.011562,-0.00034028
0.011641,-0.00033957
0.011719,-0.00033884
0.011797,-0.00033805
0.011875,-0.00033725
0.011953,-0.00033641
0.012031,-0.00033551
0.012109,-0.00033457
0.012188,-0.00033362
0.012266,-0.00033261
0.012344,-0.00033158
0.012422,-0.0003305
0.0125,-0.00032937
0.012578,-0.00032822
0.012656,-0.00032705
0.012734,-0.00032579
0.012812,-0.00032452
0.012891,-0.00032321
0.012969,-0.00032186
0.013047,-0.00032049
0.013125,-0.00031907
0.013203,-0.00031764
0.013281,-0.00031614
0.013359,-0.0003146
0.013437,-0.00031305
0.013516,-0.00031146
0.013594,-0.00030981
0.013672,-0.00030815
0.01375,-0.00030643
0.013828,-0.0003047
0.013906,-0.00030294
0.013984,-0.00030112
0.014063,-0.00029927
0.014141,-0.00029741
0.014219,-0.00029549
0.014297,-0.00029356
0.014375,-0.00029158
0.014453,-0.00028956
0.014531,-0.00028752
0.014609,-0.00028547
0.014687,-0.00028333
0.014766,-0.00028119
0.014844,-0.00027901
0.014922,-0.00027681
0.015,-0.00027458
0.015078,-0.0002723
0.015156,-0.00027002
0.015234,-0.00026768
0.015312,-0.00026531
0.015391,-0.00026293
0.015469,-0.00026051
0.015547,-0.00025805
0.015625,-0.00025557
0.015703,-0.00025305
0.015781,-0.00025052
0.015859,-0.00024796
0.015938,-0.00024535
0.016016,-0.00024272
0.016094,-0.00024008
0.016172,-0.0002374
0.01625,-0.0002347
0.016328,-0.00023197
0.016406,-0.0002292
0.016484,-0.00022642
0.016563,-0.00022364
0.016641,-0.00022077
0.016719,-0.00021791
0.016797,-0.00021502
0.016875,-0.00021211
0.016953,-0.00020918
0.017031,-0.00020622
0.017109,-0.00020325
0.017188,-0.00020024
0.017266,-0.0001972
0.017344,-0.00019416
0.017422,-0.00019109
0.0175,-0.00018799
0.017578,-0.00018487
0.017656,-0.00018173
0.017734,-0.00017858
0.017812,-0.0001754
0.017891,-0.0001722
0.017969,-0.00016898
0.018047,-0.00016576
0.018125,-0.0001625
0.018203,-0.00015924
0.018281,-0.00015595
0.018359,-0.00015264
0.018437,-0.00014932
0.018516,-0.000146
0.018594,-0.00014262
0.018672,-0.00013925
0.01875,-0.00013585
0.018828,-0.00013245
0.018906,-0.00012904
0.018984,-0.00012561
0.019062,-0.00012216
0.019141,-0.00011871
0.019219,-0.00011524
0.019297,-0.00011176
0.019375,-0.00010826
0.019453,-0.00010475
0.019531,-0.00010124
0.019609,-9.77E-05
0.019688,-9.42E-05
0.019766,-9.06E-05
0.019844,-8.71E-05
0.019922,-8.35E-05
0.02,-7.99E-05
0.020078,-7.63E-05
0.020156,-7.28E-05
0.020234,-6.92E-05
0.020313,-6.56E-05
0.020391,-6.20E-05
0.020469,-5.84E-05
0.020547,-5.47E-05
0.020625,-5.11E-05
0.020703,-4.75E-05
0.020781,-4.38E-05
0.020859,-4.02E-05
0.020938,-3.65E-05
0.021016,-3.29E-05
0.021094,-2.93E-05
0.021172,-2.56E-05
0.02125,-2.20E-05
0.021328,-1.83E-05
0.021406,-1.47E-05
0.021484,-1.10E-05
0.021562,-7.37E-06
0.021641,-3.73E-06
0.021719,-8.35E-08
0.021797,3.56E-06
0.021875,7.20E-06
0.021953,1.08E-05
0.022031,1.45E-05
0.022109,1.81E-05
0.022187,2.17E-05
0.022266,2.54E-05
0.022344,2.90E-05
0.022422,3.26E-05
0.0225,3.62E-05
0.022578,3.98E-05
0.022656,4.34E-05
0.022734,4.70E-05
0.022812,5.06E-05
0.022891,5.41E-05
0.022969,5.77E-05
0.023047,6.13E-05
0.023125,6.48E-05
0.023203,6.84E-05
0.023281,7.19E-05
0.023359,7.54E-05
0.023438,7.89E-05
0.023516,8.24E-05
0.023594,8.59E-05
0.023672,8.94E-05
0.02375,9.28E-05
0.023828,9.63E-05
0.023906,9.97E-05
0.023984,0.00010315
0.024063,0.00010656
0.024141,0.00010996
0.024219,0.00011334
0.024297,0.00011671
0.024375,0.00012006
0.024453,0.0001234
0.024531,0.00012672
0.024609,0.00013003
0.024688,0.00013332
0.024766,0.0001366
0.024844,0.00013985
0.024922,0.00014312
0.025,0.00014632
0.025078,0.00014952
0.025156,0.00015272
0.025234,0.00015589
0.025313,0.00015903
0.025391,0.00016217
0.025469,0.00016527
0.025547,0.00016837
0.025625,0.00017144
0.025703,0.00017449
0.025781,0.00017752
0.025859,0.00018054
0.025937,0.00018353
0.026016,0.0001865
0.026094,0.00018945
0.026172,0.00019237
0.02625,0.00019528
0.026328,0.00019817
0.026406,0.00020101
0.026484,0.00020386
0.026562,0.00020666
0.026641,0.00020946
0.026719,0.00021223
0.026797,0.00021497
0.026875,0.00021772
0.026953,0.00022039
0.027031,0.00022306
0.027109,0.00022572
0.027187,0.00022834
0.027266,0.00023093
0.027344,0.00023351
0.027422,0.00023605
0.0275,0.00023858
0.027578,0.00024108
0.027656,0.00024355
0.027734,0.00024599
0.027813,0.00024842
0.027891,0.00025081
0.027969,0.00025319
0.028047,0.00025553
0.028125,0.00025784
0.028203,0.00026013
0.028281,0.00026241
0.028359,0.00026462
0.028438,0.00026684
0.028516,0.00026901
0.028594,0.00027117
0.028672,0.0002733
0.02875,0.00027539
0.028828,0.0002775
0.028906,0.00027952
0.028984,0.00028152
0.029063,0.00028352
0.029141,0.00028548
0.029219,0.0002874
0.029297,0.00028931
0.029375,0.00029117
0.029453,0.00029303
0.029531,0.00029485
0.029609,0.00029664
0.029687,0.00029839
0.029766,0.00030014
0.029844,0.00030183
0.029922,0.00030352
0.03,0.00030516
0.030078,0.00030677
0.030156,0.00030836
0.030234,0.00030993
0.030312,0.00031143
0.030391,0.00031294
0.030469,0.00031439
0.030547,0.00031583
0.030625,0.00031724
0.030703,0.00031861
0.030781,0.00031998
0.030859,0.00032127
0.030937,0.00032254
0.031016,0.0003238
0.031094,0.00032503
0.031172,0.0003262
0.03125,0.00032737
0.031328,0.00032847
0.031406,0.00032958
0.031484,0.00033065
0.031563,0.00033168
0.031641,0.00033267
0.031719,0.00033366
0.031797,0.0003346
0.031875,0.00033552
0.031953,0.0003364
0.032031,0.00033723
0.032109,0.00033806
0.032188,0.00033886
0.032266,0.00033959
0.032344,0.00034031
0.032422,0.00034099
0.0325,0.00034165
0.032578,0.00034229
0.032656,0.00034288
0.032734,0.00034347
0.032813,0.00034398
0.032891,0.00034447
0.032969,0.00034495
0.033047,0.0003454
0.033125,0.00034579
0.033203,0.00034617
0.033281,0.00034649
0.033359,0.00034682
0.033438,0.00034711
0.033516,0.00034735
0.033594,0.00034755
0.033672,0.00034776
0.03375,0.0003479
0.033828,0.00034804
0.033906,0.00034813
0.033984,0.00034818
0.034063,0.00034822
0.034141,0.00034824
0.034219,0.00034817
0.034297,0.00034811
0.034375,0.000348
0.034453,0.00034788
0.034531,0.00034773
0.034609,0.00034753
0.034688,0.00034734
0.034766,0.00034706
0.034844,0.00034677
0.034922,0.00034646
0.035,0.00034612
0.035078,0.00034572
0.035156,0.00034532
0.035234,0.00034485
0.035312,0.00034438
0.035391,0.00034388
0.035469,0.00034333
0.035547,0.00034275
0.035625,0.00034217
0.035703,0.00034154
0.035781,0.0003409
0.035859,0.00034021
0.035937,0.00033949
0.036016,0.00033877
0.036094,0.00033803
0.036172,0.0003372
0.03625,0.00033638
0.036328,0.00033552
0.036406,0.00033464
0.036484,0.00033375
0.036562,0.0003328
0.036641,0.00033187
0.036719,0.00033086
0.036797,0.00032983
0.036875,0.00032879
0.036953,0.00032772
0.037031,0.0003266
0.037109,0.00032548
0.037187,0.0003243
0.037266,0.00032313
0.037344,0.00032192
0.037422,0.00032067
0.0375,0.0003194
0.037578,0.00031812
0.037656,0.00031679
0.037734,0.00031546
0.037812,0.00031408
0.037891,0.00031267
0.037969,0.00031125
0.038047,0.00030982
0.038125,0.00030831
0.038203,0.00030682
0.038281,0.00030528
0.038359,0.00030373
0.038437,0.00030216
0.038516,0.00030055
0.038594,0.00029895
0.038672,0.00029728
0.03875,0.0002956
0.038828,0.0002939
0.038906,0.00029218
0.038984,0.00029043
0.039062,0.00028866
0.039141,0.00028685
0.039219,0.00028504
0.039297,0.00028321
0.039375,0.00028134
0.039453,0.00027945
0.039531,0.00027756
0.039609,0.00027562
0.039688,0.00027368
0.039766,0.00027171
0.039844,0.00026971
0.039922,0.0002677
0.04,0.00026569
0.040078,0.00026361
0.040156,0.00026154
0.040234,0.00025944
0.040313,0.00025733
0.040391,0.0002552
0.040469,0.00025304
0.040547,0.00025089
0.040625,0.00024869
0.040703,0.00024647
0.040781,0.00024425
0.040859,0.00024202
0.040938,0.00023974
0.041016,0.00023747
0.041094,0.00023516
0.041172,0.00023286
0.04125,0.00023053
0.041328,0.00022818
0.041406,0.00022582
0.041484,0.00022345
0.041563,0.00022105
0.041641,0.00021866
0.041719,0.00021623
0.041797,0.00021379
0.041875,0.00021134
0.041953,0.0002089
0.042031,0.0002064
0.042109,0.00020391
0.042188,0.0002014
0.042266,0.00019889
0.042344,0.00019636
0.042422,0.00019382
0.0425,0.00019127
0.042578,0.00018871
0.042656,0.00018613
0.042734,0.00018354
0.042813,0.00018095
0.042891,0.00017834
0.042969,0.00017572
0.043047,0.00017308
0.043125,0.00017045
0.043203,0.00016781
0.043281,0.00016515
0.043359,0.00016249
0.043437,0.00015983
0.043516,0.00015714
0.043594,0.00015446
0.043672,0.00015177
0.04375,0.00014906
0.043828,0.00014636
0.043906,0.00014367
0.043984,0.00014093
0.044062,0.0001382
0.044141,0.00013547
0.044219,0.00013273
0.044297,0.00013
0.044375,0.00012725
0.044453,0.00012451
0.044531,0.00012175
0.044609,0.00011899
0.044687,0.00011624
0.044766,0.00011348
0.044844,0.00011071
0.044922,0.00010794
0.045,0.00010517
0.045078,0.0001024
0.045156,9.96E-05
0.045234,9.69E-05
0.045312,9.41E-05
0.045391,9.13E-05
0.045469,8.85E-05
0.045547,8.58E-05
0.045625,8.30E-05
0.045703,8.02E-05
0.045781,7.74E-05
0.045859,7.47E-05
0.045937,7.19E-05
0.046016,6.91E-05
0.046094,6.63E-05
0.046172,6.35E-05
0.04625,6.07E-05
0.046328,5.79E-05
0.046406,5.51E-05
0.046484,5.23E-05
0.046562,4.96E-05
0.046641,4.68E-05
0.046719,4.41E-05
0.046797,4.14E-05
0.046875,3.86E-05
0.046953,3.59E-05
0.047031,3.32E-05
0.047109,3.05E-05
0.047188,2.78E-05
0.047266,2.51E-05
0.047344,2.24E-05
0.047422,1.97E-05
0.0475,1.71E-05
0.047578,1.44E-05
0.047656,1.18E-05
0.047734,9.10E-06
0.047813,6.47E-06
0.047891,3.84E-06
0.047969,1.22E-06
0.048047,-1.39E-06
0.048125,-3.99E-06
0.048203,-6.58E-06
0.048281,-9.16E-06
0.048359,-1.17E-05
0.048438,-1.43E-05
0.048516,-1.68E-05
0.048594,-1.94E-05
0.048672,-2.19E-05
0.04875,-2.44E-05
0.048828,-2.69E-05
0.048906,-2.94E-05
0.048984,-3.19E-05
0.049063,-3.43E-05
0.049141,-3.68E-05
0.049219,-3.92E-05
0.049297,-4.17E-05
0.049375,-4.41E-05
0.049453,-4.65E-05
0.049531,-4.89E-05
0.049609,-5.12E-05
0.049688,-5.36E-05
0.049766,-5.59E-05
0.049844,-5.83E-05
0.049922,-6.06E-05
0.05,-6.29E-05
0.050078,-6.51E-05
0.050156,-6.74E-05
0.050234,-6.97E-05
0.050313,-7.19E-05
0.050391,-7.41E-05
0.050469,-7.63E-05
0.050547,-7.85E-05
0.050625,-8.07E-05
0.050703,-8.28E-05
0.050781,-8.50E-05
0.050859,-8.71E-05
0.050937,-8.92E-05
0.051016,-9.13E-05
0.051094,-9.34E-05
0.051172,-9.54E-05
0.05125,-9.74E-05
0.051328,-9.95E-05
0.051406,-0.00010149
0.051484,-0.00010352
0.051562,-0.00010555
0.051641,-0.00010755
0.051719,-0.00010949
0.051797,-0.0001114
0.051875,-0.00011329
0.051953,-0.00011515
0.052031,-0.00011699
0.052109,-0.00011882
0.052187,-0.00012062
0.052266,-0.00012242
0.052344,-0.00012417
0.052422,-0.00012591
0.0525,-0.00012763
0.052578,-0.00012933
0.052656,-0.000131
0.052734,-0.00013266
0.052812,-0.00013429
0.052891,-0.00013591
0.052969,-0.0001375
0.053047,-0.00013907
0.053125,-0.00014062
0.053203,-0.00014215
0.053281,-0.00014365
0.053359,-0.00014514
0.053437,-0.0001466
0.053516,-0.00014803
0.053594,-0.00014945
0.053672,-0.00015084
0.05375,-0.00015219
0.053828,-0.00015353
0.053906,-0.00015485
0.053984,-0.00015614
0.054062,-0.00015741
0.054141,-0.00015866
0.054219,-0.00015991
0.054297,-0.0001611
0.054375,-0.00016228
0.054453,-0.00016345
0.054531,-0.0001646
0.054609,-0.00016572
0.054688,-0.00016682
0.054766,-0.00016789
0.054844,-0.00016895
0.054922,-0.00016999
0.055,-0.000171
0.055078,-0.00017198
0.055156,-0.00017295
0.055234,-0.00017389
0.055313,-0.00017482
0.055391,-0.00017571
0.055469,-0.00017658
0.055547,-0.00017743
0.055625,-0.00017827
0.055703,-0.00017905
0.055781,-0.00017984
0.055859,-0.00018059
0.055938,-0.00018132
0.056016,-0.00018204
0.056094,-0.00018272
0.056172,-0.00018341
0.05625,-0.00018403
0.056328,-0.00018465
0.056406,-0.00018525
0.056484,-0.00018582
0.056563,-0.00018636
0.056641,-0.00018689
0.056719,-0.00018738
0.056797,-0.00018786
0.056875,-0.00018831
0.056953,-0.00018873
0.057031,-0.00018912
0.057109,-0.00018951
0.057188,-0.00018986
0.057266,-0.00019019
0.057344,-0.00019049
0.057422,-0.00019076
0.0575,-0.00019101
0.057578,-0.00019125
0.057656,-0.00019144
0.057734,-0.00019162
0.057813,-0.00019177
0.057891,-0.0001919
0.057969,-0.00019201
0.058047,-0.00019208
0.058125,-0.00019216
0.058203,-0.00019218
0.058281,-0.00019219
0.058359,-0.00019218
0.058438,-0.00019214
0.058516,-0.00019207
0.058594,-0.00019199
0.058672,-0.00019187
0.05875,-0.00019175
0.058828,-0.0001916
0.058906,-0.00019142
0.058984,-0.00019121
0.059062,-0.000191
0.059141,-0.00019075
0.059219,-0.00019049
0.059297,-0.00019019
0.059375,-0.00018987
0.059453,-0.00018954
0.059531,-0.00018919
0.059609,-0.00018879
0.059687,-0.00018838
0.059766,-0.00018795
0.059844,-0.0001875
0.059922,-0.00018703
0.06,-0.00018653
0.060078,-0.00018603
0.060156,-0.00018548
0.060234,-0.00018491
0.060312,-0.00018433
0.060391,-0.00018373
0.060469,-0.00018309
0.060547,-0.00018245
0.060625,-0.00018177
0.060703,-0.00018108
0.060781,-0.00018037
0.060859,-0.00017963
0.060937,-0.00017887
0.061016,-0.0001781
0.061094,-0.0001773
0.061172,-0.00017649
0.06125,-0.00017565
0.061328,-0.00017479
0.061406,-0.00017391
0.061484,-0.00017303
0.061562,-0.00017209
0.061641,-0.00017115
0.061719,-0.00017018
0.061797,-0.00016921
0.061875,-0.00016821
0.061953,-0.00016719
0.062031,-0.00016616
0.062109,-0.0001651
0.062187,-0.00016402
0.062266,-0.00016292
0.062344,-0.00016181
0.062422,-0.00016067
0.0625,-0.00015953
0.062578,-0.00015835
0.062656,-0.00015717
0.062734,-0.00015596
0.062812,-0.00015474
0.062891,-0.00015349
0.062969,-0.00015224
0.063047,-0.00015096
0.063125,-0.00014968
0.063203,-0.00014836
0.063281,-0.00014703
0.063359,-0.00014569
0.063437,-0.00014435
0.063516,-0.00014295
0.063594,-0.00014156
0.063672,-0.00014015
0.06375,-0.00013873
0.063828,-0.00013729
0.063906,-0.00013583
0.063984,-0.00013437
0.064062,-0.00013288
0.064141,-0.00013138
0.064219,-0.00012986
0.064297,-0.00012834
0.064375,-0.00012679
0.064453,-0.00012523
0.064531,-0.00012365
0.064609,-0.00012207
0.064687,-0.00012048
0.064766,-0.00011886
0.064844,-0.00011723
0.064922,-0.0001156
0.065,-0.00011395
0.065078,-0.00011229
0.065156,-0.00011061
0.065234,-0.00010892
0.065312,-0.00010722
0.065391,-0.00010553
0.065469,-0.00010379
0.065547,-0.00010206
0.065625,-0.00010031
0.065703,-9.86E-05
0.065781,-9.68E-05
0.065859,-9.50E-05
0.065937,-9.32E-05
0.066016,-9.14E-05
0.066094,-8.96E-05
0.066172,-8.78E-05
0.06625,-8.60E-05
0.066328,-8.41E-05
0.066406,-8.23E-05
0.066484,-8.04E-05
0.066562,-7.86E-05
0.066641,-7.67E-05
0.066719,-7.48E-05
0.066797,-7.30E-05
0.066875,-7.11E-05
0.066953,-6.92E-05
0.067031,-6.73E-05
0.067109,-6.54E-05
0.067187,-6.34E-05
0.067266,-6.15E-05
0.067344,-5.96E-05
0.067422,-5.76E-05
0.0675,-5.57E-05
0.067578,-5.37E-05
0.067656,-5.18E-05
0.067734,-4.98E-05
0.067812,-4.78E-05
0.067891,-4.59E-05
0.067969,-4.39E-05
0.068047,-4.19E-05
0.068125,-3.99E-05
0.068203,-3.80E-05
0.068281,-3.60E-05
0.068359,-3.40E-05
0.068437,-3.20E-05
0.068516,-3.00E-05
0.068594,-2.80E-05
0.068672,-2.60E-05
0.06875,-2.39E-05
0.068828,-2.19E-05
0.068906,-1.99E-05
0.068984,-1.79E-05
0.069062,-1.59E-05
0.069141,-1.39E-05
0.069219,-1.18E-05
0.069297,-9.84E-06
0.069375,-7.81E-06
0.069453,-5.79E-06
0.069531,-3.77E-06
0.069609,-1.75E-06
0.069687,2.72E-07
0.069766,2.29E-06
0.069844,4.32E-06
0.069922,6.33E-06
0.07,8.35E-06
0.070078,1.04E-05
0.070156,1.24E-05
0.070234,1.44E-05
0.070312,1.64E-05
0.070391,1.84E-05
0.070469,2.04E-05
0.070547,2.24E-05
0.070625,2.44E-05
0.070703,2.64E-05
0.070781,2.84E-05
0.070859,3.04E-05
0.070938,3.24E-05
0.071016,3.44E-05
0.071094,3.63E-05
0.071172,3.83E-05
0.07125,4.03E-05
0.071328,4.22E-05
0.071406,4.42E-05
0.071484,4.62E-05
0.071563,4.81E-05
0.071641,5.01E-05
0.071719,5.20E-05
0.071797,5.39E-05
0.071875,5.59E-05
0.071953,5.78E-05
0.072031,5.97E-05
0.072109,6.16E-05
0.072188,6.35E-05
0.072266,6.54E-05
0.072344,6.73E-05
0.072422,6.92E-05
0.0725,7.11E-05
0.072578,7.29E-05
0.072656,7.48E-05
0.072734,7.66E-05
0.072813,7.85E-05
0.072891,8.03E-05
0.072969,8.21E-05
0.073047,8.39E-05
0.073125,8.57E-05
0.073203,8.75E-05
0.073281,8.93E-05
0.073359,9.11E-05
0.073438,9.28E-05
0.073516,9.46E-05
0.073594,9.63E-05
0.073672,9.81E-05
0.07375,9.98E-05
0.073828,0.0001015
0.073906,0.00010319
0.073984,0.00010488
0.074063,0.00010655
0.074141,0.00010821
0.074219,0.00010986
0.074297,0.00011149
0.074375,0.00011312
0.074453,0.00011474
0.074531,0.00011633
0.074609,0.00011792
0.074688,0.0001195
0.074766,0.00012106
0.074844,0.00012261
0.074922,0.00012414
0.075,0.00012566
0.075078,0.00012718
0.075156,0.00012868
0.075234,0.00013015
0.075313,0.00013162
0.075391,0.00013308
0.075469,0.00013452
0.075547,0.00013595
0.075625,0.00013737
0.075703,0.00013879
0.075781,0.00014016
0.075859,0.00014153
0.075938,0.0001429
0.076016,0.00014425
0.076094,0.00014557
0.076172,0.00014689
0.07625,0.00014819
0.076328,0.00014948
0.076406,0.00015076
0.076484,0.00015201
0.076563,0.00015325
0.076641,0.00015449
0.076719,0.0001557
0.076797,0.0001569
0.076875,0.00015808
0.076953,0.00015924
0.077031,0.00016039
0.077109,0.00016153
0.077188,0.00016264
0.077266,0.00016375
0.077344,0.00016483
0.077422,0.00016589
0.0775,0.00016695
0.077578,0.00016798
0.077656,0.00016902
0.077734,0.00017001
0.077813,0.00017099
0.077891,0.00017197
0.077969,0.00017292
0.078047,0.00017385
0.078125,0.00017477
0.078203,0.00017567
0.078281,0.00017656
0.078359,0.00017744
0.078437,0.00017829
0.078516,0.00017916
0.078594,0.00018016
0.078672,0.00018103
0.07875,0.00018181
0.078828,0.00018259
0.078906,0.00018332
0.078984,0.00018405
0.079062,0.00018477
0.079141,0.00018545
0.079219,0.00018613
0.079297,0.00018677
0.079375,0.00018741
0.079453,0.00018803
0.079531,0.00018863
0.079609,0.00018923
0.079687,0.00018978
0.079766,0.00019032
0.079844,0.00019086
0.079922,0.00019137
0.08,0.00019185
0.080078,0.00019233
0.080156,0.00019277
0.080234,0.00019322
0.080312,0.00019364
0.080391,0.00019404
0.080469,0.00019441
0.080547,0.00019479
0.080625,0.00019513
0.080703,0.00019546
0.080781,0.00019577
0.080859,0.00019606
0.080937,0.00019633
0.081016,0.0001966
0.081094,0.00019682
0.081172,0.00019704
0.08125,0.00019723
0.081328,0.00019741
0.081406,0.00019758
0.081484,0.00019772
0.081562,0.00019786
0.081641,0.00019795
0.081719,0.00019804
0.081797,0.00019812
0.081875,0.00019817
0.081953,0.0001982
0.082031,0.00019822
0.082109,0.0001982
0.082187,0.00019819
0.082266,0.00019815
0.082344,0.00019809
0.082422,0.00019801
0.0825,0.00019793
0.082578,0.00019782
0.082656,0.0001977
0.082734,0.00019755
0.082812,0.00019738
0.082891,0.0001972
0.082969,0.00019702
0.083047,0.00019678
0.083125,0.00019655
0.083203,0.00019629
0.083281,0.00019602
0.083359,0.00019574
0.083437,0.00019543
0.083516,0.00019513
0.083594,0.00019478
0.083672,0.00019441
0.08375,0.00019405
0.083828,0.00019366
0.083906,0.00019324
0.083984,0.00019282
0.084062,0.00019237
0.084141,0.00019191
0.084219,0.00019144
0.084297,0.00019095
0.084375,0.00019043
0.084453,0.00018992
0.084531,0.00018937
0.084609,0.00018882
0.084687,0.00018824
0.084766,0.00018764
0.084844,0.00018704
0.084922,0.00018643
0.085,0.00018577
0.085078,0.00018512
0.085156,0.00018444
0.085234,0.00018376
0.085312,0.00018306
0.085391,0.00018234
0.085469,0.00018162
0.085547,0.00018086
0.085625,0.00018009
0.085703,0.00017932
0.085781,0.00017853
0.085859,0.00017771
0.085938,0.00017689
0.086016,0.00017604
0.086094,0.00017519
0.086172,0.00017433
0.08625,0.00017344
0.086328,0.00017254
0.086406,0.00017164
0.086484,0.00017071
0.086563,0.00016978
0.086641,0.00016882
0.086719,0.00016785
0.086797,0.00016688
0.086875,0.0001659
0.086953,0.00016487
0.087031,0.00016386
0.087109,0.00016282
0.087188,0.00016177
0.087266,0.00016072
0.087344,0.00015965
0.087422,0.00015857
0.0875,0.00015747
0.087578,0.00015636
0.087656,0.00015524
0.087734,0.00015411
0.087813,0.00015296
0.087891,0.00015181
0.087969,0.00015063
0.088047,0.00014946
0.088125,0.00014827
0.088203,0.00014707
0.088281,0.00014585
0.088359,0.00014463
0.088438,0.00014339
0.088516,0.00014216
0.088594,0.0001409
0.088672,0.00013963
0.08875,0.00013836
0.088828,0.00013708
0.088906,0.00013577
0.088984,0.00013447
0.089063,0.00013315
0.089141,0.00013183
0.089219,0.0001305
0.089297,0.00012915
0.089375,0.00012781
0.089453,0.00012644
0.089531,0.00012507
0.089609,0.0001237
0.089688,0.00012231
0.089766,0.00012091
0.089844,0.00011952
0.089922,0.0001181
0.09,0.00011669
0.090078,0.00011526
0.090156,0.00011383
0.090234,0.00011239
0.090313,0.00011095
0.090391,0.00010949
0.090469,0.00010804
0.090547,0.00010657
0.090625,0.00010509
0.090703,0.00010362
0.090781,0.00010214
0.090859,0.00010064
0.090938,9.91E-05
0.091016,9.76E-05
0.091094,9.61E-05
0.091172,9.46E-05
0.09125,9.31E-05
0.091328,9.16E-05
0.091406,9.01E-05
0.091484,8.85E-05
0.091563,8.70E-05
0.091641,8.55E-05
0.091719,8.39E-05
0.091797,8.24E-05
0.091875,8.08E-05
0.091953,7.93E-05
0.092031,7.77E-05
0.092109,7.61E-05
0.092188,7.46E-05
0.092266,7.30E-05
0.092344,7.14E-05
0.092422,6.99E-05
0.0925,6.83E-05
0.092578,6.67E-05
0.092656,6.52E-05
0.092734,6.36E-05
0.092813,6.20E-05
0.092891,6.04E-05
0.092969,5.88E-05
0.093047,5.72E-05
0.093125,5.57E-05
0.093203,5.41E-05
0.093281,5.25E-05
0.093359,5.09E-05
0.093438,4.93E-05
0.093516,4.77E-05
0.093594,4.61E-05
0.093672,4.45E-05
0.09375,4.30E-05
0.093828,4.14E-05
0.093906,3.98E-05
0.093984,3.82E-05
0.094062,3.66E-05
0.094141,3.50E-05
0.094219,3.35E-05
0.094297,3.19E-05
0.094375,3.03E-05
0.094453,2.87E-05
0.094531,2.72E-05
0.094609,2.56E-05
0.094687,2.40E-05
0.094766,2.24E-05
0.094844,2.09E-05
0.094922,1.93E-05
0.095,1.78E-05
0.095078,1.62E-05
0.095156,1.47E-05
0.095234,1.31E-05
0.095312,1.16E-05
0.095391,1.01E-05
0.095469,8.56E-06
0.095547,7.06E-06
0.095625,5.58E-06
0.095703,4.09E-06
0.095781,2.59E-06
0.095859,1.10E-06
0.095937,-4.03E-07
0.096016,-1.90E-06
0.096094,-3.40E-06
0.096172,-4.89E-06
0.09625,-6.38E-06
0.096328,-7.86E-06
0.096406,-9.34E-06
0.096484,-1.08E-05
0.096562,-1.23E-05
0.096641,-1.37E-05
0.096719,-1.52E-05
0.096797,-1.66E-05
0.096875,-1.81E-05
0.096953,-1.95E-05
0.097031,-2.09E-05
0.097109,-2.24E-05
0.097187,-2.38E-05
0.097266,-2.52E-05
0.097344,-2.66E-05
0.097422,-2.80E-05
0.0975,-2.94E-05
0.097578,-3.08E-05
0.097656,-3.21E-05
0.097734,-3.35E-05
0.097812,-3.48E-05
0.097891,-3.62E-05
0.097969,-3.75E-05
0.098047,-3.89E-05
0.098125,-4.02E-05
0.098203,-4.15E-05
0.098281,-4.28E-05
0.098359,-4.41E-05
0.098437,-4.54E-05
0.098516,-4.66E-05
0.098594,-4.79E-05
0.098672,-4.92E-05
0.09875,-5.04E-05
0.098828,-5.17E-05
0.098906,-5.29E-05
0.098984,-5.41E-05
0.099062,-5.53E-05
0.099141,-5.65E-05
0.099219,-5.77E-05
0.099297,-5.89E-05
0.099375,-6.00E-05
0.099453,-6.12E-05
0.099531,-6.23E-05
0.099609,-6.35E-05
0.099687,-6.46E-05
0.099766,-6.57E-05
0.099844,-6.68E-05
0.099922,-6.79E-05
0.1,-6.90E-05
0.10008,-7.01E-05
0.10016,-7.11E-05
0.10023,-7.22E-05
0.10031,-7.32E-05
0.10039,-7.42E-05
0.10047,-7.52E-05
0.10055,-7.62E-05
0.10063,-7.72E-05
0.1007,-7.82E-05
0.10078,-7.92E-05
0.10086,-8.01E-05
0.10094,-8.11E-05
0.10102,-8.20E-05
0.10109,-8.29E-05
0.10117,-8.38E-05
0.10125,-8.47E-05
0.10133,-8.56E-05
0.10141,-8.65E-05
0.10148,-8.73E-05
0.10156,-8.82E-05
0.10164,-8.90E-05
0.10172,-8.98E-05
0.1018,-9.07E-05
0.10187,-9.15E-05
0.10195,-9.22E-05
0.10203,-9.30E-05
0.10211,-9.38E-05
0.10219,-9.45E-05
0.10227,-9.53E-05
0.10234,-9.60E-05
0.10242,-9.67E-05
0.1025,-9.74E-05
0.10258,-9.81E-05
0.10266,-9.87E-05
0.10273,-9.94E-05
0.10281,-0.00010004
0.10289,-0.00010067
0.10297,-0.00010129
0.10305,-0.0001019
0.10312,-0.00010248
0.1032,-0.00010306
0.10328,-0.00010363
0.10336,-0.00010418
0.10344,-0.00010471
0.10352,-0.00010523
0.10359,-0.00010574
0.10367,-0.00010624
0.10375,-0.00010672
0.10383,-0.00010719
0.10391,-0.00010764
0.10398,-0.00010809
0.10406,-0.00010851
0.10414,-0.00010893
0.10422,-0.00010933
0.1043,-0.00010971
0.10437,-0.00011009
0.10445,-0.00011045
0.10453,-0.00011079
0.10461,-0.00011112
0.10469,-0.00011144
0.10477,-0.00011174
0.10484,-0.00011203
0.10492,-0.00011231
0.105,-0.00011258
0.10508,-0.00011282
0.10516,-0.00011305
0.10523,-0.00011328
0.10531,-0.00011349
0.10539,-0.00011367
0.10547,-0.00011385
0.10555,-0.00011401
0.10562,-0.00011417
0.1057,-0.00011431
0.10578,-0.00011443
0.10586,-0.00011454
0.10594,-0.00011464
0.10602,-0.00011472
0.10609,-0.0001148
0.10617,-0.00011485
0.10625,-0.00011489
0.10633,-0.00011492
0.10641,-0.00011494
0.10648,-0.00011493
0.10656,-0.00011492
0.10664,-0.00011489
0.10672,-0.00011485
0.1068,-0.0001148
0.10687,-0.00011473
0.10695,-0.00011465
0.10703,-0.00011455
0.10711,-0.00011444
0.10719,-0.00011432
0.10727,-0.00011419
0.10734,-0.00011403
0.10742,-0.00011387
0.1075,-0.00011369
0.10758,-0.0001135
0.10766,-0.0001133
0.10773,-0.00011308
0.10781,-0.00011285
0.10789,-0.00011261
0.10797,-0.00011235
0.10805,-0.00011208
0.10812,-0.0001118
0.1082,-0.0001115
0.10828,-0.00011119
0.10836,-0.00011088
0.10844,-0.00011053
0.10852,-0.00011019
0.10859,-0.00010982
0.10867,-0.00010945
0.10875,-0.00010907
0.10883,-0.00010867
0.10891,-0.00010827
0.10898,-0.00010784
0.10906,-0.0001074
0.10914,-0.00010695
0.10922,-0.0001065
0.1093,-0.00010602
0.10938,-0.00010554
0.10945,-0.00010503
0.10953,-0.00010453
0.10961,-0.00010401
0.10969,-0.00010348
0.10977,-0.00010293
0.10984,-0.00010239
0.10992,-0.00010182
0.11,-0.00010124
0.11008,-0.00010066
0.11016,-0.00010005
0.11023,-9.94E-05
0.11031,-9.88E-05
0.11039,-9.82E-05
0.11047,-9.75E-05
0.11055,-9.69E-05
0.11063,-9.62E-05
0.1107,-9.56E-05
0.11078,-9.49E-05
0.11086,-9.42E-05
0.11094,-9.35E-05
0.11102,-9.28E-05
0.11109,-9.20E-05
0.11117,-9.13E-05
0.11125,-9.06E-05
0.11133,-8.98E-05
0.11141,-8.90E-05
0.11148,-8.83E-05
0.11156,-8.75E-05
0.11164,-8.67E-05
0.11172,-8.59E-05
0.1118,-8.51E-05
0.11188,-8.42E-05
0.11195,-8.34E-05
0.11203,-8.26E-05
0.11211,-8.17E-05
0.11219,-8.09E-05
0.11227,-8.00E-05
0.11234,-7.91E-05
0.11242,-7.83E-05
0.1125,-7.74E-05
0.11258,-7.65E-05
0.11266,-7.56E-05
0.11273,-7.47E-05
0.11281,-7.37E-05
0.11289,-7.28E-05
0.11297,-7.19E-05
0.11305,-7.09E-05
0.11313,-7.00E-05
0.1132,-6.90E-05
0.11328,-6.81E-05
0.11336,-6.71E-05
0.11344,-6.61E-05
0.11352,-6.51E-05
0.11359,-6.41E-05
0.11367,-6.31E-05
0.11375,-6.21E-05
0.11383,-6.11E-05
0.11391,-6.01E-05
0.11398,-5.91E-05
0.11406,-5.80E-05
0.11414,-5.70E-05
0.11422,-5.60E-05
0.1143,-5.49E-05
0.11438,-5.39E-05
0.11445,-5.28E-05
0.11453,-5.17E-05
0.11461,-5.07E-05
0.11469,-4.96E-05
0.11477,-4.85E-05
0.11484,-4.74E-05
0.11492,-4.64E-05
0.115,-4.53E-05
0.11508,-4.42E-05
0.11516,-4.31E-05
0.11523,-4.20E-05
0.11531,-4.09E-05
0.11539,-3.98E-05
0.11547,-3.86E-05
0.11555,-3.75E-05
0.11563,-3.64E-05
0.1157,-3.53E-05
0.11578,-3.41E-05
0.11586,-3.30E-05
0.11594,-3.19E-05
0.11602,-3.07E-05
0.11609,-2.96E-05
0.11617,-2.84E-05
0.11625,-2.73E-05
0.11633,-2.61E-05
0.11641,-2.50E-05
0.11648,-2.38E-05
0.11656,-2.27E-05
0.11664,-2.15E-05
0.11672,-2.03E-05
0.1168,-1.92E-05
0.11688,-1.80E-05
0.11695,-1.68E-05
0.11703,-1.57E-05
0.11711,-1.45E-05
0.11719,-1.33E-05
0.11727,-1.22E-05
0.11734,-1.10E-05
0.11742,-9.81E-06
0.1175,-8.63E-06
0.11758,-7.45E-06
0.11766,-6.28E-06
0.11773,-5.10E-06
0.11781,-3.92E-06
0.11789,-2.75E-06
0.11797,-1.57E-06
0.11805,-3.93E-07
0.11812,7.79E-07
0.1182,1.96E-06
0.11828,3.13E-06
0.11836,4.31E-06
0.11844,5.48E-06
0.11852,6.66E-06
0.11859,7.83E-06
0.11867,9.01E-06
0.11875,1.02E-05
0.11883,1.13E-05
0.11891,1.25E-05
0.11898,1.37E-05
0.11906,1.48E-05
0.11914,1.60E-05
0.11922,1.72E-05
0.1193,1.83E-05
0.11937,1.95E-05
0.11945,2.07E-05
0.11953,2.18E-05
0.11961,2.30E-05
0.11969,2.42E-05
0.11977,2.54E-05
0.11984,2.66E-05
0.11992,2.77E-05
0.12,2.89E-05
0.12008,3.00E-05
0.12016,3.11E-05
0.12023,3.23E-05
0.12031,3.34E-05
0.12039,3.45E-05
0.12047,3.56E-05
0.12055,3.67E-05
0.12062,3.78E-05
0.1207,3.89E-05
0.12078,4.00E-05
0.12086,4.11E-05
0.12094,4.22E-05
0.12102,4.33E-05
0.12109,4.43E-05
0.12117,4.54E-05
0.12125,4.65E-05
0.12133,4.75E-05
0.12141,4.86E-05
0.12148,4.96E-05
0.12156,5.07E-05
0.12164,5.17E-05
0.12172,5.28E-05
0.1218,5.38E-05
0.12187,5.48E-05
0.12195,5.58E-05
0.12203,5.68E-05
0.12211,5.78E-05
0.12219,5.88E-05
0.12227,5.98E-05
0.12234,6.08E-05
0.12242,6.18E-05
0.1225,6.28E-05
0.12258,6.37E-05
0.12266,6.47E-05
0.12273,6.56E-05
0.12281,6.66E-05
0.12289,6.75E-05
0.12297,6.84E-05
0.12305,6.94E-05
0.12312,7.03E-05
0.1232,7.12E-05
0.12328,7.21E-05
0.12336,7.30E-05
0.12344,7.39E-05
0.12352,7.48E-05
0.12359,7.56E-05
0.12367,7.65E-05
0.12375,7.74E-05
0.12383,7.82E-05
0.12391,7.90E-05
0.12398,7.99E-05
0.12406,8.07E-05
0.12414,8.15E-05
0.12422,8.23E-05
0.1243,8.31E-05
0.12437,8.39E-05
0.12445,8.47E-05
0.12453,8.55E-05
0.12461,8.62E-05
0.12469,8.70E-05
0.12477,8.78E-05
0.12484,8.85E-05
0.12492,8.92E-05
0.125,8.99E-05
0.12508,9.07E-05
0.12516,9.14E-05
0.12523,9.21E-05
0.12531,9.27E-05
0.12539,9.34E-05
0.12547,9.41E-05
0.12555,9.47E-05
0.12562,9.54E-05
0.1257,9.60E-05
0.12578,9.67E-05
0.12586,9.73E-05
0.12594,9.79E-05
0.12602,9.85E-05
0.12609,9.91E-05
0.12617,9.97E-05
0.12625,0.00010025
0.12633,0.00010081
0.12641,0.00010136
0.12648,0.00010192
0.12656,0.00010244
0.12664,0.00010296
0.12672,0.00010348
0.1268,0.00010399
0.12687,0.00010447
0.12695,0.00010496
0.12703,0.00010542
0.12711,0.00010589
0.12719,0.00010634
0.12727,0.00010678
0.12734,0.00010721
0.12742,0.00010763
0.1275,0.00010804
0.12758,0.00010844
0.12766,0.00010882
0.12773,0.0001092
0.12781,0.00010956
0.12789,0.00010992
0.12797,0.00011025
0.12805,0.00011058
0.12812,0.00011089
0.1282,0.0001112
0.12828,0.0001115
0.12836,0.00011178
0.12844,0.00011206
0.12852,0.00011232
0.12859,0.00011257
0.12867,0.00011282
0.12875,0.00011306
0.12883,0.00011328
0.12891,0.0001135
0.12898,0.0001137
0.12906,0.00011391
0.12914,0.0001141
0.12922,0.00011427
0.1293,0.00011443
0.12937,0.0001146
0.12945,0.00011474
0.12953,0.00011488
0.12961,0.00011501
0.12969,0.00011512
0.12977,0.00011523
0.12984,0.00011533
0.12992,0.0001154
0.13,0.00011548
0.13008,0.00011554
0.13016,0.00011559
0.13023,0.00011564
0.13031,0.00011566
0.13039,0.0001157
0.13047,0.0001157
0.13055,0.0001157
0.13062,0.00011569
0.1307,0.00011567
0.13078,0.00011563
0.13086,0.00011559
0.13094,0.00011553
0.13102,0.00011547
0.13109,0.0001154
0.13117,0.00011531
0.13125,0.00011521
0.13133,0.00011512
0.13141,0.000115
0.13148,0.00011488
0.13156,0.00011474
0.13164,0.00011459
0.13172,0.00011443
0.1318,0.00011428
0.13187,0.00011409
0.13195,0.0001139
0.13203,0.0001137
0.13211,0.00011349
0.13219,0.00011328
0.13227,0.00011305
0.13234,0.00011282
0.13242,0.00011257
0.1325,0.00011231
0.13258,0.00011204
0.13266,0.00011177
0.13273,0.00011148
0.13281,0.00011118
0.13289,0.00011087
0.13297,0.00011056
0.13305,0.00011023
0.13312,0.0001099
0.1332,0.00010955
0.13328,0.0001092
0.13336,0.00010883
0.13344,0.00010847
0.13352,0.00010808
0.13359,0.00010769
0.13367,0.00010729
0.13375,0.00010689
0.13383,0.00010646
0.13391,0.00010603
0.13398,0.00010559
0.13406,0.00010514
0.13414,0.00010469
0.13422,0.00010423
0.1343,0.00010376
0.13437,0.00010328
0.13445,0.00010278
0.13453,0.00010229
0.13461,0.00010178
0.13469,0.00010126
0.13477,0.00010074
0.13484,0.0001002
0.13492,9.97E-05
0.135,9.91E-05
0.13508,9.86E-05
0.13516,9.80E-05
0.13523,9.74E-05
0.13531,9.68E-05
0.13539,9.62E-05
0.13547,9.56E-05
0.13555,9.50E-05
0.13562,9.44E-05
0.1357,9.38E-05
0.13578,9.32E-05
0.13586,9.25E-05
0.13594,9.19E-05
0.13602,9.12E-05
0.13609,9.06E-05
0.13617,8.99E-05
0.13625,8.92E-05
0.13633,8.86E-05
0.13641,8.79E-05
0.13648,8.72E-05
0.13656,8.65E-05
0.13664,8.58E-05
0.13672,8.50E-05
0.1368,8.43E-05
0.13687,8.36E-05
0.13695,8.28E-05
0.13703,8.21E-05
0.13711,8.14E-05
0.13719,8.06E-05
0.13727,7.98E-05
0.13734,7.91E-05
0.13742,7.83E-05
0.1375,7.75E-05
0.13758,7.67E-05
0.13766,7.59E-05
0.13773,7.51E-05
0.13781,7.43E-05
0.13789,7.35E-05
0.13797,7.27E-05
0.13805,7.19E-05
0.13812,7.11E-05
0.1382,7.03E-05
0.13828,6.94E-05
0.13836,6.86E-05
0.13844,6.77E-05
0.13852,6.69E-05
0.13859,6.60E-05
0.13867,6.52E-05
0.13875,6.43E-05
0.13883,6.35E-05
0.13891,6.26E-05
0.13898,6.17E-05
0.13906,6.08E-05
0.13914,5.99E-05
0.13922,5.91E-05
0.1393,5.82E-05
0.13937,5.73E-05
0.13945,5.64E-05
0.13953,5.55E-05
0.13961,5.46E-05
0.13969,5.37E-05
0.13977,5.28E-05
0.13984,5.18E-05
0.13992,5.09E-05
0.14,5.00E-05
0.14008,4.91E-05
0.14016,4.82E-05
0.14023,4.72E-05
0.14031,4.63E-05
0.14039,4.54E-05
0.14047,4.44E-05
0.14055,4.35E-05
0.14062,4.26E-05
0.1407,4.16E-05
0.14078,4.07E-05
0.14086,3.97E-05
0.14094,3.88E-05
0.14102,3.78E-05
0.14109,3.69E-05
0.14117,3.59E-05
0.14125,3.50E-05
0.14133,3.40E-05
0.14141,3.31E-05
0.14148,3.21E-05
0.14156,3.11E-05
0.14164,3.02E-05
0.14172,2.92E-05
0.1418,2.83E-05
0.14188,2.73E-05
0.14195,2.63E-05
0.14203,2.54E-05
0.14211,2.44E-05
0.14219,2.34E-05
0.14227,2.25E-05
0.14234,2.15E-05
0.14242,2.06E-05
0.1425,1.96E-05
0.14258,1.86E-05
0.14266,1.77E-05
0.14273,1.67E-05
0.14281,1.57E-05
0.14289,1.48E-05
0.14297,1.38E-05
0.14305,1.29E-05
0.14313,1.19E-05
0.1432,1.09E-05
0.14328,9.98E-06
0.14336,9.02E-06
0.14344,8.07E-06
0.14352,7.12E-06
0.14359,6.16E-06
0.14367,5.21E-06
0.14375,4.26E-06
0.14383,3.31E-06
0.14391,2.37E-06
0.14398,1.43E-06
0.14406,4.81E-07
0.14414,-4.56E-07
0.14422,-1.39E-06
0.1443,-2.33E-06
0.14438,-3.26E-06
0.14445,-4.19E-06
0.14453,-5.11E-06
0.14461,-6.04E-06
0.14469,-6.96E-06
0.14477,-7.88E-06
0.14484,-8.79E-06
0.14492,-9.71E-06
0.145,-1.06E-05
0.14508,-1.15E-05
0.14516,-1.24E-05
0.14523,-1.33E-05
0.14531,-1.42E-05
0.14539,-1.51E-05
0.14547,-1.60E-05
0.14555,-1.69E-05
0.14563,-1.78E-05
0.1457,-1.86E-05
0.14578,-1.95E-05
0.14586,-2.04E-05
0.14594,-2.13E-05
0.14602,-2.21E-05
0.14609,-2.30E-05
0.14617,-2.38E-05
0.14625,-2.47E-05
0.14633,-2.55E-05
0.14641,-2.63E-05
0.14648,-2.72E-05
0.14656,-2.80E-05
0.14664,-2.88E-05
0.14672,-2.96E-05
0.1468,-3.05E-05
0.14688,-3.13E-05
0.14695,-3.21E-05
0.14703,-3.29E-05
0.14711,-3.37E-05
0.14719,-3.44E-05
0.14727,-3.52E-05
0.14734,-3.60E-05
0.14742,-3.68E-05
0.1475,-3.75E-05
0.14758,-3.83E-05
0.14766,-3.90E-05
0.14773,-3.98E-05
0.14781,-4.05E-05
0.14789,-4.13E-05
0.14797,-4.20E-05
0.14805,-4.27E-05
0.14813,-4.34E-05
0.1482,-4.41E-05
0.14828,-4.48E-05
0.14836,-4.55E-05
0.14844,-4.62E-05
0.14852,-4.69E-05
0.14859,-4.76E-05
0.14867,-4.83E-05
0.14875,-4.89E-05
0.14883,-4.96E-05
0.14891,-5.02E-05
0.14898,-5.09E-05
0.14906,-5.15E-05
0.14914,-5.21E-05
0.14922,-5.28E-05
0.1493,-5.34E-05
0.14938,-5.40E-05
0.14945,-5.46E-05
0.14953,-5.52E-05
0.14961,-5.58E-05
0.14969,-5.64E-05
0.14977,-5.69E-05
0.14984,-5.75E-05
0.14992,-5.81E-05
0.15,-5.86E-05
0.15008,-5.91E-05
0.15016,-5.97E-05
0.15023,-6.02E-05
0.15031,-6.07E-05
0.15039,-6.12E-05
0.15047,-6.17E-05
0.15055,-6.22E-05
0.15063,-6.27E-05
0.1507,-6.32E-05
0.15078,-6.37E-05
0.15086,-6.41E-05
0.15094,-6.46E-05
0.15102,-6.50E-05
0.15109,-6.55E-05
0.15117,-6.59E-05
0.15125,-6.63E-05
0.15133,-6.68E-05
0.15141,-6.72E-05
0.15148,-6.76E-05
0.15156,-6.80E-05
0.15164,-6.83E-05
0.15172,-6.87E-05
0.1518,-6.91E-05
0.15188,-6.94E-05
0.15195,-6.98E-05
0.15203,-7.01E-05
0.15211,-7.05E-05
0.15219,-7.08E-05
0.15227,-7.11E-05
0.15234,-7.14E-05
0.15242,-7.17E-05
0.1525,-7.20E-05
0.15258,-7.23E-05
0.15266,-7.25E-05
0.15273,-7.28E-05
0.15281,-7.31E-05
0.15289,-7.33E-05
0.15297,-7.35E-05
0.15305,-7.38E-05
0.15313,-7.40E-05
0.1532,-7.42E-05
0.15328,-7.44E-05
0.15336,-7.46E-05
0.15344,-7.48E-05
0.15352,-7.50E-05
0.15359,-7.51E-05
0.15367,-7.53E-05
0.15375,-7.54E-05
0.15383,-7.56E-05
0.15391,-7.57E-05
0.15398,-7.58E-05
0.15406,-7.59E-05
0.15414,-7.61E-05
0.15422,-7.61E-05
0.1543,-7.62E-05
0.15438,-7.63E-05
0.15445,-7.64E-05
0.15453,-7.64E-05
0.15461,-7.65E-05
0.15469,-7.65E-05
0.15477,-7.66E-05
0.15484,-7.66E-05
0.15492,-7.66E-05
0.155,-7.66E-05
0.15508,-7.66E-05
0.15516,-7.66E-05
0.15523,-7.66E-05
0.15531,-7.66E-05
0.15539,-7.65E-05
0.15547,-7.65E-05
0.15555,-7.64E-05
0.15563,-7.64E-05
0.1557,-7.63E-05
0.15578,-7.62E-05
0.15586,-7.61E-05
0.15594,-7.61E-05
0.15602,-7.60E-05
0.15609,-7.58E-05
0.15617,-7.57E-05
0.15625,-7.56E-05
0.15633,-7.54E-05
0.15641,-7.53E-05
0.15648,-7.51E-05
0.15656,-7.50E-05
0.15664,-7.48E-05
0.15672,-7.46E-05
0.1568,-7.44E-05
0.15687,-7.42E-05
0.15695,-7.40E-05
0.15703,-7.38E-05
0.15711,-7.36E-05
0.15719,-7.34E-05
0.15727,-7.31E-05
0.15734,-7.29E-05
0.15742,-7.26E-05
0.1575,-7.24E-05
0.15758,-7.21E-05
0.15766,-7.18E-05
0.15773,-7.15E-05
0.15781,-7.12E-05
0.15789,-7.09E-05
0.15797,-7.06E-05
0.15805,-7.03E-05
0.15812,-7.00E-05
0.1582,-6.97E-05
0.15828,-6.93E-05
0.15836,-6.90E-05
0.15844,-6.86E-05
0.15852,-6.83E-05
0.15859,-6.79E-05
0.15867,-6.75E-05
0.15875,-6.71E-05
0.15883,-6.67E-05
0.15891,-6.63E-05
0.15898,-6.59E-05
0.15906,-6.55E-05
0.15914,-6.51E-05
0.15922,-6.47E-05
0.1593,-6.42E-05
0.15937,-6.38E-05
0.15945,-6.33E-05
0.15953,-6.29E-05
0.15961,-6.24E-05
0.15969,-6.19E-05
0.15977,-6.15E-05
0.15984,-6.10E-05
0.15992,-6.05E-05
0.16,-6.00E-05
0.16008,-5.95E-05
0.16016,-5.90E-05
0.16023,-5.85E-05
0.16031,-5.79E-05
0.16039,-5.74E-05
0.16047,-5.69E-05
0.16055,-5.63E-05
0.16062,-5.58E-05
0.1607,-5.52E-05
0.16078,-5.47E-05
0.16086,-5.41E-05
0.16094,-5.35E-05
0.16102,-5.30E-05
0.16109,-5.24E-05
0.16117,-5.18E-05
0.16125,-5.12E-05
0.16133,-5.06E-05
0.16141,-5.00E-05
0.16148,-4.94E-05
0.16156,-4.88E-05
0.16164,-4.82E-05
0.16172,-4.75E-05
0.1618,-4.69E-05
0.16187,-4.63E-05
0.16195,-4.56E-05
0.16203,-4.50E-05
0.16211,-4.43E-05
0.16219,-4.37E-05
0.16227,-4.30E-05
0.16234,-4.24E-05
0.16242,-4.17E-05
0.1625,-4.10E-05
0.16258,-4.03E-05
0.16266,-3.97E-05
0.16273,-3.90E-05
0.16281,-3.83E-05
0.16289,-3.76E-05
0.16297,-3.69E-05
0.16305,-3.62E-05
0.16312,-3.55E-05
0.1632,-3.48E-05
0.16328,-3.41E-05
0.16336,-3.33E-05
0.16344,-3.26E-05
0.16352,-3.19E-05
0.16359,-3.12E-05
0.16367,-3.04E-05
0.16375,-2.97E-05
0.16383,-2.90E-05
0.16391,-2.82E-05
0.16398,-2.75E-05
0.16406,-2.67E-05
0.16414,-2.60E-05
0.16422,-2.52E-05
0.1643,-2.45E-05
0.16437,-2.37E-05
0.16445,-2.30E-05
0.16453,-2.22E-05
0.16461,-2.15E-05
0.16469,-2.07E-05
0.16477,-1.99E-05
0.16484,-1.92E-05
0.16492,-1.84E-05
0.165,-1.76E-05
0.16508,-1.68E-05
0.16516,-1.61E-05
0.16523,-1.53E-05
0.16531,-1.45E-05
0.16539,-1.37E-05
0.16547,-1.29E-05
0.16555,-1.21E-05
0.16562,-1.14E-05
0.1657,-1.06E-05
0.16578,-9.77E-06
0.16586,-8.99E-06
0.16594,-8.19E-06
0.16602,-7.40E-06
0.16609,-6.61E-06
0.16617,-5.82E-06
0.16625,-5.03E-06
0.16633,-4.23E-06
0.16641,-3.44E-06
0.16648,-2.64E-06
0.16656,-1.84E-06
0.16664,-1.05E-06
0.16672,-2.54E-07
0.1668,5.42E-07
0.16687,1.34E-06
0.16695,2.13E-06
0.16703,2.93E-06
0.16711,3.72E-06
0.16719,4.51E-06
0.16727,5.31E-06
0.16734,6.10E-06
0.16742,6.89E-06
0.1675,7.69E-06
0.16758,8.48E-06
0.16766,9.26E-06
0.16773,1.01E-05
0.16781,1.08E-05
0.16789,1.16E-05
0.16797,1.24E-05
0.16805,1.32E-05
0.16812,1.40E-05
0.1682,1.48E-05
0.16828,1.55E-05
0.16836,1.63E-05
0.16844,1.71E-05
0.16852,1.79E-05
0.16859,1.86E-05
0.16867,1.94E-05
0.16875,2.02E-05
0.16883,2.10E-05
0.16891,2.17E-05
0.16898,2.25E-05
0.16906,2.32E-05
0.16914,2.40E-05
0.16922,2.47E-05
0.1693,2.55E-05
0.16937,2.62E-05
0.16945,2.70E-05
0.16953,2.77E-05
0.16961,2.85E-05
0.16969,2.92E-05
0.16977,3.00E-05
0.16984,3.07E-05
0.16992,3.14E-05
0.17,3.21E-05
0.17008,3.29E-05
0.17016,3.36E-05
0.17023,3.43E-05
0.17031,3.50E-05
0.17039,3.57E-05
0.17047,3.64E-05
0.17055,3.71E-05
0.17062,3.78E-05
0.1707,3.85E-05
0.17078,3.92E-05
0.17086,3.99E-05
0.17094,4.06E-05
0.17102,4.12E-05
0.17109,4.19E-05
0.17117,4.26E-05
0.17125,4.32E-05
0.17133,4.39E-05
0.17141,4.46E-05
0.17148,4.52E-05
0.17156,4.59E-05
0.17164,4.65E-05
0.17172,4.71E-05
0.1718,4.78E-05
0.17188,4.84E-05
0.17195,4.90E-05
0.17203,4.96E-05
0.17211,5.02E-05
0.17219,5.09E-05
0.17227,5.15E-05
0.17234,5.21E-05
0.17242,5.26E-05
0.1725,5.32E-05
0.17258,5.38E-05
0.17266,5.44E-05
0.17273,5.50E-05
0.17281,5.55E-05
0.17289,5.61E-05
0.17297,5.66E-05
0.17305,5.72E-05
0.17313,5.77E-05
0.1732,5.83E-05
0.17328,5.88E-05
0.17336,5.93E-05
0.17344,5.98E-05
0.17352,6.03E-05
0.17359,6.08E-05
0.17367,6.13E-05
0.17375,6.18E-05
0.17383,6.23E-05
0.17391,6.28E-05
0.17398,6.33E-05
0.17406,6.37E-05
0.17414,6.42E-05
0.17422,6.47E-05
0.1743,6.51E-05
0.17438,6.56E-05
0.17445,6.60E-05
0.17453,6.64E-05
0.17461,6.68E-05
0.17469,6.73E-05
0.17477,6.77E-05
0.17484,6.81E-05
0.17492,6.85E-05
0.175,6.89E-05
0.17508,6.92E-05
0.17516,6.96E-05
0.17523,7.00E-05
0.17531,7.04E-05
0.17539,7.07E-05
0.17547,7.10E-05
0.17555,7.14E-05
0.17563,7.17E-05
0.1757,7.20E-05
0.17578,7.24E-05
0.17586,7.27E-05
0.17594,7.30E-05
0.17602,7.33E-05
0.17609,7.36E-05
0.17617,7.38E-05
0.17625,7.41E-05
0.17633,7.44E-05
0.17641,7.47E-05
0.17648,7.49E-05
0.17656,7.52E-05
0.17664,7.54E-05
0.17672,7.56E-05
0.1768,7.58E-05
0.17688,7.61E-05
0.17695,7.63E-05
0.17703,7.65E-05
0.17711,7.67E-05
0.17719,7.69E-05
0.17727,7.70E-05
0.17734,7.72E-05
0.17742,7.74E-05
0.1775,7.75E-05
0.17758,7.77E-05
0.17766,7.78E-05
0.17773,7.79E-05
0.17781,7.81E-05
0.17789,7.82E-05
0.17797,7.83E-05
0.17805,7.84E-05
0.17813,7.85E-05
0.1782,7.86E-05
0.17828,7.87E-05
0.17836,7.87E-05
0.17844,7.88E-05
0.17852,7.88E-05
0.17859,7.89E-05
0.17867,7.89E-05
0.17875,7.90E-05
0.17883,7.90E-05
0.17891,7.90E-05
0.17898,7.90E-05
0.17906,7.90E-05
0.17914,7.90E-05
0.17922,7.90E-05
0.1793,7.90E-05
0.17938,7.89E-05
0.17945,7.89E-05
0.17953,7.89E-05
0.17961,7.88E-05
0.17969,7.88E-05
0.17977,7.87E-05
0.17984,7.86E-05
0.17992,7.85E-05
0.18,7.84E-05
0.18008,7.83E-05
0.18016,7.82E-05
0.18023,7.81E-05
0.18031,7.80E-05
0.18039,7.79E-05
0.18047,7.77E-05
0.18055,7.76E-05
0.18063,7.75E-05
0.1807,7.73E-05
0.18078,7.71E-05
0.18086,7.70E-05
0.18094,7.68E-05
0.18102,7.66E-05
0.18109,7.64E-05
0.18117,7.62E-05
0.18125,7.60E-05
0.18133,7.58E-05
0.18141,7.56E-05
0.18148,7.53E-05
0.18156,7.51E-05
0.18164,7.48E-05
0.18172,7.46E-05
0.1818,7.43E-05
0.18188,7.41E-05
0.18195,7.38E-05
0.18203,7.35E-05
0.18211,7.32E-05
0.18219,7.29E-05
0.18227,7.26E-05
0.18234,7.23E-05
0.18242,7.20E-05
0.1825,7.17E-05
0.18258,7.14E-05
0.18266,7.10E-05
0.18273,7.07E-05
0.18281,7.03E-05
0.18289,7.00E-05
0.18297,6.96E-05
0.18305,6.93E-05
0.18313,6.89E-05
0.1832,6.85E-05
0.18328,6.81E-05
0.18336,6.77E-05
0.18344,6.73E-05
0.18352,6.69E-05
0.18359,6.65E-05
0.18367,6.61E-05
0.18375,6.56E-05
0.18383,6.52E-05
0.18391,6.48E-05
0.18398,6.43E-05
0.18406,6.39E-05
0.18414,6.34E-05
0.18422,6.30E-05
0.1843,6.25E-05
0.18438,6.20E-05
0.18445,6.16E-05
0.18453,6.11E-05
0.18461,6.06E-05
0.18469,6.01E-05
0.18477,5.96E-05
0.18484,5.91E-05
0.18492,5.86E-05
0.185,5.81E-05
0.18508,5.75E-05
0.18516,5.70E-05
0.18523,5.65E-05
0.18531,5.59E-05
0.18539,5.54E-05
0.18547,5.48E-05
0.18555,5.43E-05
0.18563,5.37E-05
0.1857,5.32E-05
0.18578,5.26E-05
0.18586,5.20E-05
0.18594,5.15E-05
0.18602,5.09E-05
0.18609,5.03E-05
0.18617,4.97E-05
0.18625,4.91E-05
0.18633,4.85E-05
0.18641,4.79E-05
0.18648,4.73E-05
0.18656,4.67E-05
0.18664,4.61E-05
0.18672,4.55E-05
0.1868,4.48E-05
0.18688,4.42E-05
0.18695,4.36E-05
0.18703,4.30E-05
0.18711,4.23E-05
0.18719,4.17E-05
0.18727,4.10E-05
0.18734,4.04E-05
0.18742,3.97E-05
0.1875,3.91E-05
0.18758,3.84E-05
0.18766,3.78E-05
0.18773,3.71E-05
0.18781,3.64E-05
0.18789,3.58E-05
0.18797,3.51E-05
0.18805,3.44E-05
0.18812,3.37E-05
0.1882,3.31E-05
0.18828,3.24E-05
0.18836,3.17E-05
0.18844,3.10E-05
0.18852,3.03E-05
0.18859,2.96E-05
0.18867,2.89E-05
0.18875,2.82E-05
0.18883,2.75E-05
0.18891,2.68E-05
0.18898,2.61E-05
0.18906,2.54E-05
0.18914,2.47E-05
0.18922,2.40E-05
0.1893,2.33E-05
0.18937,2.26E-05
0.18945,2.19E-05
0.18953,2.11E-05
0.18961,2.04E-05
0.18969,1.97E-05
0.18977,1.90E-05
0.18984,1.83E-05
0.18992,1.75E-05
0.19,1.68E-05
0.19008,1.61E-05
0.19016,1.54E-05
0.19023,1.47E-05
0.19031,1.39E-05
0.19039,1.32E-05
0.19047,1.25E-05
0.19055,1.18E-05
0.19062,1.10E-05
0.1907,1.03E-05
0.19078,9.57E-06
0.19086,8.84E-06
0.19094,8.11E-06
0.19102,7.38E-06
0.19109,6.65E-06
0.19117,5.93E-06
0.19125,5.20E-06
0.19133,4.47E-06
0.19141,3.74E-06
0.19148,3.02E-06
0.19156,2.29E-06
0.19164,1.57E-06
0.19172,8.40E-07
0.1918,1.17E-07
0.19187,-6.07E-07
0.19195,-1.33E-06
0.19203,-2.05E-06
0.19211,-2.77E-06
0.19219,-3.49E-06
0.19227,-4.21E-06
0.19234,-4.93E-06
0.19242,-5.64E-06
0.1925,-6.36E-06
0.19258,-7.07E-06
0.19266,-7.78E-06
0.19273,-8.49E-06
0.19281,-9.20E-06
0.19289,-9.91E-06
0.19297,-1.06E-05
0.19305,-1.13E-05
0.19312,-1.20E-05
0.1932,-1.27E-05
0.19328,-1.34E-05
0.19336,-1.41E-05
0.19344,-1.48E-05
0.19352,-1.55E-05
0.19359,-1.62E-05
0.19367,-1.69E-05
0.19375,-1.75E-05
0.19383,-1.82E-05
0.19391,-1.89E-05
0.19398,-1.96E-05
0.19406,-2.02E-05
0.19414,-2.09E-05
0.19422,-2.16E-05
0.1943,-2.22E-05
0.19437,-2.29E-05
0.19445,-2.36E-05
0.19453,-2.42E-05
0.19461,-2.49E-05
0.19469,-2.55E-05
0.19477,-2.62E-05
0.19484,-2.68E-05
0.19492,-2.74E-05
0.195,-2.81E-05
0.19508,-2.87E-05
0.19516,-2.93E-05
0.19523,-3.00E-05
0.19531,-3.06E-05
0.19539,-3.12E-05
0.19547,-3.18E-05
0.19555,-3.24E-05
0.19562,-3.30E-05
0.1957,-3.36E-05
0.19578,-3.42E-05
0.19586,-3.48E-05
0.19594,-3.54E-05
0.19602,-3.60E-05
0.19609,-3.65E-05
0.19617,-3.71E-05
0.19625,-3.77E-05
0.19633,-3.82E-05
0.19641,-3.88E-05
0.19648,-3.94E-05
0.19656,-3.99E-05
0.19664,-4.05E-05
0.19672,-4.10E-05
0.1968,-4.15E-05
0.19687,-4.21E-05
0.19695,-4.26E-05
0.19703,-4.31E-05
0.19711,-4.36E-05
0.19719,-4.41E-05
0.19727,-4.46E-05
0.19734,-4.51E-05
0.19742,-4.56E-05
0.1975,-4.61E-05
0.19758,-4.66E-05
0.19766,-4.71E-05
0.19773,-4.76E-05
0.19781,-4.80E-05
0.19789,-4.85E-05
0.19797,-4.90E-05
0.19805,-4.94E-05
0.19812,-4.99E-05
0.1982,-5.03E-05
0.19828,-5.07E-05
0.19836,-5.12E-05
0.19844,-5.16E-05
0.19852,-5.20E-05
0.19859,-5.24E-05
0.19867,-5.28E-05
0.19875,-5.32E-05
0.19883,-5.36E-05
0.19891,-5.40E-05
0.19898,-5.44E-05
0.19906,-5.48E-05
0.19914,-5.51E-05
0.19922,-5.55E-05
0.1993,-5.59E-05
0.19937,-5.62E-05
0.19945,-5.66E-05
0.19953,-5.69E-05
0.19961,-5.72E-05
0.19969,-5.75E-05
0.19977,-5.79E-05
0.19984,-5.82E-05
0.19992,-5.85E-05
0.2,-5.88E-05
0.20008,-5.91E-05
0.20016,-5.94E-05
0.20023,-5.96E-05
0.20031,-5.99E-05
0.20039,-6.02E-05
0.20047,-6.05E-05
0.20055,-6.07E-05
0.20062,-6.10E-05
0.2007,-6.12E-05
0.20078,-6.14E-05
0.20086,-6.17E-05
0.20094,-6.19E-05
0.20102,-6.21E-05
0.20109,-6.23E-05
0.20117,-6.25E-05
0.20125,-6.27E-05
0.20133,-6.29E-05
0.20141,-6.31E-05
0.20148,-6.32E-05
0.20156,-6.34E-05
0.20164,-6.36E-05
0.20172,-6.37E-05
0.2018,-6.39E-05
0.20187,-6.40E-05
0.20195,-6.41E-05
0.20203,-6.43E-05
0.20211,-6.44E-05
0.20219,-6.45E-05
0.20227,-6.46E-05
0.20234,-6.47E-05
0.20242,-6.48E-05
0.2025,-6.49E-05
0.20258,-6.49E-05
0.20266,-6.50E-05
0.20273,-6.51E-05
0.20281,-6.51E-05
0.20289,-6.52E-05
0.20297,-6.52E-05
0.20305,-6.53E-05
0.20312,-6.53E-05
0.2032,-6.53E-05
0.20328,-6.53E-05
0.20336,-6.53E-05
0.20344,-6.53E-05
0.20352,-6.53E-05
0.20359,-6.53E-05
0.20367,-6.53E-05
0.20375,-6.53E-05
0.20383,-6.52E-05
0.20391,-6.52E-05
0.20398,-6.51E-05
0.20406,-6.51E-05
0.20414,-6.50E-05
0.20422,-6.50E-05
0.2043,-6.49E-05
0.20438,-6.48E-05
0.20445,-6.47E-05
0.20453,-6.46E-05
0.20461,-6.45E-05
0.20469,-6.44E-05
0.20477,-6.43E-05
0.20484,-6.42E-05
0.20492,-6.41E-05
0.205,-6.39E-05
0.20508,-6.38E-05
0.20516,-6.36E-05
0.20523,-6.35E-05
0.20531,-6.33E-05
0.20539,-6.32E-05
0.20547,-6.30E-05
0.20555,-6.28E-05
0.20563,-6.26E-05
0.2057,-6.24E-05
0.20578,-6.22E-05
0.20586,-6.20E-05
0.20594,-6.18E-05
0.20602,-6.16E-05
0.20609,-6.14E-05
0.20617,-6.12E-05
0.20625,-6.09E-05
0.20633,-6.07E-05
0.20641,-6.04E-05
0.20648,-6.02E-05
0.20656,-5.99E-05
0.20664,-5.97E-05
0.20672,-5.94E-05
0.2068,-5.91E-05
0.20688,-5.88E-05
0.20695,-5.85E-05
0.20703,-5.82E-05
0.20711,-5.79E-05
0.20719,-5.76E-05
0.20727,-5.73E-05
0.20734,-5.70E-05
0.20742,-5.67E-05
0.2075,-5.64E-05
0.20758,-5.60E-05
0.20766,-5.57E-05
0.20773,-5.53E-05
0.20781,-5.50E-05
0.20789,-5.46E-05
0.20797,-5.43E-05
0.20805,-5.39E-05
0.20813,-5.35E-05
0.2082,-5.32E-05
0.20828,-5.28E-05
0.20836,-5.24E-05
0.20844,-5.20E-05
0.20852,-5.16E-05
0.20859,-5.12E-05
0.20867,-5.08E-05
0.20875,-5.04E-05
0.20883,-5.00E-05
0.20891,-4.95E-05
0.20898,-4.91E-05
0.20906,-4.87E-05
0.20914,-4.83E-05
0.20922,-4.78E-05
0.2093,-4.74E-05
0.20938,-4.69E-05
0.20945,-4.65E-05
0.20953,-4.60E-05
0.20961,-4.55E-05
0.20969,-4.51E-05
0.20977,-4.46E-05
0.20984,-4.41E-05
0.20992,-4.37E-05
0.21,-4.32E-05
0.21008,-4.27E-05
0.21016,-4.22E-05
0.21023,-4.17E-05
0.21031,-4.12E-05
0.21039,-4.07E-05
0.21047,-4.02E-05
0.21055,-3.97E-05
0.21063,-3.92E-05
0.2107,-3.87E-05
0.21078,-3.82E-05
0.21086,-3.76E-05
0.21094,-3.71E-05
0.21102,-3.66E-05
0.21109,-3.61E-05
0.21117,-3.55E-05
0.21125,-3.50E-05
0.21133,-3.44E-05
0.21141,-3.39E-05
0.21148,-3.34E-05
0.21156,-3.28E-05
0.21164,-3.23E-05
0.21172,-3.17E-05
0.2118,-3.12E-05
0.21188,-3.06E-05
0.21195,-3.00E-05
0.21203,-2.95E-05
0.21211,-2.89E-05
0.21219,-2.83E-05
0.21227,-2.78E-05
0.21234,-2.72E-05
0.21242,-2.66E-05
0.2125,-2.61E-05
0.21258,-2.55E-05
0.21266,-2.49E-05
0.21273,-2.43E-05
0.21281,-2.37E-05
0.21289,-2.32E-05
0.21297,-2.26E-05
0.21305,-2.20E-05
0.21313,-2.14E-05
0.2132,-2.08E-05
0.21328,-2.02E-05
0.21336,-1.96E-05
0.21344,-1.90E-05
0.21352,-1.84E-05
0.21359,-1.78E-05
0.21367,-1.73E-05
0.21375,-1.67E-05
0.21383,-1.61E-05
0.21391,-1.55E-05
0.21398,-1.49E-05
0.21406,-1.43E-05
0.21414,-1.37E-05
0.21422,-1.31E-05
0.2143,-1.25E-05
0.21438,-1.19E-05
0.21445,-1.13E-05
0.21453,-1.07E-05
0.21461,-1.01E-05
0.21469,-9.45E-06
0.21477,-8.85E-06
0.21484,-8.25E-06
0.21492,-7.65E-06
0.215,-7.05E-06
0.21508,-6.45E-06
0.21516,-5.84E-06
0.21523,-5.24E-06
0.21531,-4.65E-06
0.21539,-4.05E-06
0.21547,-3.45E-06
0.21555,-2.85E-06
0.21563,-2.26E-06
0.2157,-1.66E-06
0.21578,-1.07E-06
0.21586,-4.71E-07
0.21594,1.23E-07
0.21602,7.15E-07
0.21609,1.31E-06
0.21617,1.90E-06
0.21625,2.48E-06
0.21633,3.07E-06
0.21641,3.66E-06
0.21648,4.24E-06
0.21656,4.82E-06
0.21664,5.41E-06
0.21672,5.98E-06
0.2168,6.56E-06
0.21688,7.14E-06
0.21695,7.71E-06
0.21703,8.29E-06
0.21711,8.86E-06
0.21719,9.42E-06
0.21727,9.99E-06
0.21734,1.06E-05
0.21742,1.11E-05
0.2175,1.17E-05
0.21758,1.22E-05
0.21766,1.28E-05
0.21773,1.33E-05
0.21781,1.39E-05
0.21789,1.44E-05
0.21797,1.50E-05
0.21805,1.55E-05
0.21813,1.61E-05
0.2182,1.66E-05
0.21828,1.71E-05
0.21836,1.77E-05
0.21844,1.82E-05
0.21852,1.87E-05
0.21859,1.92E-05
0.21867,1.98E-05
0.21875,2.03E-05
0.21883,2.08E-05
0.21891,2.13E-05
0.21898,2.18E-05
0.21906,2.23E-05
0.21914,2.28E-05
0.21922,2.33E-05
0.2193,2.38E-05
0.21937,2.43E-05
0.21945,2.47E-05
0.21953,2.52E-05
0.21961,2.57E-05
0.21969,2.62E-05
0.21977,2.66E-05
0.21984,2.71E-05
0.21992,2.76E-05
0.22,2.80E-05
0.22008,2.85E-05
0.22016,2.89E-05
0.22023,2.94E-05
0.22031,2.98E-05
0.22039,3.02E-05
0.22047,3.07E-05
0.22055,3.11E-05
0.22062,3.15E-05
0.2207,3.19E-05
0.22078,3.24E-05
0.22086,3.28E-05
0.22094,3.32E-05
0.22102,3.36E-05
0.22109,3.40E-05
0.22117,3.44E-05
0.22125,3.47E-05
0.22133,3.51E-05
0.22141,3.55E-05
0.22148,3.59E-05
0.22156,3.62E-05
0.22164,3.66E-05
0.22172,3.70E-05
0.2218,3.73E-05
0.22187,3.77E-05
0.22195,3.80E-05
0.22203,3.83E-05
0.22211,3.87E-05
0.22219,3.90E-05
0.22227,3.93E-05
0.22234,3.96E-05
0.22242,3.99E-05
0.2225,4.02E-05
0.22258,4.05E-05
0.22266,4.08E-05
0.22273,4.11E-05
0.22281,4.14E-05
0.22289,4.17E-05
0.22297,4.20E-05
0.22305,4.22E-05
0.22312,4.25E-05
0.2232,4.27E-05
0.22328,4.30E-05
0.22336,4.32E-05
0.22344,4.35E-05
0.22352,4.37E-05
0.22359,4.39E-05
0.22367,4.42E-05
0.22375,4.44E-05
0.22383,4.46E-05
0.22391,4.48E-05
0.22398,4.50E-05
0.22406,4.52E-05
0.22414,4.54E-05
0.22422,4.56E-05
0.2243,4.57E-05
0.22437,4.59E-05
0.22445,4.61E-05
0.22453,4.62E-05
0.22461,4.64E-05
0.22469,4.65E-05
0.22477,4.67E-05
0.22484,4.68E-05
0.22492,4.69E-05
0.225,4.70E-05
0.22508,4.72E-05
0.22516,4.73E-05
0.22523,4.74E-05
0.22531,4.75E-05
0.22539,4.76E-05
0.22547,4.77E-05
0.22555,4.77E-05
0.22562,4.78E-05
0.2257,4.79E-05
0.22578,4.80E-05
0.22586,4.80E-05
0.22594,4.81E-05
0.22602,4.81E-05
0.22609,4.82E-05
0.22617,4.82E-05
0.22625,4.82E-05
0.22633,4.82E-05
0.22641,4.83E-05
0.22648,4.83E-05
0.22656,4.83E-05
0.22664,4.83E-05
0.22672,4.83E-05
0.2268,4.82E-05
0.22687,4.82E-05
0.22695,4.82E-05
0.22703,4.82E-05
0.22711,4.81E-05
0.22719,4.81E-05
0.22727,4.80E-05
0.22734,4.80E-05
0.22742,4.79E-05
0.2275,4.79E-05
0.22758,4.78E-05
0.22766,4.77E-05
0.22773,4.76E-05
0.22781,4.75E-05
0.22789,4.74E-05
0.22797,4.73E-05
0.22805,4.72E-05
0.22812,4.71E-05
0.2282,4.70E-05
0.22828,4.69E-05
0.22836,4.67E-05
0.22844,4.66E-05
0.22852,4.65E-05
0.22859,4.63E-05
0.22867,4.61E-05
0.22875,4.60E-05
0.22883,4.58E-05
0.22891,4.57E-05
0.22898,4.55E-05
0.22906,4.53E-05
0.22914,4.51E-05
0.22922,4.49E-05
0.2293,4.47E-05
0.22937,4.45E-05
0.22945,4.43E-05
0.22953,4.41E-05
0.22961,4.39E-05
0.22969,4.37E-05
0.22977,4.34E-05
0.22984,4.32E-05
0.22992,4.30E-05
0.23,4.27E-05
0.23008,4.25E-05
0.23016,4.22E-05
0.23023,4.19E-05
0.23031,4.17E-05
0.23039,4.14E-05
0.23047,4.11E-05
0.23055,4.08E-05
0.23062,4.06E-05
0.2307,4.03E-05
0.23078,4.00E-05
0.23086,3.97E-05
0.23094,3.94E-05
0.23102,3.91E-05
0.23109,3.87E-05
0.23117,3.84E-05
0.23125,3.81E-05
0.23133,3.78E-05
0.23141,3.74E-05
0.23148,3.71E-05
0.23156,3.68E-05
0.23164,3.64E-05
0.23172,3.61E-05
0.2318,3.57E-05
0.23187,3.53E-05
0.23195,3.50E-05
0.23203,3.46E-05
0.23211,3.42E-05
0.23219,3.39E-05
0.23227,3.35E-05
0.23234,3.31E-05
0.23242,3.27E-05
0.2325,3.23E-05
0.23258,3.19E-05
0.23266,3.15E-05
0.23273,3.11E-05
0.23281,3.07E-05
0.23289,3.03E-05
0.23297,2.99E-05
0.23305,2.95E-05
0.23312,2.90E-05
0.2332,2.86E-05
0.23328,2.82E-05
0.23336,2.78E-05
0.23344,2.73E-05
0.23352,2.69E-05
0.23359,2.64E-05
0.23367,2.60E-05
0.23375,2.55E-05
0.23383,2.51E-05
0.23391,2.46E-05
0.23398,2.42E-05
0.23406,2.37E-05
0.23414,2.33E-05
0.23422,2.28E-05
0.2343,2.23E-05
0.23438,2.18E-05
0.23445,2.14E-05
0.23453,2.09E-05
0.23461,2.04E-05
0.23469,1.99E-05
0.23477,1.94E-05
0.23484,1.90E-05
0.23492,1.85E-05
0.235,1.80E-05
0.23508,1.75E-05
0.23516,1.70E-05
0.23523,1.65E-05
0.23531,1.60E-05
0.23539,1.55E-05
0.23547,1.50E-05
0.23555,1.45E-05
0.23563,1.40E-05
0.2357,1.34E-05
0.23578,1.29E-05
0.23586,1.24E-05
0.23594,1.19E-05
0.23602,1.14E-05
0.23609,1.09E-05
0.23617,1.03E-05
0.23625,9.82E-06
0.23633,9.29E-06
0.23641,8.77E-06
0.23648,8.24E-06
0.23656,7.72E-06
0.23664,7.19E-06
0.23672,6.66E-06
0.2368,6.13E-06
0.23688,5.60E-06
0.23695,5.06E-06
0.23703,4.53E-06
0.23711,4.00E-06
0.23719,3.46E-06
0.23727,2.93E-06
0.23734,2.39E-06
0.23742,1.86E-06
0.2375,1.32E-06
0.23758,7.82E-07
0.23766,2.44E-07
0.23773,-2.93E-07
0.23781,-8.33E-07
0.23789,-1.37E-06
0.23797,-1.91E-06
0.23805,-2.45E-06
0.23813,-2.99E-06
0.2382,-3.52E-06
0.23828,-4.06E-06
0.23836,-4.60E-06
0.23844,-5.14E-06
0.23852,-5.68E-06
0.23859,-6.21E-06
0.23867,-6.75E-06
0.23875,-7.29E-06
0.23883,-7.82E-06
0.23891,-8.36E-06
0.23898,-8.89E-06
0.23906,-9.43E-06
0.23914,-9.96E-06
0.23922,-1.05E-05
0.2393,-1.10E-05
0.23938,-1.16E-05
0.23945,-1.21E-05
0.23953,-1.26E-05
0.23961,-1.31E-05
0.23969,-1.37E-05
0.23977,-1.42E-05
0.23984,-1.47E-05
0.23992,-1.53E-05
0.24,-1.58E-05
0.24008,-1.63E-05
0.24016,-1.68E-05
0.24023,-1.73E-05
0.24031,-1.78E-05
0.24039,-1.84E-05
0.24047,-1.89E-05
0.24055,-1.94E-05
0.24063,-1.99E-05
0.2407,-2.04E-05
0.24078,-2.09E-05
0.24086,-2.14E-05
0.24094,-2.19E-05
0.24102,-2.24E-05
0.24109,-2.29E-05
0.24117,-2.34E-05
0.24125,-2.39E-05
0.24133,-2.44E-05
0.24141,-2.49E-05
0.24148,-2.54E-05
0.24156,-2.59E-05
0.24164,-2.63E-05
0.24172,-2.68E-05
0.2418,-2.73E-05
0.24188,-2.78E-05
0.24195,-2.83E-05
0.24203,-2.87E-05
0.24211,-2.92E-05
0.24219,-2.97E-05
0.24227,-3.01E-05
0.24234,-3.06E-05
0.24242,-3.10E-05
0.2425,-3.15E-05
0.24258,-3.19E-05
0.24266,-3.24E-05
0.24273,-3.28E-05
0.24281,-3.33E-05
0.24289,-3.37E-05
0.24297,-3.41E-05
0.24305,-3.46E-05
0.24313,-3.50E-05
0.2432,-3.54E-05
0.24328,-3.59E-05
0.24336,-3.63E-05
0.24344,-3.67E-05
0.24352,-3.71E-05
0.24359,-3.75E-05
0.24367,-3.79E-05
0.24375,-3.83E-05
0.24383,-3.87E-05
0.24391,-3.91E-05
0.24398,-3.95E-05
0.24406,-3.99E-05
0.24414,-4.03E-05
0.24422,-4.06E-05
0.2443,-4.10E-05
0.24438,-4.14E-05
0.24445,-4.18E-05
0.24453,-4.21E-05
0.24461,-4.25E-05
0.24469,-4.28E-05
0.24477,-4.32E-05
0.24484,-4.35E-05
0.24492,-4.39E-05
0.245,-4.42E-05
0.24508,-4.45E-05
0.24516,-4.49E-05
0.24523,-4.52E-05
0.24531,-4.55E-05
0.24539,-4.58E-05
0.24547,-4.62E-05
0.24555,-4.65E-05
0.24563,-4.68E-05
0.2457,-4.71E-05
0.24578,-4.74E-05
0.24586,-4.77E-05
0.24594,-4.79E-05
0.24602,-4.82E-05
0.24609,-4.85E-05
0.24617,-4.88E-05
0.24625,-4.90E-05
0.24633,-4.93E-05
0.24641,-4.96E-05
0.24648,-4.98E-05
0.24656,-5.01E-05
0.24664,-5.03E-05
0.24672,-5.06E-05
0.2468,-5.08E-05
0.24688,-5.10E-05
0.24695,-5.13E-05
0.24703,-5.15E-05
0.24711,-5.17E-05
0.24719,-5.19E-05
0.24727,-5.21E-05
0.24734,-5.23E-05
0.24742,-5.25E-05
0.2475,-5.27E-05
0.24758,-5.29E-05
0.24766,-5.31E-05
0.24773,-5.33E-05
0.24781,-5.34E-05
0.24789,-5.36E-05
0.24797,-5.38E-05
0.24805,-5.39E-05
0.24813,-5.41E-05
0.2482,-5.42E-05
0.24828,-5.44E-05
0.24836,-5.45E-05
0.24844,-5.46E-05
0.24852,-5.48E-05
0.24859,-5.49E-05
0.24867,-5.50E-05
0.24875,-5.51E-05
0.24883,-5.52E-05
0.24891,-5.53E-05
0.24898,-5.54E-05
0.24906,-5.55E-05
0.24914,-5.56E-05
0.24922,-5.57E-05
0.2493,-5.58E-05
0.24938,-5.58E-05
0.24945,-5.59E-05
0.24953,-5.60E-05
0.24961,-5.60E-05
0.24969,-5.61E-05
0.24977,-5.61E-05
0.24984,-5.62E-05
0.24992,-5.62E-05
0.25,-5.62E-05
0.25008,-5.63E-05
0.25016,-5.63E-05
0.25023,-5.63E-05
0.25031,-5.63E-05
0.25039,-5.63E-05
0.25047,-5.63E-05
0.25055,-5.63E-05
0.25062,-5.63E-05
0.2507,-5.63E-05
0.25078,-5.63E-05
0.25086,-5.63E-05
0.25094,-5.62E-05
0.25102,-5.62E-05
0.25109,-5.62E-05
0.25117,-5.61E-05
0.25125,-5.61E-05
0.25133,-5.60E-05
0.25141,-5.60E-05
0.25148,-5.59E-05
0.25156,-5.58E-05
0.25164,-5.58E-05
0.25172,-5.57E-05
0.2518,-5.56E-05
0.25188,-5.55E-05
0.25195,-5.54E-05
0.25203,-5.53E-05
0.25211,-5.52E-05
0.25219,-5.51E-05
0.25227,-5.50E-05
0.25234,-5.49E-05
0.25242,-5.48E-05
0.2525,-5.46E-05
0.25258,-5.45E-05
0.25266,-5.44E-05
0.25273,-5.42E-05
0.25281,-5.41E-05
0.25289,-5.39E-05
0.25297,-5.38E-05
0.25305,-5.36E-05
0.25312,-5.35E-05
0.2532,-5.33E-05
0.25328,-5.31E-05
0.25336,-5.30E-05
0.25344,-5.28E-05
0.25352,-5.26E-05
0.25359,-5.24E-05
0.25367,-5.22E-05
0.25375,-5.20E-05
0.25383,-5.18E-05
0.25391,-5.16E-05
0.25398,-5.14E-05
0.25406,-5.12E-05
0.25414,-5.10E-05
0.25422,-5.07E-05
0.2543,-5.05E-05
0.25438,-5.03E-05
0.25445,-5.00E-05
0.25453,-4.98E-05
0.25461,-4.96E-05
0.25469,-4.93E-05
0.25477,-4.91E-05
0.25484,-4.88E-05
0.25492,-4.86E-05
0.255,-4.83E-05
0.25508,-4.80E-05
0.25516,-4.78E-05
0.25523,-4.75E-05
0.25531,-4.72E-05
0.25539,-4.69E-05
0.25547,-4.66E-05
0.25555,-4.63E-05
0.25562,-4.61E-05
0.2557,-4.58E-05
0.25578,-4.55E-05
0.25586,-4.52E-05
0.25594,-4.48E-05
0.25602,-4.45E-05
0.25609,-4.42E-05
0.25617,-4.39E-05
0.25625,-4.36E-05
0.25633,-4.33E-05
0.25641,-4.29E-05
0.25648,-4.26E-05
0.25656,-4.23E-05
0.25664,-4.19E-05
0.25672,-4.16E-05
0.2568,-4.13E-05
0.25688,-4.09E-05
0.25695,-4.06E-05
0.25703,-4.02E-05
0.25711,-3.99E-05
0.25719,-3.95E-05
0.25727,-3.92E-05
0.25734,-3.88E-05
0.25742,-3.84E-05
0.2575,-3.81E-05
0.25758,-3.77E-05
0.25766,-3.73E-05
0.25773,-3.70E-05
0.25781,-3.66E-05
0.25789,-3.62E-05
0.25797,-3.58E-05
0.25805,-3.54E-05
0.25812,-3.51E-05
0.2582,-3.47E-05
0.25828,-3.43E-05
0.25836,-3.39E-05
0.25844,-3.35E-05
0.25852,-3.31E-05
0.25859,-3.27E-05
0.25867,-3.23E-05
0.25875,-3.19E-05
0.25883,-3.15E-05
0.25891,-3.11E-05
0.25898,-3.07E-05
0.25906,-3.03E-05
0.25914,-2.99E-05
0.25922,-2.95E-05
0.2593,-2.90E-05
0.25938,-2.86E-05
0.25945,-2.82E-05
0.25953,-2.78E-05
0.25961,-2.74E-05
0.25969,-2.70E-05
0.25977,-2.65E-05
0.25984,-2.61E-05
0.25992,-2.57E-05
0.26,-2.53E-05
0.26008,-2.48E-05
0.26016,-2.44E-05
0.26023,-2.40E-05
0.26031,-2.36E-05
0.26039,-2.31E-05
0.26047,-2.27E-05
0.26055,-2.23E-05
0.26062,-2.18E-05
0.2607,-2.14E-05
0.26078,-2.10E-05
0.26086,-2.05E-05
0.26094,-2.01E-05
0.26102,-1.97E-05
0.26109,-1.92E-05
0.26117,-1.88E-05
0.26125,-1.84E-05
0.26133,-1.79E-05
0.26141,-1.75E-05
0.26148,-1.70E-05
0.26156,-1.66E-05
0.26164,-1.62E-05
0.26172,-1.57E-05
0.2618,-1.53E-05
0.26188,-1.49E-05
0.26195,-1.44E-05
0.26203,-1.40E-05
0.26211,-1.36E-05
0.26219,-1.31E-05
0.26227,-1.27E-05
0.26234,-1.22E-05
0.26242,-1.18E-05
0.2625,-1.14E-05
0.26258,-1.09E-05
0.26266,-1.05E-05
0.26273,-1.01E-05
0.26281,-9.64E-06
0.26289,-9.21E-06
0.26297,-8.77E-06
0.26305,-8.34E-06
0.26312,-7.91E-06
0.2632,-7.48E-06
0.26328,-7.06E-06
0.26336,-6.63E-06
0.26344,-6.20E-06
0.26352,-5.78E-06
0.26359,-5.35E-06
0.26367,-4.93E-06
0.26375,-4.51E-06
0.26383,-4.08E-06
0.26391,-3.66E-06
0.26398,-3.25E-06
0.26406,-2.83E-06
0.26414,-2.41E-06
0.26422,-2.00E-06
0.2643,-1.58E-06
0.26438,-1.17E-06
0.26445,-7.60E-07
0.26453,-3.51E-07
0.26461,5.58E-08
0.26469,4.63E-07
0.26477,8.67E-07
0.26484,1.27E-06
0.26492,1.67E-06
0.265,2.07E-06
0.26508,2.47E-06
0.26516,2.86E-06
0.26523,3.26E-06
0.26531,3.65E-06
0.26539,4.03E-06
0.26547,4.42E-06
0.26555,4.81E-06
0.26562,5.19E-06
0.2657,5.57E-06
0.26578,5.95E-06
0.26586,6.32E-06
0.26594,6.70E-06
0.26602,7.07E-06
0.26609,7.44E-06
0.26617,7.80E-06
0.26625,8.17E-06
0.26633,8.53E-06
0.26641,8.89E-06
0.26648,9.25E-06
0.26656,9.60E-06
0.26664,9.95E-06
0.26672,1.03E-05
0.2668,1.06E-05
0.26687,1.10E-05
0.26695,1.13E-05
0.26703,1.17E-05
0.26711,1.20E-05
0.26719,1.23E-05
0.26727,1.27E-05
0.26734,1.30E-05
0.26742,1.33E-05
0.2675,1.36E-05
0.26758,1.40E-05
0.26766,1.43E-05
0.26773,1.46E-05
0.26781,1.49E-05
0.26789,1.52E-05
0.26797,1.55E-05
0.26805,1.58E-05
0.26813,1.61E-05
0.2682,1.64E-05
0.26828,1.67E-05
0.26836,1.70E-05
0.26844,1.72E-05
0.26852,1.75E-05
0.26859,1.78E-05
0.26867,1.81E-05
0.26875,1.83E-05
0.26883,1.86E-05
0.26891,1.89E-05
0.26898,1.91E-05
0.26906,1.94E-05
0.26914,1.96E-05
0.26922,1.99E-05
0.2693,2.01E-05
0.26937,2.04E-05
0.26945,2.06E-05
0.26953,2.08E-05
0.26961,2.11E-05
0.26969,2.13E-05
0.26977,2.15E-05
0.26984,2.17E-05
0.26992,2.19E-05
0.27,2.21E-05
0.27008,2.24E-05
0.27016,2.26E-05
0.27023,2.28E-05
0.27031,2.30E-05
0.27039,2.31E-05
0.27047,2.33E-05
0.27055,2.35E-05
0.27063,2.37E-05
0.2707,2.39E-05
0.27078,2.40E-05
0.27086,2.42E-05
0.27094,2.44E-05
0.27102,2.45E-05
0.27109,2.47E-05
0.27117,2.48E-05
0.27125,2.50E-05
0.27133,2.51E-05
0.27141,2.53E-05
0.27148,2.54E-05
0.27156,2.55E-05
0.27164,2.57E-05
0.27172,2.58E-05
0.2718,2.59E-05
0.27187,2.60E-05
0.27195,2.61E-05
0.27203,2.63E-05
0.27211,2.64E-05
0.27219,2.65E-05
0.27227,2.66E-05
0.27234,2.66E-05
0.27242,2.67E-05
0.2725,2.68E-05
0.27258,2.69E-05
0.27266,2.70E-05
0.27273,2.70E-05
0.27281,2.71E-05
0.27289,2.72E-05
0.27297,2.72E-05
0.27305,2.73E-05
0.27313,2.73E-05
0.2732,2.74E-05
0.27328,2.74E-05
0.27336,2.75E-05
0.27344,2.75E-05
0.27352,2.75E-05
0.27359,2.75E-05
0.27367,2.76E-05
0.27375,2.76E-05
0.27383,2.76E-05
0.27391,2.76E-05
0.27398,2.76E-05
0.27406,2.76E-05
0.27414,2.76E-05
0.27422,2.76E-05
0.2743,2.76E-05
0.27437,2.76E-05
0.27445,2.76E-05
0.27453,2.75E-05
0.27461,2.75E-05
0.27469,2.75E-05
0.27477,2.74E-05
0.27484,2.74E-05
0.27492,2.74E-05
0.275,2.73E-05
0.27508,2.73E-05
0.27516,2.72E-05
0.27523,2.71E-05
0.27531,2.71E-05
0.27539,2.70E-05
0.27547,2.69E-05
0.27555,2.69E-05
0.27563,2.68E-05
0.2757,2.67E-05
0.27578,2.66E-05
0.27586,2.65E-05
0.27594,2.64E-05
0.27602,2.63E-05
0.27609,2.62E-05
0.27617,2.61E-05
0.27625,2.60E-05
0.27633,2.59E-05
0.27641,2.58E-05
0.27648,2.56E-05
0.27656,2.55E-05
0.27664,2.54E-05
0.27672,2.53E-05
0.2768,2.51E-05
0.27687,2.50E-05
0.27695,2.48E-05
0.27703,2.47E-05
0.27711,2.45E-05
0.27719,2.44E-05
0.27727,2.42E-05
0.27734,2.41E-05
0.27742,2.39E-05
0.2775,2.37E-05
0.27758,2.36E-05
0.27766,2.34E-05
0.27773,2.32E-05
0.27781,2.30E-05
0.27789,2.28E-05
0.27797,2.26E-05
0.27805,2.24E-05
0.27813,2.22E-05
0.2782,2.21E-05
0.27828,2.18E-05
0.27836,2.16E-05
0.27844,2.14E-05
0.27852,2.12E-05
0.27859,2.10E-05
0.27867,2.08E-05
0.27875,2.06E-05
0.27883,2.03E-05
0.27891,2.01E-05
0.27898,1.99E-05
0.27906,1.96E-05
0.27914,1.94E-05
0.27922,1.92E-05
0.2793,1.89E-05
0.27937,1.87E-05
0.27945,1.84E-05
0.27953,1.82E-05
0.27961,1.79E-05
0.27969,1.77E-05
0.27977,1.74E-05
0.27984,1.71E-05
0.27992,1.69E-05
0.28,1.66E-05
0.28008,1.63E-05
0.28016,1.61E-05
0.28023,1.58E-05
0.28031,1.55E-05
0.28039,1.52E-05
0.28047,1.50E-05
0.28055,1.47E-05
0.28063,1.44E-05
0.2807,1.41E-05
0.28078,1.38E-05
0.28086,1.35E-05
0.28094,1.32E-05
0.28102,1.29E-05
0.28109,1.26E-05
0.28117,1.23E-05
0.28125,1.20E-05
0.28133,1.17E-05
0.28141,1.14E-05
0.28148,1.11E-05
0.28156,1.08E-05
0.28164,1.05E-05
0.28172,1.01E-05
0.2818,9.82E-06
0.28187,9.50E-06
0.28195,9.17E-06
0.28203,8.85E-06
0.28211,8.53E-06
0.28219,8.20E-06
0.28227,7.87E-06
0.28234,7.54E-06
0.28242,7.21E-06
0.2825,6.88E-06
0.28258,6.54E-06
0.28266,6.20E-06
0.28273,5.87E-06
0.28281,5.53E-06
0.28289,5.19E-06
0.28297,4.84E-06
0.28305,4.50E-06
0.28313,4.16E-06
0.2832,3.81E-06
0.28328,3.47E-06
0.28336,3.12E-06
0.28344,2.77E-06
0.28352,2.42E-06
0.28359,2.07E-06
0.28367,1.72E-06
0.28375,1.37E-06
0.28383,1.02E-06
0.28391,6.61E-07
0.28398,3.06E-07
0.28406,-4.95E-08
0.28414,-4.05E-07
0.28422,-7.62E-07
0.2843,-1.12E-06
0.28437,-1.48E-06
0.28445,-1.84E-06
0.28453,-2.20E-06
0.28461,-2.56E-06
0.28469,-2.92E-06
0.28477,-3.28E-06
0.28484,-3.64E-06
0.28492,-4.00E-06
0.285,-4.36E-06
0.28508,-4.72E-06
0.28516,-5.08E-06
0.28523,-5.44E-06
0.28531,-5.80E-06
0.28539,-6.17E-06
0.28547,-6.53E-06
0.28555,-6.89E-06
0.28563,-7.25E-06
0.2857,-7.61E-06
0.28578,-7.97E-06
0.28586,-8.33E-06
0.28594,-8.69E-06
0.28602,-9.06E-06
0.28609,-9.41E-06
0.28617,-9.77E-06
0.28625,-1.01E-05
0.28633,-1.05E-05
0.28641,-1.09E-05
0.28648,-1.12E-05
0.28656,-1.16E-05
0.28664,-1.19E-05
0.28672,-1.23E-05
0.2868,-1.26E-05
0.28687,-1.30E-05
0.28695,-1.34E-05
0.28703,-1.37E-05
0.28711,-1.41E-05
0.28719,-1.44E-05
0.28727,-1.48E-05
0.28734,-1.51E-05
0.28742,-1.55E-05
0.2875,-1.58E-05
0.28758,-1.62E-05
0.28766,-1.65E-05
0.28773,-1.69E-05
0.28781,-1.72E-05
0.28789,-1.75E-05
0.28797,-1.79E-05
0.28805,-1.82E-05
0.28813,-1.86E-05
0.2882,-1.89E-05
0.28828,-1.92E-05
0.28836,-1.96E-05
0.28844,-1.99E-05
0.28852,-2.03E-05
0.28859,-2.06E-05
0.28867,-2.09E-05
0.28875,-2.12E-05
0.28883,-2.16E-05
0.28891,-2.19E-05
0.28898,-2.22E-05
0.28906,-2.26E-05
0.28914,-2.29E-05
0.28922,-2.32E-05
0.2893,-2.35E-05
0.28937,-2.38E-05
0.28945,-2.41E-05
0.28953,-2.45E-05
0.28961,-2.48E-05
0.28969,-2.51E-05
0.28977,-2.54E-05
0.28984,-2.57E-05
0.28992,-2.60E-05
0.29,-2.63E-05
0.29008,-2.66E-05
0.29016,-2.69E-05
0.29023,-2.72E-05
0.29031,-2.75E-05
0.29039,-2.78E-05
0.29047,-2.81E-05
0.29055,-2.83E-05
0.29063,-2.86E-05
0.2907,-2.89E-05
0.29078,-2.92E-05
0.29086,-2.95E-05
0.29094,-2.97E-05
0.29102,-3.00E-05
0.29109,-3.03E-05
0.29117,-3.06E-05
0.29125,-3.08E-05
0.29133,-3.11E-05
0.29141,-3.13E-05
0.29148,-3.16E-05
0.29156,-3.19E-05
0.29164,-3.21E-05
0.29172,-3.24E-05
0.2918,-3.26E-05
0.29187,-3.29E-05
0.29195,-3.31E-05
0.29203,-3.33E-05
0.29211,-3.36E-05
0.29219,-3.38E-05
0.29227,-3.40E-05
0.29234,-3.43E-05
0.29242,-3.45E-05
0.2925,-3.47E-05
0.29258,-3.49E-05
0.29266,-3.52E-05
0.29273,-3.54E-05
0.29281,-3.56E-05
0.29289,-3.58E-05
0.29297,-3.60E-05
0.29305,-3.62E-05
0.29313,-3.64E-05
0.2932,-3.66E-05
0.29328,-3.68E-05
0.29336,-3.70E-05
0.29344,-3.72E-05
0.29352,-3.74E-05
0.29359,-3.75E-05
0.29367,-3.77E-05
0.29375,-3.79E-05
0.29383,-3.81E-05
0.29391,-3.82E-05
0.29398,-3.84E-05
0.29406,-3.86E-05
0.29414,-3.87E-05
0.29422,-3.89E-05
0.2943,-3.90E-05
0.29437,-3.92E-05
0.29445,-3.93E-05
0.29453,-3.95E-05
0.29461,-3.96E-05
0.29469,-3.98E-05
0.29477,-3.99E-05
0.29484,-4.00E-05
0.29492,-4.02E-05
0.295,-4.03E-05
0.29508,-4.04E-05
0.29516,-4.05E-05
0.29523,-4.06E-05
0.29531,-4.08E-05
0.29539,-4.09E-05
0.29547,-4.10E-05
0.29555,-4.11E-05
0.29563,-4.12E-05
0.2957,-4.13E-05
0.29578,-4.14E-05
0.29586,-4.15E-05
0.29594,-4.15E-05
0.29602,-4.16E-05
0.29609,-4.17E-05
0.29617,-4.18E-05
0.29625,-4.19E-05
0.29633,-4.19E-05
0.29641,-4.20E-05
0.29648,-4.21E-05
0.29656,-4.21E-05
0.29664,-4.22E-05
0.29672,-4.22E-05
0.2968,-4.23E-05
0.29688,-4.23E-05
0.29695,-4.24E-05
0.29703,-4.24E-05
0.29711,-4.24E-05
0.29719,-4.25E-05
0.29727,-4.25E-05
0.29734,-4.25E-05
0.29742,-4.25E-05
0.2975,-4.26E-05
0.29758,-4.26E-05
0.29766,-4.26E-05
0.29773,-4.26E-05
0.29781,-4.26E-05
0.29789,-4.26E-05
0.29797,-4.26E-05
0.29805,-4.26E-05
0.29812,-4.26E-05
0.2982,-4.26E-05
0.29828,-4.26E-05
0.29836,-4.26E-05
0.29844,-4.25E-05
0.29852,-4.25E-05
0.29859,-4.25E-05
0.29867,-4.25E-05
0.29875,-4.24E-05
0.29883,-4.24E-05
0.29891,-4.23E-05
0.29898,-4.23E-05
0.29906,-4.23E-05
0.29914,-4.22E-05
0.29922,-4.22E-05
0.2993,-4.21E-05
0.29938,-4.20E-05
0.29945,-4.20E-05
0.29953,-4.19E-05
0.29961,-4.19E-05
0.29969,-4.18E-05
0.29977,-4.17E-05
0.29984,-4.16E-05
0.29992,-4.15E-05
0.3,-4.15E-05
0.30008,-4.14E-05
0.30016,-4.13E-05
0.30023,-4.12E-05
0.30031,-4.11E-05
0.30039,-4.10E-05
0.30047,-4.09E-05
0.30055,-4.08E-05
0.30062,-4.07E-05
0.3007,-4.06E-05
0.30078,-4.05E-05
0.30086,-4.03E-05
0.30094,-4.02E-05
0.30102,-4.01E-05
0.30109,-4.00E-05
0.30117,-3.99E-05
0.30125,-3.97E-05
0.30133,-3.96E-05
0.30141,-3.95E-05
0.30148,-3.93E-05
0.30156,-3.92E-05
0.30164,-3.90E-05
0.30172,-3.89E-05
0.3018,-3.87E-05
0.30188,-3.86E-05
0.30195,-3.84E-05
0.30203,-3.83E-05
0.30211,-3.81E-05
0.30219,-3.79E-05
0.30227,-3.78E-05
0.30234,-3.76E-05
0.30242,-3.74E-05
0.3025,-3.73E-05
0.30258,-3.71E-05
0.30266,-3.69E-05
0.30273,-3.67E-05
0.30281,-3.66E-05
0.30289,-3.64E-05
0.30297,-3.62E-05
0.30305,-3.60E-05
0.30312,-3.58E-05
0.3032,-3.56E-05
0.30328,-3.54E-05
0.30336,-3.52E-05
0.30344,-3.50E-05
0.30352,-3.48E-05
0.30359,-3.46E-05
0.30367,-3.44E-05
0.30375,-3.42E-05
0.30383,-3.40E-05
0.30391,-3.38E-05
0.30398,-3.36E-05
0.30406,-3.33E-05
0.30414,-3.31E-05
0.30422,-3.29E-05
0.3043,-3.27E-05
0.30438,-3.25E-05
0.30445,-3.22E-05
0.30453,-3.20E-05
0.30461,-3.18E-05
0.30469,-3.15E-05
0.30477,-3.13E-05
0.30484,-3.11E-05
0.30492,-3.08E-05
0.305,-3.06E-05
0.30508,-3.04E-05
0.30516,-3.01E-05
0.30523,-2.99E-05
0.30531,-2.96E-05
0.30539,-2.94E-05
0.30547,-2.91E-05
0.30555,-2.89E-05
0.30562,-2.87E-05
0.3057,-2.84E-05
0.30578,-2.81E-05
0.30586,-2.79E-05
0.30594,-2.76E-05
0.30602,-2.74E-05
0.30609,-2.71E-05
0.30617,-2.69E-05
0.30625,-2.66E-05
0.30633,-2.63E-05
0.30641,-2.61E-05
0.30648,-2.58E-05
0.30656,-2.56E-05
0.30664,-2.53E-05
0.30672,-2.50E-05
0.3068,-2.48E-05
0.30688,-2.45E-05
0.30695,-2.42E-05
0.30703,-2.40E-05
0.30711,-2.37E-05
0.30719,-2.34E-05
0.30727,-2.31E-05
0.30734,-2.29E-05
0.30742,-2.26E-05
0.3075,-2.23E-05
0.30758,-2.20E-05
0.30766,-2.18E-05
0.30773,-2.15E-05
0.30781,-2.12E-05
0.30789,-2.09E-05
0.30797,-2.07E-05
0.30805,-2.04E-05
0.30812,-2.01E-05
0.3082,-1.98E-05
0.30828,-1.95E-05
0.30836,-1.93E-05
0.30844,-1.90E-05
0.30852,-1.87E-05
0.30859,-1.84E-05
0.30867,-1.82E-05
0.30875,-1.79E-05
0.30883,-1.76E-05
0.30891,-1.73E-05
0.30898,-1.70E-05
0.30906,-1.68E-05
0.30914,-1.65E-05
0.30922,-1.62E-05
0.3093,-1.59E-05
0.30938,-1.56E-05
0.30945,-1.54E-05
0.30953,-1.51E-05
0.30961,-1.48E-05
0.30969,-1.45E-05
0.30977,-1.42E-05
0.30984,-1.40E-05
0.30992,-1.37E-05
0.31,-1.34E-05
0.31008,-1.31E-05
0.31016,-1.28E-05
0.31023,-1.26E-05
0.31031,-1.23E-05
0.31039,-1.20E-05
0.31047,-1.17E-05
0.31055,-1.15E-05
0.31062,-1.12E-05
0.3107,-1.09E-05
0.31078,-1.06E-05
0.31086,-1.04E-05
0.31094,-1.01E-05
0.31102,-9.84E-06
0.31109,-9.56E-06
0.31117,-9.30E-06
0.31125,-9.03E-06
0.31133,-8.76E-06
0.31141,-8.49E-06
0.31148,-8.23E-06
0.31156,-7.96E-06
0.31164,-7.70E-06
0.31172,-7.43E-06
0.3118,-7.17E-06
0.31188,-6.91E-06
0.31195,-6.65E-06
0.31203,-6.39E-06
0.31211,-6.13E-06
0.31219,-5.87E-06
0.31227,-5.62E-06
0.31234,-5.36E-06
0.31242,-5.11E-06
0.3125,-4.86E-06
0.31258,-4.61E-06
0.31266,-4.36E-06
0.31273,-4.11E-06
0.31281,-3.86E-06
0.31289,-3.62E-06
0.31297,-3.37E-06
0.31305,-3.13E-06
0.31312,-2.89E-06
0.3132,-2.65E-06
0.31328,-2.41E-06
0.31336,-2.18E-06
0.31344,-1.94E-06
0.31352,-1.71E-06
0.31359,-1.48E-06
0.31367,-1.25E-06
0.31375,-1.02E-06
0.31383,-7.90E-07
0.31391,-5.64E-07
0.31398,-3.39E-07
0.31406,-1.17E-07
0.31414,1.03E-07
0.31422,3.23E-07
0.3143,5.39E-07
0.31438,7.53E-07
0.31445,9.66E-07
0.31453,1.18E-06
0.31461,1.39E-06
0.31469,1.59E-06
0.31477,1.80E-06
0.31484,2.00E-06
0.31492,2.21E-06
0.315,2.41E-06
0.31508,2.60E-06
0.31516,2.80E-06
0.31523,3.00E-06
0.31531,3.19E-06
0.31539,3.38E-06
0.31547,3.56E-06
0.31555,3.75E-06
0.31562,3.93E-06
0.3157,4.11E-06
0.31578,4.29E-06
0.31586,4.47E-06
0.31594,4.65E-06
0.31602,4.82E-06
0.31609,4.99E-06
0.31617,5.16E-06
0.31625,5.33E-06
0.31633,5.49E-06
0.31641,5.65E-06
0.31648,5.81E-06
0.31656,5.97E-06
0.31664,6.12E-06
0.31672,6.28E-06
0.3168,6.43E-06
0.31688,6.58E-06
0.31695,6.72E-06
0.31703,6.86E-06
0.31711,7.01E-06
0.31719,7.15E-06
0.31727,7.28E-06
0.31734,7.42E-06
0.31742,7.55E-06
0.3175,7.68E-06
0.31758,7.80E-06
0.31766,7.93E-06
0.31773,8.05E-06
0.31781,8.17E-06
0.31789,8.29E-06
0.31797,8.40E-06
0.31805,8.52E-06
0.31812,8.63E-06
0.3182,8.73E-06
0.31828,8.84E-06
0.31836,8.94E-06
0.31844,9.04E-06
0.31852,9.14E-06
0.31859,9.23E-06
0.31867,9.32E-06
0.31875,9.41E-06
0.31883,9.50E-06
0.31891,9.59E-06
0.31898,9.67E-06
0.31906,9.75E-06
0.31914,9.83E-06
0.31922,9.90E-06
0.3193,9.97E-06
0.31938,1.00E-05
0.31945,1.01E-05
0.31953,1.02E-05
0.31961,1.02E-05
0.31969,1.03E-05
0.31977,1.04E-05
0.31984,1.04E-05
0.31992,1.05E-05
0.32,1.05E-05
0.32008,1.06E-05
0.32016,1.06E-05
0.32023,1.06E-05
0.32031,1.07E-05
0.32039,1.07E-05
0.32047,1.07E-05
0.32055,1.08E-05
0.32062,1.08E-05
0.3207,1.08E-05
0.32078,1.09E-05
0.32086,1.09E-05
0.32094,1.09E-05
0.32102,1.09E-05
0.32109,1.09E-05
0.32117,1.09E-05
0.32125,1.09E-05
0.32133,1.09E-05
0.32141,1.09E-05
0.32148,1.09E-05
0.32156,1.09E-05
0.32164,1.09E-05
0.32172,1.09E-05
0.3218,1.09E-05
0.32188,1.09E-05
0.32195,1.09E-05
0.32203,1.09E-05
0.32211,1.09E-05
0.32219,1.08E-05
0.32227,1.08E-05
0.32234,1.08E-05
0.32242,1.07E-05
0.3225,1.07E-05
0.32258,1.07E-05
0.32266,1.06E-05
0.32273,1.06E-05
0.32281,1.06E-05
0.32289,1.05E-05
0.32297,1.05E-05
0.32305,1.04E-05
0.32312,1.04E-05
0.3232,1.03E-05
0.32328,1.03E-05
0.32336,1.02E-05
0.32344,1.01E-05
0.32352,1.01E-05
0.32359,1.00E-05
0.32367,9.95E-06
0.32375,9.88E-06
0.32383,9.80E-06
0.32391,9.73E-06
0.32398,9.65E-06
0.32406,9.57E-06
0.32414,9.49E-06
0.32422,9.41E-06
0.3243,9.32E-06
0.32438,9.23E-06
0.32445,9.14E-06
0.32453,9.05E-06
0.32461,8.96E-06
0.32469,8.86E-06
0.32477,8.76E-06
0.32484,8.66E-06
0.32492,8.56E-06
0.325,8.45E-06
0.32508,8.34E-06
0.32516,8.23E-06
0.32523,8.12E-06
0.32531,8.01E-06
0.32539,7.89E-06
0.32547,7.78E-06
0.32555,7.66E-06
0.32562,7.54E-06
0.3257,7.41E-06
0.32578,7.29E-06
0.32586,7.16E-06
0.32594,7.03E-06
0.32602,6.90E-06
0.32609,6.77E-06
0.32617,6.63E-06
0.32625,6.49E-06
0.32633,6.36E-06
0.32641,6.22E-06
0.32648,6.07E-06
0.32656,5.93E-06
0.32664,5.79E-06
0.32672,5.64E-06
0.3268,5.49E-06
0.32688,5.34E-06
0.32695,5.19E-06
0.32703,5.03E-06
0.32711,4.88E-06
0.32719,4.72E-06
0.32727,4.56E-06
0.32734,4.40E-06
0.32742,4.24E-06
0.3275,4.08E-06
0.32758,3.92E-06
0.32766,3.75E-06
0.32773,3.58E-06
0.32781,3.41E-06
0.32789,3.24E-06
0.32797,3.07E-06
0.32805,2.90E-06
0.32812,2.72E-06
0.3282,2.55E-06
0.32828,2.37E-06
0.32836,2.19E-06
0.32844,2.01E-06
0.32852,1.83E-06
0.32859,1.65E-06
0.32867,1.47E-06
0.32875,1.28E-06
0.32883,1.10E-06
0.32891,9.09E-07
0.32898,7.22E-07
0.32906,5.34E-07
0.32914,3.44E-07
0.32922,1.54E-07
0.3293,-3.83E-08
0.32937,-2.32E-07
0.32945,-4.26E-07
0.32953,-6.22E-07
0.32961,-8.19E-07
0.32969,-1.02E-06
0.32977,-1.21E-06
0.32984,-1.41E-06
0.32992,-1.61E-06
0.33,-1.81E-06
0.33008,-2.01E-06
0.33016,-2.22E-06
0.33023,-2.42E-06
0.33031,-2.62E-06
0.33039,-2.82E-06
0.33047,-3.03E-06
0.33055,-3.23E-06
0.33063,-3.44E-06
0.3307,-3.64E-06
0.33078,-3.85E-06
0.33086,-4.06E-06
0.33094,-4.27E-06
0.33102,-4.47E-06
0.33109,-4.68E-06
0.33117,-4.89E-06
0.33125,-5.10E-06
0.33133,-5.31E-06
0.33141,-5.52E-06
0.33148,-5.73E-06
0.33156,-5.94E-06
0.33164,-6.16E-06
0.33172,-6.37E-06
0.3318,-6.58E-06
0.33187,-6.79E-06
0.33195,-7.01E-06
0.33203,-7.22E-06
0.33211,-7.43E-06
0.33219,-7.65E-06
0.33227,-7.86E-06
0.33234,-8.08E-06
0.33242,-8.29E-06
0.3325,-8.51E-06
0.33258,-8.72E-06
0.33266,-8.93E-06
0.33273,-9.15E-06
0.33281,-9.36E-06
0.33289,-9.57E-06
0.33297,-9.79E-06
0.33305,-1.00E-05
0.33313,-1.02E-05
0.3332,-1.04E-05
0.33328,-1.06E-05
0.33336,-1.09E-05
0.33344,-1.11E-05
0.33352,-1.13E-05
0.33359,-1.15E-05
0.33367,-1.17E-05
0.33375,-1.19E-05
0.33383,-1.21E-05
0.33391,-1.23E-05
0.33398,-1.26E-05
0.33406,-1.28E-05
0.33414,-1.30E-05
0.33422,-1.32E-05
0.3343,-1.34E-05
0.33437,-1.36E-05
0.33445,-1.38E-05
0.33453,-1.40E-05
0.33461,-1.42E-05
0.33469,-1.44E-05
0.33477,-1.46E-05
0.33484,-1.48E-05
0.33492,-1.50E-05
0.335,-1.53E-05
0.33508,-1.55E-05
0.33516,-1.57E-05
0.33523,-1.59E-05
0.33531,-1.61E-05
0.33539,-1.63E-05
0.33547,-1.65E-05
0.33555,-1.67E-05
0.33563,-1.69E-05
0.3357,-1.70E-05
0.33578,-1.72E-05
0.33586,-1.74E-05
0.33594,-1.76E-05
0.33602,-1.78E-05
0.33609,-1.80E-05
0.33617,-1.82E-05
0.33625,-1.84E-05
0.33633,-1.86E-05
0.33641,-1.88E-05
0.33648,-1.90E-05
0.33656,-1.91E-05
0.33664,-1.93E-05
0.33672,-1.95E-05
0.3368,-1.97E-05
0.33687,-1.99E-05
0.33695,-2.01E-05
0.33703,-2.02E-05
0.33711,-2.04E-05
0.33719,-2.06E-05
0.33727,-2.08E-05
0.33734,-2.09E-05
0.33742,-2.11E-05
0.3375,-2.13E-05
0.33758,-2.15E-05
0.33766,-2.16E-05
0.33773,-2.18E-05
0.33781,-2.20E-05
0.33789,-2.21E-05
0.33797,-2.23E-05
0.33805,-2.25E-05
0.33813,-2.26E-05
0.3382,-2.28E-05
0.33828,-2.29E-05
0.33836,-2.31E-05
0.33844,-2.32E-05
0.33852,-2.34E-05
0.33859,-2.36E-05
0.33867,-2.37E-05
0.33875,-2.39E-05
0.33883,-2.40E-05
0.33891,-2.42E-05
0.33898,-2.43E-05
0.33906,-2.44E-05
0.33914,-2.46E-05
0.33922,-2.47E-05
0.3393,-2.49E-05
0.33937,-2.50E-05
0.33945,-2.51E-05
0.33953,-2.53E-05
0.33961,-2.54E-05
0.33969,-2.55E-05
0.33977,-2.57E-05
0.33984,-2.58E-05
0.33992,-2.59E-05
0.34,-2.60E-05
0.34008,-2.61E-05
0.34016,-2.63E-05
0.34023,-2.64E-05
0.34031,-2.65E-05
0.34039,-2.66E-05
0.34047,-2.67E-05
0.34055,-2.68E-05
0.34063,-2.69E-05
0.3407,-2.71E-05
0.34078,-2.72E-05
0.34086,-2.73E-05
0.34094,-2.74E-05
0.34102,-2.75E-05
0.34109,-2.76E-05
0.34117,-2.77E-05
0.34125,-2.77E-05
0.34133,-2.78E-05
0.34141,-2.79E-05
0.34148,-2.80E-05
0.34156,-2.81E-05
0.34164,-2.82E-05
0.34172,-2.83E-05
0.3418,-2.84E-05
0.34187,-2.84E-05
0.34195,-2.85E-05
0.34203,-2.86E-05
0.34211,-2.87E-05
0.34219,-2.87E-05
0.34227,-2.88E-05
0.34234,-2.89E-05
0.34242,-2.89E-05
0.3425,-2.90E-05
0.34258,-2.90E-05
0.34266,-2.91E-05
0.34273,-2.92E-05
0.34281,-2.92E-05
0.34289,-2.93E-05
0.34297,-2.93E-05
0.34305,-2.94E-05
0.34313,-2.94E-05
0.3432,-2.95E-05
0.34328,-2.95E-05
0.34336,-2.95E-05
0.34344,-2.96E-05
0.34352,-2.96E-05
0.34359,-2.96E-05
0.34367,-2.97E-05
0.34375,-2.97E-05
0.34383,-2.97E-05
0.34391,-2.98E-05
0.34398,-2.98E-05
0.34406,-2.98E-05
0.34414,-2.98E-05
0.34422,-2.98E-05
0.3443,-2.99E-05
0.34437,-2.99E-05
0.34445,-2.99E-05
0.34453,-2.99E-05
0.34461,-2.99E-05
0.34469,-2.99E-05
0.34477,-2.99E-05
0.34484,-2.99E-05
0.34492,-2.99E-05
0.345,-2.99E-05
0.34508,-2.99E-05
0.34516,-2.99E-05
0.34523,-2.99E-05
0.34531,-2.99E-05
0.34539,-2.99E-05
0.34547,-2.99E-05
0.34555,-2.98E-05
0.34563,-2.98E-05
0.3457,-2.98E-05
0.34578,-2.98E-05
0.34586,-2.98E-05
0.34594,-2.97E-05
0.34602,-2.97E-05
0.34609,-2.97E-05
0.34617,-2.96E-05
0.34625,-2.96E-05
0.34633,-2.96E-05
0.34641,-2.95E-05
0.34648,-2.95E-05
0.34656,-2.95E-05
0.34664,-2.94E-05
0.34672,-2.94E-05
0.3468,-2.93E-05
0.34687,-2.93E-05
0.34695,-2.92E-05
0.34703,-2.92E-05
0.34711,-2.91E-05
0.34719,-2.91E-05
0.34727,-2.90E-05
0.34734,-2.89E-05
0.34742,-2.89E-05
0.3475,-2.88E-05
0.34758,-2.87E-05
0.34766,-2.87E-05
0.34773,-2.86E-05
0.34781,-2.85E-05
0.34789,-2.85E-05
0.34797,-2.84E-05
0.34805,-2.83E-05
0.34813,-2.82E-05
0.3482,-2.81E-05
0.34828,-2.81E-05
0.34836,-2.80E-05
0.34844,-2.79E-05
0.34852,-2.78E-05
0.34859,-2.77E-05
0.34867,-2.76E-05
0.34875,-2.75E-05
0.34883,-2.74E-05
0.34891,-2.73E-05
0.34898,-2.72E-05
0.34906,-2.71E-05
0.34914,-2.70E-05
0.34922,-2.69E-05
0.3493,-2.68E-05
0.34937,-2.67E-05
0.34945,-2.66E-05
0.34953,-2.65E-05
0.34961,-2.64E-05
0.34969,-2.63E-05
0.34977,-2.62E-05
0.34984,-2.61E-05
0.34992,-2.59E-05
0.35,-2.58E-05
0.35008,-2.57E-05
0.35016,-2.56E-05
0.35023,-2.55E-05
0.35031,-2.53E-05
0.35039,-2.52E-05
0.35047,-2.51E-05
0.35055,-2.50E-05
0.35063,-2.48E-05
0.3507,-2.47E-05
0.35078,-2.46E-05
0.35086,-2.44E-05
0.35094,-2.43E-05
0.35102,-2.42E-05
0.35109,-2.40E-05
0.35117,-2.39E-05
0.35125,-2.37E-05
0.35133,-2.36E-05
0.35141,-2.35E-05
0.35148,-2.33E-05
0.35156,-2.32E-05
0.35164,-2.30E-05
0.35172,-2.29E-05
0.3518,-2.27E-05
0.35187,-2.26E-05
0.35195,-2.24E-05
0.35203,-2.23E-05
0.35211,-2.21E-05
0.35219,-2.20E-05
0.35227,-2.18E-05
0.35234,-2.17E-05
0.35242,-2.15E-05
0.3525,-2.13E-05
0.35258,-2.12E-05
0.35266,-2.10E-05
0.35273,-2.09E-05
0.35281,-2.07E-05
0.35289,-2.05E-05
0.35297,-2.04E-05
0.35305,-2.02E-05
0.35313,-2.00E-05
0.3532,-1.99E-05
0.35328,-1.97E-05
0.35336,-1.95E-05
0.35344,-1.94E-05
0.35352,-1.92E-05
0.35359,-1.90E-05
0.35367,-1.89E-05
0.35375,-1.87E-05
0.35383,-1.85E-05
0.35391,-1.83E-05
0.35398,-1.82E-05
0.35406,-1.80E-05
0.35414,-1.78E-05
0.35422,-1.76E-05
0.3543,-1.75E-05
0.35437,-1.73E-05
0.35445,-1.71E-05
0.35453,-1.69E-05
0.35461,-1.68E-05
0.35469,-1.66E-05
0.35477,-1.64E-05
0.35484,-1.62E-05
0.35492,-1.60E-05
0.355,-1.59E-05
0.35508,-1.57E-05
0.35516,-1.55E-05
0.35523,-1.53E-05
0.35531,-1.51E-05
0.35539,-1.49E-05
0.35547,-1.48E-05
0.35555,-1.46E-05
0.35563,-1.44E-05
0.3557,-1.42E-05
0.35578,-1.40E-05
0.35586,-1.39E-05
0.35594,-1.37E-05
0.35602,-1.35E-05
0.35609,-1.33E-05
0.35617,-1.31E-05
0.35625,-1.29E-05
0.35633,-1.27E-05
0.35641,-1.26E-05
0.35648,-1.24E-05
0.35656,-1.22E-05
0.35664,-1.20E-05
0.35672,-1.18E-05
0.3568,-1.16E-05
0.35687,-1.14E-05
0.35695,-1.13E-05
0.35703,-1.11E-05
0.35711,-1.09E-05
0.35719,-1.07E-05
0.35727,-1.05E-05
0.35734,-1.03E-05
0.35742,-1.02E-05
0.3575,-9.97E-06
0.35758,-9.78E-06
0.35766,-9.60E-06
0.35773,-9.42E-06
0.35781,-9.23E-06
0.35789,-9.05E-06
0.35797,-8.87E-06
0.35805,-8.68E-06
0.35813,-8.50E-06
0.3582,-8.32E-06
0.35828,-8.14E-06
0.35836,-7.96E-06
0.35844,-7.78E-06
0.35852,-7.60E-06
0.35859,-7.42E-06
0.35867,-7.24E-06
0.35875,-7.06E-06
0.35883,-6.89E-06
0.35891,-6.71E-06
0.35898,-6.53E-06
0.35906,-6.36E-06
0.35914,-6.18E-06
0.35922,-6.01E-06
0.3593,-5.84E-06
0.35938,-5.66E-06
0.35945,-5.49E-06
0.35953,-5.32E-06
0.35961,-5.15E-06
0.35969,-4.98E-06
0.35977,-4.81E-06
0.35984,-4.64E-06
0.35992,-4.47E-06
0.36,-4.30E-06
0.36008,-4.14E-06
0.36016,-3.97E-06
0.36023,-3.81E-06
0.36031,-3.64E-06
0.36039,-3.48E-06
0.36047,-3.32E-06
0.36055,-3.15E-06
0.36062,-2.99E-06
0.3607,-2.83E-06
0.36078,-2.67E-06
0.36086,-2.51E-06
0.36094,-2.36E-06
0.36102,-2.20E-06
0.36109,-2.05E-06
0.36117,-1.89E-06
0.36125,-1.74E-06
0.36133,-1.59E-06
0.36141,-1.43E-06
0.36148,-1.28E-06
0.36156,-1.13E-06
0.36164,-9.84E-07
0.36172,-8.37E-07
0.3618,-6.91E-07
0.36188,-5.47E-07
0.36195,-4.03E-07
0.36203,-2.61E-07
0.36211,-1.20E-07
0.36219,1.89E-08
0.36227,1.57E-07
0.36234,2.94E-07
0.36242,4.30E-07
0.3625,5.65E-07
0.36258,6.98E-07
0.36266,8.30E-07
0.36273,9.62E-07
0.36281,1.09E-06
0.36289,1.22E-06
0.36297,1.35E-06
0.36305,1.47E-06
0.36312,1.60E-06
0.3632,1.72E-06
0.36328,1.85E-06
0.36336,1.97E-06
0.36344,2.09E-06
0.36352,2.20E-06
0.36359,2.32E-06
0.36367,2.43E-06
0.36375,2.55E-06
0.36383,2.66E-06
0.36391,2.77E-06
0.36398,2.88E-06
0.36406,2.98E-06
0.36414,3.09E-06
0.36422,3.20E-06
0.3643,3.30E-06
0.36438,3.40E-06
0.36445,3.50E-06
0.36453,3.60E-06
0.36461,3.70E-06
0.36469,3.80E-06
0.36477,3.89E-06
0.36484,3.98E-06
0.36492,4.08E-06
0.365,4.17E-06
0.36508,4.25E-06
0.36516,4.34E-06
0.36523,4.42E-06
0.36531,4.51E-06
0.36539,4.59E-06
0.36547,4.67E-06
0.36555,4.75E-06
0.36562,4.83E-06
0.3657,4.90E-06
0.36578,4.98E-06
0.36586,5.05E-06
0.36594,5.12E-06
0.36602,5.19E-06
0.36609,5.26E-06
0.36617,5.32E-06
0.36625,5.39E-06
0.36633,5.45E-06
0.36641,5.51E-06
0.36648,5.57E-06
0.36656,5.63E-06
0.36664,5.68E-06
0.36672,5.74E-06
0.3668,5.79E-06
0.36688,5.84E-06
0.36695,5.89E-06
0.36703,5.93E-06
0.36711,5.98E-06
0.36719,6.02E-06
0.36727,6.07E-06
0.36734,6.11E-06
0.36742,6.15E-06
0.3675,6.19E-06
0.36758,6.22E-06
0.36766,6.26E-06
0.36773,6.29E-06
0.36781,6.32E-06
0.36789,6.35E-06
0.36797,6.37E-06
0.36805,6.40E-06
0.36812,6.42E-06
0.3682,6.44E-06
0.36828,6.46E-06
0.36836,6.48E-06
0.36844,6.50E-06
0.36852,6.52E-06
0.36859,6.53E-06
0.36867,6.54E-06
0.36875,6.55E-06
0.36883,6.56E-06
0.36891,6.57E-06
0.36898,6.57E-06
0.36906,6.58E-06
0.36914,6.58E-06
0.36922,6.58E-06
0.3693,6.58E-06
0.36938,6.58E-06
0.36945,6.57E-06
0.36953,6.56E-06
0.36961,6.56E-06
0.36969,6.55E-06
0.36977,6.54E-06
0.36984,6.52E-06
0.36992,6.51E-06
0.37,6.50E-06
0.37008,6.48E-06
0.37016,6.46E-06
0.37023,6.44E-06
0.37031,6.41E-06
0.37039,6.39E-06
0.37047,6.36E-06
0.37055,6.33E-06
0.37062,6.31E-06
0.3707,6.27E-06
0.37078,6.24E-06
0.37086,6.21E-06
0.37094,6.17E-06
0.37102,6.14E-06
0.37109,6.10E-06
0.37117,6.06E-06
0.37125,6.02E-06
0.37133,5.97E-06
0.37141,5.93E-06
0.37148,5.88E-06
0.37156,5.83E-06
0.37164,5.78E-06
0.37172,5.74E-06
0.3718,5.68E-06
0.37188,5.63E-06
0.37195,5.58E-06
0.37203,5.52E-06
0.37211,5.46E-06
0.37219,5.40E-06
0.37227,5.34E-06
0.37234,5.28E-06
0.37242,5.22E-06
0.3725,5.15E-06
0.37258,5.09E-06
0.37266,5.02E-06
0.37273,4.95E-06
0.37281,4.88E-06
0.37289,4.81E-06
0.37297,4.73E-06
0.37305,4.66E-06
0.37312,4.58E-06
0.3732,4.51E-06
0.37328,4.43E-06
0.37336,4.35E-06
0.37344,4.27E-06
0.37352,4.19E-06
0.37359,4.10E-06
0.37367,4.02E-06
0.37375,3.93E-06
0.37383,3.85E-06
0.37391,3.76E-06
0.37398,3.67E-06
0.37406,3.58E-06
0.37414,3.48E-06
0.37422,3.39E-06
0.3743,3.30E-06
0.37438,3.20E-06
0.37445,3.10E-06
0.37453,3.01E-06
0.37461,2.91E-06
0.37469,2.81E-06
0.37477,2.71E-06
0.37484,2.60E-06
0.37492,2.50E-06
0.375,2.40E-06
0.37508,2.29E-06
0.37516,2.19E-06
0.37523,2.08E-06
0.37531,1.97E-06
0.37539,1.86E-06
0.37547,1.75E-06
0.37555,1.64E-06
0.37562,1.53E-06
0.3757,1.42E-06
0.37578,1.30E-06
0.37586,1.19E-06
0.37594,1.07E-06
0.37602,9.55E-07
0.37609,8.37E-07
0.37617,7.18E-07
0.37625,5.99E-07
0.37633,4.79E-07
0.37641,3.58E-07
0.37648,2.36E-07
0.37656,1.14E-07
0.37664,-8.72E-09
0.37672,-1.32E-07
0.3768,-2.57E-07
0.37688,-3.82E-07
0.37695,-5.07E-07
0.37703,-6.33E-07
0.37711,-7.60E-07
0.37719,-8.88E-07
0.37727,-1.02E-06
0.37734,-1.14E-06
0.37742,-1.27E-06
0.3775,-1.40E-06
0.37758,-1.53E-06
0.37766,-1.66E-06
0.37773,-1.79E-06
0.37781,-1.93E-06
0.37789,-2.06E-06
0.37797,-2.19E-06
0.37805,-2.33E-06
0.37812,-2.46E-06
0.3782,-2.59E-06
0.37828,-2.73E-06
0.37836,-2.86E-06
0.37844,-3.00E-06
0.37852,-3.14E-06
0.37859,-3.27E-06
0.37867,-3.41E-06
0.37875,-3.55E-06
0.37883,-3.69E-06
0.37891,-3.82E-06
0.37898,-3.96E-06
0.37906,-4.10E-06
0.37914,-4.24E-06
0.37922,-4.38E-06
0.3793,-4.52E-06
0.37938,-4.66E-06
0.37945,-4.80E-06
0.37953,-4.94E-06
0.37961,-5.08E-06
0.37969,-5.22E-06
0.37977,-5.36E-06
0.37984,-5.50E-06
0.37992,-5.64E-06
0.38,-5.78E-06
0.38008,-5.92E-06
0.38016,-6.06E-06
0.38023,-6.20E-06
0.38031,-6.34E-06
0.38039,-6.48E-06
0.38047,-6.62E-06
0.38055,-6.76E-06
0.38062,-6.90E-06
0.3807,-7.05E-06
0.38078,-7.19E-06
0.38086,-7.33E-06
0.38094,-7.47E-06
0.38102,-7.61E-06
0.38109,-7.75E-06
0.38117,-7.89E-06
0.38125,-8.03E-06
0.38133,-8.17E-06
0.38141,-8.30E-06
0.38148,-8.44E-06
0.38156,-8.58E-06
0.38164,-8.72E-06
0.38172,-8.86E-06
0.3818,-8.99E-06
0.38188,-9.13E-06
0.38195,-9.27E-06
0.38203,-9.41E-06
0.38211,-9.54E-06
0.38219,-9.68E-06
0.38227,-9.82E-06
0.38234,-9.95E-06
0.38242,-1.01E-05
0.3825,-1.02E-05
0.38258,-1.04E-05
0.38266,-1.05E-05
0.38273,-1.06E-05
0.38281,-1.08E-05
0.38289,-1.09E-05
0.38297,-1.10E-05
0.38305,-1.12E-05
0.38312,-1.13E-05
0.3832,-1.14E-05
0.38328,-1.15E-05
0.38336,-1.17E-05
0.38344,-1.18E-05
0.38352,-1.19E-05
0.38359,-1.21E-05
0.38367,-1.22E-05
0.38375,-1.23E-05
0.38383,-1.24E-05
0.38391,-1.26E-05
0.38398,-1.27E-05
0.38406,-1.28E-05
0.38414,-1.29E-05
0.38422,-1.31E-05
0.3843,-1.32E-05
0.38438,-1.33E-05
0.38445,-1.34E-05
0.38453,-1.35E-05
0.38461,-1.37E-05
0.38469,-1.38E-05
0.38477,-1.39E-05
0.38484,-1.40E-05
0.38492,-1.41E-05
0.385,-1.42E-05
0.38508,-1.44E-05
0.38516,-1.45E-05
0.38523,-1.46E-05
0.38531,-1.47E-05
0.38539,-1.48E-05
0.38547,-1.49E-05
0.38555,-1.50E-05
0.38562,-1.51E-05
0.3857,-1.52E-05
0.38578,-1.53E-05
0.38586,-1.54E-05
0.38594,-1.56E-05
0.38602,-1.57E-05
0.38609,-1.58E-05
0.38617,-1.59E-05
0.38625,-1.60E-05
0.38633,-1.61E-05
0.38641,-1.62E-05
0.38648,-1.63E-05
0.38656,-1.64E-05
0.38664,-1.64E-05
0.38672,-1.65E-05
0.3868,-1.66E-05
0.38688,-1.67E-05
0.38695,-1.68E-05
0.38703,-1.69E-05
0.38711,-1.70E-05
0.38719,-1.71E-05
0.38727,-1.72E-05
0.38734,-1.73E-05
0.38742,-1.73E-05
0.3875,-1.74E-05
0.38758,-1.75E-05
0.38766,-1.76E-05
0.38773,-1.77E-05
0.38781,-1.77E-05
0.38789,-1.78E-05
0.38797,-1.79E-05
0.38805,-1.80E-05
0.38812,-1.80E-05
0.3882,-1.81E-05
0.38828,-1.82E-05
0.38836,-1.83E-05
0.38844,-1.83E-05
0.38852,-1.84E-05
0.38859,-1.85E-05
0.38867,-1.85E-05
0.38875,-1.86E-05
0.38883,-1.87E-05
0.38891,-1.87E-05
0.38898,-1.88E-05
0.38906,-1.88E-05
0.38914,-1.89E-05
0.38922,-1.90E-05
0.3893,-1.90E-05
0.38938,-1.91E-05
0.38945,-1.91E-05
0.38953,-1.92E-05
0.38961,-1.92E-05
0.38969,-1.93E-05
0.38977,-1.93E-05
0.38984,-1.94E-05
0.38992,-1.94E-05
0.39,-1.95E-05
0.39008,-1.95E-05
0.39016,-1.96E-05
0.39023,-1.96E-05
0.39031,-1.96E-05
0.39039,-1.97E-05
0.39047,-1.97E-05
0.39055,-1.97E-05
0.39062,-1.98E-05
0.3907,-1.98E-05
0.39078,-1.98E-05
0.39086,-1.99E-05
0.39094,-1.99E-05
0.39102,-1.99E-05
0.39109,-2.00E-05
0.39117,-2.00E-05
0.39125,-2.00E-05
0.39133,-2.00E-05
0.39141,-2.01E-05
0.39148,-2.01E-05
0.39156,-2.01E-05
0.39164,-2.01E-05
0.39172,-2.01E-05
0.3918,-2.02E-05
0.39187,-2.02E-05
0.39195,-2.02E-05
0.39203,-2.02E-05
0.39211,-2.02E-05
0.39219,-2.02E-05
0.39227,-2.02E-05
0.39234,-2.02E-05
0.39242,-2.02E-05
0.3925,-2.02E-05
0.39258,-2.02E-05
0.39266,-2.02E-05
0.39273,-2.02E-05
0.39281,-2.02E-05
0.39289,-2.02E-05
0.39297,-2.02E-05
0.39305,-2.02E-05
0.39313,-2.02E-05
0.3932,-2.02E-05
0.39328,-2.02E-05
0.39336,-2.02E-05
0.39344,-2.02E-05
0.39352,-2.02E-05
0.39359,-2.02E-05
0.39367,-2.01E-05
0.39375,-2.01E-05
0.39383,-2.01E-05
0.39391,-2.01E-05
0.39398,-2.01E-05
0.39406,-2.01E-05
0.39414,-2.00E-05
0.39422,-2.00E-05
0.3943,-2.00E-05
0.39437,-2.00E-05
0.39445,-1.99E-05
0.39453,-1.99E-05
0.39461,-1.99E-05
0.39469,-1.98E-05
0.39477,-1.98E-05
0.39484,-1.98E-05
0.39492,-1.98E-05
0.395,-1.97E-05
0.39508,-1.97E-05
0.39516,-1.97E-05
0.39523,-1.96E-05
0.39531,-1.96E-05
0.39539,-1.95E-05
0.39547,-1.95E-05
0.39555,-1.95E-05
0.39563,-1.94E-05
0.3957,-1.94E-05
0.39578,-1.93E-05
0.39586,-1.93E-05
0.39594,-1.92E-05
0.39602,-1.92E-05
0.39609,-1.91E-05
0.39617,-1.91E-05
0.39625,-1.90E-05
0.39633,-1.90E-05
0.39641,-1.89E-05
0.39648,-1.89E-05
0.39656,-1.88E-05
0.39664,-1.88E-05
0.39672,-1.87E-05
0.3968,-1.86E-05
0.39687,-1.86E-05
0.39695,-1.85E-05
0.39703,-1.85E-05
0.39711,-1.84E-05
0.39719,-1.83E-05
0.39727,-1.83E-05
0.39734,-1.82E-05
0.39742,-1.81E-05
0.3975,-1.81E-05
0.39758,-1.80E-05
0.39766,-1.79E-05
0.39773,-1.79E-05
0.39781,-1.78E-05
0.39789,-1.77E-05
0.39797,-1.77E-05
0.39805,-1.76E-05
0.39813,-1.75E-05
0.3982,-1.74E-05
0.39828,-1.74E-05
0.39836,-1.73E-05
0.39844,-1.72E-05
0.39852,-1.71E-05
0.39859,-1.71E-05
0.39867,-1.70E-05
0.39875,-1.69E-05
0.39883,-1.68E-05
0.39891,-1.68E-05
0.39898,-1.67E-05
0.39906,-1.66E-05
0.39914,-1.65E-05
0.39922,-1.64E-05
0.3993,-1.63E-05
0.39937,-1.63E-05
0.39945,-1.62E-05
0.39953,-1.61E-05
0.39961,-1.60E-05
0.39969,-1.59E-05
0.39977,-1.58E-05
0.39984,-1.57E-05
0.39992,-1.57E-05
0.4,-1.56E-05
